image_id,source_identity,source_dataset,source_id,site_id,camera_id,timestamp,group_id,polarity,split,image_path,label_path,cohort,source_sha256,decoded_sha256,phash,annotation_count,classes_present,review_status,task_id
open-images-test-001efdd4bdffbfc7,open_images:test:001efdd4bdffbfc7,open_images,001efdd4bdffbfc7,,,,duplicate-b37a0c4037eb6cae9651,positive,train,images/train/open-images-test-001efdd4bdffbfc7.jpg,labels/train/open-images-test-001efdd4bdffbfc7.txt,public_v2,597a37269da6063be33e33a42ba32571c3b5f0f912478d198bf4227c0081e548,c6f86c63935fa579ef643decb15c4a7828e931dfbdd2bcc1dff0469c864eae0d,959f7a6885951a6a,1,car,source_verified,
open-images-test-002200be72145198,open_images:test:002200be72145198,open_images,002200be72145198,,,,duplicate-a0bb9f4ee6f31a79978e,positive,val,images/val/open-images-test-002200be72145198.jpg,labels/val/open-images-test-002200be72145198.txt,public_v2,13d86f9ffeba8d4f269496be83b6f596c0c385e7969ae092828f4e0779c27d0f,29b8c64ab87f83be24bd5d9f6c6deefea7be8a40c8afc15896cc9cea163055e2,bc3efe9cdc848301,25,person,source_verified,
open-images-test-00835f0fbe950715,open_images:test:00835f0fbe950715,open_images,00835f0fbe950715,,,,duplicate-70d53f99f308c176da7e,positive,train,images/train/open-images-test-00835f0fbe950715.jpg,labels/train/open-images-test-00835f0fbe950715.txt,public_v2,a8e674b78bcb8c814f0d128c3787332f149d31ff89e14ee0fea6474801a77786,9325116b2d6f412ca62d2ca0cca12d35f7eace03e864a0472394a510e8018eed,a480c7c6999b79e6,3,person,source_verified,
open-images-test-00f4d10c0878338b,open_images:test:00f4d10c0878338b,open_images,00f4d10c0878338b,,,,duplicate-ac33960f6d7cea25224e,positive,train,images/train/open-images-test-00f4d10c0878338b.jpg,labels/train/open-images-test-00f4d10c0878338b.txt,public_v2,5868fb79a3ca1e7614120c465b11c3327cea4358cc8b785f8bd714919f4c9334,db775a60510283ec0eee9308e58a6620528f4fbdb87c6b783688b3a09f2b5a97,c490ff4f0064bfd2,3,person,source_verified,
open-images-test-014ed3708b01f8d2,open_images:test:014ed3708b01f8d2,open_images,014ed3708b01f8d2,,,,duplicate-5750d18e7ec4f03bb888,positive,val,images/val/open-images-test-014ed3708b01f8d2.jpg,labels/val/open-images-test-014ed3708b01f8d2.txt,public_v2,cdaa78e134a30a467fa2bb0d8d9aa844da7fa7eacc2f82443661a367c9655042,6b3ff09f9aa7aecd362e9228acebd60b3f92e26a28f741c2da4142ea297c4405,c5d4107afa718a3b,1,person,source_verified,
open-images-test-0181113141f69df7,open_images:test:0181113141f69df7,open_images,0181113141f69df7,,,,duplicate-59e3818fa1ea327e518a,positive,train,images/train/open-images-test-0181113141f69df7.jpg,labels/train/open-images-test-0181113141f69df7.txt,public_v2,0afbb6dbe0dcef3f30cab0312978d7634a3131fe46508c91fb9a2ba02648cb7c,163365634421e583291ced1e4bad51a4cfe059fd4c0951403770cc675ac5e3b5,c592e8fa3d46c526,3,person,source_verified,
open-images-test-01e95e88e8e2ace2,open_images:test:01e95e88e8e2ace2,open_images,01e95e88e8e2ace2,,,,duplicate-777a0b2f48ba29d93a59,positive,train,images/train/open-images-test-01e95e88e8e2ace2.jpg,labels/train/open-images-test-01e95e88e8e2ace2.txt,public_v2,483aa5032b3e7462eda950a487c0f409a185740863a95717a1526db32558469a,89896d7cae6616f4bc075d9af0ac6e1e68b2d8c10a82ad08b1d3cced28b29e12,96b6ad6748484d5b,14,person,source_verified,
open-images-test-0223302c6dda41c2,open_images:test:0223302c6dda41c2,open_images,0223302c6dda41c2,,,,duplicate-7dd2909000251303cd5d,positive,train,images/train/open-images-test-0223302c6dda41c2.jpg,labels/train/open-images-test-0223302c6dda41c2.txt,public_v2,d93824eca0a1d27b4dceef58f92e9dda7d562049e6f7a04272a0ef182e06adb9,fd11dda3df685de9e3608c35ac05aaeb46420a7a1ad5e1caef8870299adedb98,9dc2e696c8999536,4,bus;person,source_verified,
open-images-test-02c41bf9d19fbae4,open_images:test:02c41bf9d19fbae4,open_images,02c41bf9d19fbae4,,,,duplicate-41bd3fec4773b25cd9fd,positive,train,images/train/open-images-test-02c41bf9d19fbae4.jpg,labels/train/open-images-test-02c41bf9d19fbae4.txt,public_v2,75eaa12a08b1d5dc57045bee037cc8e7eb6b4f004fca600ce0767de42b32ec0d,f57e08e28fe535837d23cdab758c57dc0011cc4eb38ac64fb93af7374ba2d30e,ab11ed4b868d195e,2,motorcycle;person,complete,
open-images-test-02fe6fa20e531d67,open_images:test:02fe6fa20e531d67,open_images,02fe6fa20e531d67,,,,duplicate-833ee59057b89b5d956b,positive,train,images/train/open-images-test-02fe6fa20e531d67.jpg,labels/train/open-images-test-02fe6fa20e531d67.txt,public_v2,6393c7ac546fb467ee3d9fc1ca08ffb9f568a1e26528d452803cd05827a8c3d5,b2fddfdf3943f8e5a18f09032b900b61e2ee2bd10f256ff77afcfa3d46509901,c57d1d3f260c3925,1,car,source_verified,
open-images-test-03092ceeef16cb24,open_images:test:03092ceeef16cb24,open_images,03092ceeef16cb24,,,,duplicate-252191376e97099da78c,positive,train,images/train/open-images-test-03092ceeef16cb24.jpg,labels/train/open-images-test-03092ceeef16cb24.txt,public_v2,e753f199ab58efc9dbf76087751ebe39f1f5ec84f412f474407d9d0d54976a53,129ffa51aa0ef8d728ee11104226f611c9205db81b52df4b8749417c419f839e,ff71d0bf71e00260,3,car;truck,source_verified,
open-images-test-033377a3132d26e9,open_images:test:033377a3132d26e9,open_images,033377a3132d26e9,,,,duplicate-47734a770dfee03e7a70,positive,train,images/train/open-images-test-033377a3132d26e9.jpg,labels/train/open-images-test-033377a3132d26e9.txt,public_v2,d273fc2407d86000c5f09627fd51fb7ea1d02b0f0d09e24e05e0a1736cb7a224,e48417c3c59a14bdbd051a9a5b3d241182dd7316caa4cd5faf567f8a4ac6021e,c50b299dda28bb3c,7,person,source_verified,
open-images-test-03d80a6b7334ee7b,open_images:test:03d80a6b7334ee7b,open_images,03d80a6b7334ee7b,,,,duplicate-a89c4ab3068a4a4ab7a2,positive,train,images/train/open-images-test-03d80a6b7334ee7b.jpg,labels/train/open-images-test-03d80a6b7334ee7b.txt,public_v2,6c01b0853f060626dffcb87f88310ae3d4d5dd7e4ba1425e06e20737074bc1ef,53604a659d1177e2e640aa20c315e473f3e086c903726636d4a85fb8619fae3d,ae16e519e5979823,1,motorcycle,complete,
open-images-test-03dc14885fc31cb2,open_images:test:03dc14885fc31cb2,open_images,03dc14885fc31cb2,,,,duplicate-ff482f6063a69d5f2da7,positive,train,images/train/open-images-test-03dc14885fc31cb2.jpg,labels/train/open-images-test-03dc14885fc31cb2.txt,public_v2,f6bd63dca477e7eb13abfa96542ab46ca71723d3001acdcbf6dbbd8cb7bab03c,ae6ddebdb6a297fdd9172edabcdb19b88ff0cf501a9892c9564e24c0414ba74e,a48356491939ffb2,1,bicycle,complete,
open-images-test-03e288996840786f,open_images:test:03e288996840786f,open_images,03e288996840786f,,,,duplicate-89c9db5e3d1aed0edf68,positive,train,images/train/open-images-test-03e288996840786f.jpg,labels/train/open-images-test-03e288996840786f.txt,public_v2,db55b144d1bb7f89f4ac915d536cd9e9b72ba0b6bd989848a7ba8145278df9a2,faecdb7e2ffb0f876c538e5cfdad54a90654a324adf50803cf7050868cd55a09,ec3791481d8767b2,1,car,source_verified,
open-images-test-03f59a39b2fac8bb,open_images:test:03f59a39b2fac8bb,open_images,03f59a39b2fac8bb,,,,duplicate-3d9d2d429edee2bb3f27,positive,train,images/train/open-images-test-03f59a39b2fac8bb.jpg,labels/train/open-images-test-03f59a39b2fac8bb.txt,public_v2,2c3be1c18945defb6195fe4a1122471271407cad53b629af81a678af1fba0b6d,c577ac3a29a874d8c04a095fcd5e7df419ba392e3d2020aacea4bd05a7223bdb,d825f703b1538c5b,1,person,source_verified,
open-images-test-040d22e91306e905,open_images:test:040d22e91306e905,open_images,040d22e91306e905,,,,duplicate-24704ddb50b30c4d38f6,positive,train,images/train/open-images-test-040d22e91306e905.jpg,labels/train/open-images-test-040d22e91306e905.txt,public_v2,a8c4cdc0f42b1857d34bd93b3f60fa1d4677b34f75132ab315cc740fbd5f993d,327d1ecdb51a56780ff28a0ae30a42d332caf4227e71b0459597c50a4e8500ec,97963ab1e59aa0a9,1,car,source_verified,
open-images-test-046fb4c2c6886095,open_images:test:046fb4c2c6886095,open_images,046fb4c2c6886095,,,,duplicate-151920b35f4778487f68,positive,train,images/train/open-images-test-046fb4c2c6886095.jpg,labels/train/open-images-test-046fb4c2c6886095.txt,public_v2,daf03c15e9146f3562fe78d0f60733988591a4e540074359fa0e54eb35ce5186,12507017d723f9b035ef362bd20229f45dc04a333702d366731328866dac1ace,e91196e8d2e45d2e,1,person,source_verified,
open-images-test-051df4cae715fc09,open_images:test:051df4cae715fc09,open_images,051df4cae715fc09,,,,duplicate-5d1f3d4f42e7fe9cb246,positive,train,images/train/open-images-test-051df4cae715fc09.jpg,labels/train/open-images-test-051df4cae715fc09.txt,public_v2,8ddb1919e7412d2b0b1fe5462761955dde2912aee5d10cdcb3ed03cc54c5df38,baa2393d67f028ea9b61e7e772d5ce3cc86c3a5a24531f4d6ab074321f2f633f,fbe8807d2535c9a4,1,car,source_verified,
open-images-test-054566c63a073074,open_images:test:054566c63a073074,open_images,054566c63a073074,,,,duplicate-d151dafb8ebce12c605e,positive,train,images/train/open-images-test-054566c63a073074.jpg,labels/train/open-images-test-054566c63a073074.txt,public_v2,9bd5cb8c9aa4e9c07de91685d3a4495fd284f06141056056ecfe979d1ed59021,740fdfe502b1d1968620ca1ed0ac1e164c89a7201fa92f9d0e1668bc353836af,8919b6467c2bc3b6,3,bus;car;person,source_verified,
open-images-test-0564ccd458714fb5,open_images:test:0564ccd458714fb5,open_images,0564ccd458714fb5,,,,duplicate-f28c7f71572cfbbfa766,positive,train,images/train/open-images-test-0564ccd458714fb5.jpg,labels/train/open-images-test-0564ccd458714fb5.txt,public_v2,fc589864a541aa7681be0f22859d0393d90bd751d5599e72421205936ca3a9e9,e0e1fe9130975aadf418b9d93dc10fbe42ba48ccc8b6c2c1d6fc25c9c7c4475e,ce7dffaa8184c106,1,car,source_verified,
open-images-test-0584d798831cb140,open_images:test:0584d798831cb140,open_images,0584d798831cb140,,,,duplicate-6841bf2a64554d906343,positive,train,images/train/open-images-test-0584d798831cb140.jpg,labels/train/open-images-test-0584d798831cb140.txt,public_v2,8bb1cb29d473d3f4651a2687fd31c9e2d9cf368614cd3fa1c8f31dee82bcfb42,f1eda4a9deadb93dd6e287fc3c8b45e5acd28ad9611fa76dc67ed9a05eaee92b,ebe3951c1ed0612b,2,car;truck,source_verified,
open-images-test-063568b8ff6f8caa,open_images:test:063568b8ff6f8caa,open_images,063568b8ff6f8caa,,,,duplicate-9066d61b25067fcdf30e,positive,train,images/train/open-images-test-063568b8ff6f8caa.jpg,labels/train/open-images-test-063568b8ff6f8caa.txt,public_v2,20bf482e616fe4d87cb7004234f94492c8ed2ea84d60929fcba3cf5f2b77ffaf,fe1e85ee4d4c42f2b36adb6202e96e3e1668136a1b1159ea772d2f2d46731669,cbab2626ca3334d9,1,car,source_verified,
open-images-test-064832320a7ff7e5,open_images:test:064832320a7ff7e5,open_images,064832320a7ff7e5,,,,duplicate-39d80ef202558e114089,positive,train,images/train/open-images-test-064832320a7ff7e5.jpg,labels/train/open-images-test-064832320a7ff7e5.txt,public_v2,7d69f74ace4a32723011888c193ce3fe7c7c99efc94cb14dac6a793ea7c5c179,f299ebe7858b3f896de83f355c8bc30bacc45b0057189259c3483e6593a4e8cd,c188e06b9c73d739,1,truck,complete,
open-images-test-06a7e15f0bde2a2e,open_images:test:06a7e15f0bde2a2e,open_images,06a7e15f0bde2a2e,,,,duplicate-ba4ddb176045e93eaaa6,positive,train,images/train/open-images-test-06a7e15f0bde2a2e.jpg,labels/train/open-images-test-06a7e15f0bde2a2e.txt,public_v2,fd51d3533b692d03d129563a206448d52c033d87363befc87692a7e0f7a81472,21d5b204a168a0389c70a7d1a51bf06ffa612ca85426a0f345c70d1513c747a0,f3330ccd5324a373,2,person,source_verified,
open-images-test-0773e6e53ed0c9a2,open_images:test:0773e6e53ed0c9a2,open_images,0773e6e53ed0c9a2,,,,duplicate-05fdb6afe313afbd22d5,positive,train,images/train/open-images-test-0773e6e53ed0c9a2.jpg,labels/train/open-images-test-0773e6e53ed0c9a2.txt,public_v2,dd4d9ca590987f9fd93c34535bc69e3a30e2c25d4d7d195b36d5b5a6a9da3459,13c4322e9865e4ee062d82f40c7e4cc7d67da6cb0d993d59136467ef2d9cbcd0,cc44ecedd95b1c09,1,car,source_verified,
open-images-test-0815c84abc90de72,open_images:test:0815c84abc90de72,open_images,0815c84abc90de72,,,,duplicate-f3a2ec27412e156d97e7,positive,train,images/train/open-images-test-0815c84abc90de72.jpg,labels/train/open-images-test-0815c84abc90de72.txt,public_v2,9a296eb56e5fcfeedcbff32e467819fbbe259f536ec0dee2da74a8346db20e67,11c4e8b6e7dc178a2f97edfb6c9323e076e1b61e8a81f203dcc4565c16fbbe29,dfc7a29080515f4f,9,person,source_verified,
open-images-test-08360cb5ad873a7d,open_images:test:08360cb5ad873a7d,open_images,08360cb5ad873a7d,,,,duplicate-07472924eaf3be53163c,positive,train,images/train/open-images-test-08360cb5ad873a7d.jpg,labels/train/open-images-test-08360cb5ad873a7d.txt,public_v2,de2caf924e0fc481e0dc38eb1e9e5e6e92178a540f6aa82209480b90bbc55c9e,596172d6c01cb74c764c174322690e1e157204886b053ac677512e85972df644,c36b8e7e3434c383,2,bicycle;person,source_verified,
open-images-test-087c44da858b47da,open_images:test:087c44da858b47da,open_images,087c44da858b47da,,,,duplicate-480e5595fad969f8bb39,positive,train,images/train/open-images-test-087c44da858b47da.jpg,labels/train/open-images-test-087c44da858b47da.txt,public_v2,d9a0c65b9e499efccc573ab56d3b7e9c2d6ab42175295b7f62e50ca0cd3c1ffc,97b2d4bc59b1b04334a3ef127282e9e522f85c2925228fe22938a9ed7bc6eaa8,88ed779242b5ad46,4,car;person;truck,source_verified,
open-images-test-0a006f8f53abe6f3,open_images:test:0a006f8f53abe6f3,open_images,0a006f8f53abe6f3,,,,duplicate-799aa9aecb02e40d97f0,positive,val,images/val/open-images-test-0a006f8f53abe6f3.jpg,labels/val/open-images-test-0a006f8f53abe6f3.txt,public_v2,047203043a38bc088a0831b95390a0e317062f229b9ae595decece3bf298b34c,2407353215162572153d382a96fe59951e6f97a5de8c9d8074e7d140e18680e3,b993d77c78c94424,1,bicycle,complete,
open-images-test-0a2851919500e261,open_images:test:0a2851919500e261,open_images,0a2851919500e261,,,,duplicate-0a355aece8cb4cfb005e,positive,train,images/train/open-images-test-0a2851919500e261.jpg,labels/train/open-images-test-0a2851919500e261.txt,public_v2,46eba57e77d47ee9b4e17a4c28ca7ca15f01d7bd43eca44787cb0a6e18b5132d,5d1b8a94a13b60ad9a1ec0f1ff7bfb8cd25d79ac862480f03e0a382a727a4f2f,939c7a13e46e9631,2,car;truck,source_verified,
open-images-test-0a55dab7aaba3f11,open_images:test:0a55dab7aaba3f11,open_images,0a55dab7aaba3f11,,,,duplicate-efadcffa927462f2a752,positive,train,images/train/open-images-test-0a55dab7aaba3f11.jpg,labels/train/open-images-test-0a55dab7aaba3f11.txt,public_v2,dc340d85aa3e91ca0be3745471c94d02d6039a36458a3b2dbf50e724fa9a7014,a2b47f8dbd8c2f665f0e818afff2e38b93e351ce7a30a379fb3f9eb411804e2f,ea93c4155bf9e803,6,person,source_verified,
open-images-test-0a8da32e8ee3c54f,open_images:test:0a8da32e8ee3c54f,open_images,0a8da32e8ee3c54f,,,,duplicate-082a6d05c57c102b3ffa,positive,val,images/val/open-images-test-0a8da32e8ee3c54f.jpg,labels/val/open-images-test-0a8da32e8ee3c54f.txt,public_v2,0806ea6db718f1f4757c144e24f23ee55119fb9af9d83937a77e5df01e1dca3d,b8c4b648c8c47ba4f1a975e4bde7d3dd72f820f11b775f2d13b265179f918260,eb1e9e1ac0bed828,3,motorcycle,complete,
open-images-test-0b743e7c3b4194cb,open_images:test:0b743e7c3b4194cb,open_images,0b743e7c3b4194cb,,,,duplicate-452824b3742a3b9cab05,positive,train,images/train/open-images-test-0b743e7c3b4194cb.jpg,labels/train/open-images-test-0b743e7c3b4194cb.txt,public_v2,f5038bfefe1aac3016f70a84d8797ec77e200dea6d7bc408425cf4e107c4cce2,92e18f741f74a0e38a545cfc3c136d56c0f1161c236dc1d7ff3635da94dc8a96,befcc0c44e460737,1,person,source_verified,
open-images-test-0ba2b4ac3de10c3e,open_images:test:0ba2b4ac3de10c3e,open_images,0ba2b4ac3de10c3e,,,,duplicate-c959871f1b9c296086c2,positive,train,images/train/open-images-test-0ba2b4ac3de10c3e.jpg,labels/train/open-images-test-0ba2b4ac3de10c3e.txt,public_v2,238eca7a651b73155c754f13d23cdb899f8300b5d8ff1b1340bcff89395b6667,b667f1361d98e1ba583876221734c510e67d75c502e21bbd722e93b4a470e0f6,c2b96f390c071e6e,6,car;person,source_verified,
open-images-test-0be31040b2e8c187,open_images:test:0be31040b2e8c187,open_images,0be31040b2e8c187,,,,duplicate-cf91d0a4ed14cb000b6e,positive,val,images/val/open-images-test-0be31040b2e8c187.jpg,labels/val/open-images-test-0be31040b2e8c187.txt,public_v2,ab0061db2c01f1aca98bd125f2833b43759d7f5fbcbd3795203e251877d880dd,22400b9a72fae4e4100cacbff80a3865b98f710cec275e104fdbca3742553c4b,d48beb14063dcaf2,1,person,source_verified,
open-images-test-0bf08316ef70dfc5,open_images:test:0bf08316ef70dfc5,open_images,0bf08316ef70dfc5,,,,duplicate-bd98a3377274fcd93d70,positive,train,images/train/open-images-test-0bf08316ef70dfc5.jpg,labels/train/open-images-test-0bf08316ef70dfc5.txt,public_v2,b07bab83efb1700d47de728d699dc0d319b60fc176aae456ca256b92f3bc58ca,70c7c50081e9ad5208a7fc93c2fbb069ad4b1e5b67a0c34d750d312a066a6014,b390ad5e92b0d6b4,2,car;truck,source_verified,
open-images-test-0c04767d5c29923c,open_images:test:0c04767d5c29923c,open_images,0c04767d5c29923c,,,,duplicate-558dfda304ba27ca047b,positive,train,images/train/open-images-test-0c04767d5c29923c.jpg,labels/train/open-images-test-0c04767d5c29923c.txt,public_v2,b1fcc24b24643e29e796355f7ae6ba086254ed1e3402d387b883b2b4e2a2db07,c1e282bfaf3be224717b225144008806c5fbbd31254df5076c38fb1a86ea1404,df1982c0b84ef31d,2,bicycle;person,complete,
open-images-test-0c0a53774d1ee206,open_images:test:0c0a53774d1ee206,open_images,0c0a53774d1ee206,,,,duplicate-72374913b61ddf199916,positive,train,images/train/open-images-test-0c0a53774d1ee206.jpg,labels/train/open-images-test-0c0a53774d1ee206.txt,public_v2,c97ed25c7ab5f683692e439930d61de1391b93eb4b66642fec97b2af13abc40e,32ab61db7e1a9170bf62b1dd26d317841c38710bce12e9650ea03351c1b9e7c3,bf9d94dac24ac063,1,car,source_verified,
open-images-test-0c850a44a67db31f,open_images:test:0c850a44a67db31f,open_images,0c850a44a67db31f,,,,duplicate-aa7a913dc3085e63378e,positive,train,images/train/open-images-test-0c850a44a67db31f.jpg,labels/train/open-images-test-0c850a44a67db31f.txt,public_v2,c7ce2ff51b2c213a53f7dd09bc4c4f940b04a67ad14e96f86b0cac864264477b,67a560398e679ca4e34a54789c5b7ae83ee5b83137d8a357bf566cd7492d8a6d,aeba214f5c88a736,6,person,source_verified,
open-images-test-0c89da9dff27950f,open_images:test:0c89da9dff27950f,open_images,0c89da9dff27950f,,,,duplicate-7552c43b1cf0e104d2a6,positive,train,images/train/open-images-test-0c89da9dff27950f.jpg,labels/train/open-images-test-0c89da9dff27950f.txt,public_v2,ccb6e90f96ebf2c5682c51341f7eb9d6ac60af5a43cc3b60d7a1832bb964408f,5cdce3146628543e910079fd6edf015533abbefbaf9e44ed2497deb54f18b92e,989d5a6672270df8,3,person,source_verified,
open-images-test-0c9df400e45a3789,open_images:test:0c9df400e45a3789,open_images,0c9df400e45a3789,,,,duplicate-358d37d09325d90f0092,positive,train,images/train/open-images-test-0c9df400e45a3789.jpg,labels/train/open-images-test-0c9df400e45a3789.txt,public_v2,db93ec99dc08cecee25eaaa9de1b8afde0b81dc6257ee44d68efccb160c314c2,a2abc898175ae1f831432ab9fa4642acbcd6888adfce888c25796176d1971c9a,a0d2f14ad43b2abd,7,car;truck,source_verified,
open-images-test-0d858ac3856244ee,open_images:test:0d858ac3856244ee,open_images,0d858ac3856244ee,,,,duplicate-3c2955f94a690ecc7451,positive,train,images/train/open-images-test-0d858ac3856244ee.jpg,labels/train/open-images-test-0d858ac3856244ee.txt,public_v2,7ecbaa495dd2f56a1a3493fa9fa5db8e81999766b937e45d0c4c219bad3791e5,8e1cdf1caff634d88a70217d9447fd809db0a7a1694f259a52662b97e237b4b3,bea96e10d54cfe04,1,person,source_verified,
open-images-test-0e4e2e96c941e5af,open_images:test:0e4e2e96c941e5af,open_images,0e4e2e96c941e5af,,,,duplicate-5728c1345fd6465aab75,positive,train,images/train/open-images-test-0e4e2e96c941e5af.jpg,labels/train/open-images-test-0e4e2e96c941e5af.txt,public_v2,20be903797954a1a931f4060f5daf95ace69a181228fac01a7fcd72e99a59cca,db206c51dbe9713b55e6b317f176d34ae60ab53b0c18295b92a3e422e2cef728,83fee9b6a28182b5,12,person,source_verified,
open-images-test-0f9966ced9ba1c91,open_images:test:0f9966ced9ba1c91,open_images,0f9966ced9ba1c91,,,,duplicate-c6cc130677e3c0cd296d,positive,train,images/train/open-images-test-0f9966ced9ba1c91.jpg,labels/train/open-images-test-0f9966ced9ba1c91.txt,public_v2,79ba7ec42050f5b561ff8197132dea5e391e31a6bde458c89f38f1b7d635202e,d3761ca88e4dde7c7bde1658106b05f4b4ba347c0fa8be074dc26fbbf7e7397d,87b1f0ce5f382661,3,bus,source_verified,
open-images-test-0fc388dcebd4f56c,open_images:test:0fc388dcebd4f56c,open_images,0fc388dcebd4f56c,,,,duplicate-f5f3844a3ff40bd05a6e,positive,train,images/train/open-images-test-0fc388dcebd4f56c.jpg,labels/train/open-images-test-0fc388dcebd4f56c.txt,public_v2,1171734c5b7ab6255b5214ca6476eeffb2333be90fec9e5482cf0cde22b6ba4e,3fc348a3b9406c389758a7c74d3d476548448ccc2abe0b8be974489df70b82a4,b034f6d7254a4b4b,2,bus;car,source_verified,
open-images-test-1038d35f30f4a04b,open_images:test:1038d35f30f4a04b,open_images,1038d35f30f4a04b,,,,duplicate-867d1ce6755269dfc0bf,positive,train,images/train/open-images-test-1038d35f30f4a04b.jpg,labels/train/open-images-test-1038d35f30f4a04b.txt,public_v2,f0587c3e26222ed1cc76033ddacd2c7c9709cf40965086e1c1d729d0c1a14c6a,a364dc49d007e4a3d0c6f484cbb2bf7337b29aba2ea6b7e9f88673c401740bb6,f19dd6e6990a2178,2,person,source_verified,
open-images-test-104d071056b77660,open_images:test:104d071056b77660,open_images,104d071056b77660,,,,duplicate-4c0fb984511cda1f37a3,positive,val,images/val/open-images-test-104d071056b77660.jpg,labels/val/open-images-test-104d071056b77660.txt,public_v2,9ce240651764bc9a1101b3f5934d474a960ab2aa34ddc8781c9a20b6bda6fa35,769226a2a3359e0a173e740278379037ce2fb7ce07922e44ba1a133e919331f5,cd3d94376a84f8c4,1,person,source_verified,
open-images-test-10644f516604217c,open_images:test:10644f516604217c,open_images,10644f516604217c,,,,duplicate-b6615387ea43f536e7e2,positive,train,images/train/open-images-test-10644f516604217c.jpg,labels/train/open-images-test-10644f516604217c.txt,public_v2,bbfcf02da7c2aef4a65b569bd1baea7796ef9e6d043bc02ed74f2e7404fb3537,6665cfeb5137db933af78823538c884235b3b52970f1e7d176e8a90c687b0867,a74c93374812cfe3,3,motorcycle,source_verified,
open-images-test-106a0cebeca62a0c,open_images:test:106a0cebeca62a0c,open_images,106a0cebeca62a0c,,,,duplicate-800d5dec0e156f8423d2,positive,train,images/train/open-images-test-106a0cebeca62a0c.jpg,labels/train/open-images-test-106a0cebeca62a0c.txt,public_v2,7e93f8c85ae96e4d88dfd1e425fd9aefef97b2390477403c6b5cb40a6c0126df,7be13c275704ce8979ea77a24c6f8d2e918181beb713f26e05a55d2162567840,ea8395bc72032eea,1,car,source_verified,
open-images-test-10dcc32df491a0cc,open_images:test:10dcc32df491a0cc,open_images,10dcc32df491a0cc,,,,duplicate-4e3126d24ef3c5e2c36c,positive,train,images/train/open-images-test-10dcc32df491a0cc.jpg,labels/train/open-images-test-10dcc32df491a0cc.txt,public_v2,81d090be5dc36351a4a1b62cc0771ae7ec567b5d80a8c0ea5423fbf62d6ef7a1,01019b299e613dc8920cc8baf7ff0a3dbe548bbb37a4377ab2e0f3aff82d0fb2,c9e9f08f8206b6ec,2,bus;person,complete,
open-images-test-114f4fd8262270bf,open_images:test:114f4fd8262270bf,open_images,114f4fd8262270bf,,,,duplicate-74d933de500b8c7d5f21,negative,train,images/train/open-images-test-114f4fd8262270bf.jpg,,public_v2,9fb8bb799f32dbfaee4dff76513f6535c9ce2c3dc946a8d680b0ba00f28ad55c,8115882189bf19fc5c610f0ecb96929c3f05c80d2cd3e4e5f7896faa203538b2,a70ba717a128db6c,0,,accepted_negative,
open-images-test-1235b2941dc591e4,open_images:test:1235b2941dc591e4,open_images,1235b2941dc591e4,,,,duplicate-cc9f28cc645484a6828c,positive,train,images/train/open-images-test-1235b2941dc591e4.jpg,labels/train/open-images-test-1235b2941dc591e4.txt,public_v2,509ce6efcef19ef584ec26f0c67ccfc982853d3f9b10f0c1dc9fc93d9feef3d9,bb2346e34e5b43ed60596d6529ad99b8857898e81be52046b48d62514aef3631,b7916a2685787647,1,car,source_verified,
open-images-test-1249d82ab699b8dc,open_images:test:1249d82ab699b8dc,open_images,1249d82ab699b8dc,,,,duplicate-ed67c8e34914a73530cf,positive,train,images/train/open-images-test-1249d82ab699b8dc.jpg,labels/train/open-images-test-1249d82ab699b8dc.txt,public_v2,a674892b306038206618a2ba78be73b7d38933b805f74f6787c9603bfde5bd78,e904867e5623f6b54d6fe0a7d7285c01526757a73c33296670462c8ff15e5643,ac0cac9f1b989dd2,8,person,source_verified,
open-images-test-12f71fdd4070a01d,open_images:test:12f71fdd4070a01d,open_images,12f71fdd4070a01d,,,,duplicate-c091a620f774ce3a03cb,positive,train,images/train/open-images-test-12f71fdd4070a01d.jpg,labels/train/open-images-test-12f71fdd4070a01d.txt,public_v2,ae4340bd19459cf90569a6745baa8ddf4213f7ed6db525fe4adbd1985e4ba5fe,a065dd66976e4bf766efeb835ae5da1b9bac7f3f7df0a93323ab70bb8f1434a9,e2c242cbb95e9b0b,1,car,source_verified,
open-images-test-13127308dc561f10,open_images:test:13127308dc561f10,open_images,13127308dc561f10,,,,duplicate-25e4d422bb6a9d0c9375,positive,train,images/train/open-images-test-13127308dc561f10.jpg,labels/train/open-images-test-13127308dc561f10.txt,public_v2,23ddcd3eedcbfdbcb18b3f176b4405ab20a9f8373f2a1c599a54d0495094433b,cc4124e351d3655b9a3d44c8cf14bc5bbd9fc75d97d5ca0cab09308c6e32ece9,bdcaca2d7aa48562,6,person,source_verified,
open-images-test-138a92a78193bb7b,open_images:test:138a92a78193bb7b,open_images,138a92a78193bb7b,,,,duplicate-814f22ad42a7c1909df1,positive,train,images/train/open-images-test-138a92a78193bb7b.jpg,labels/train/open-images-test-138a92a78193bb7b.txt,public_v2,cc918d616bde7c7cc6bb71502f821cce78401c43cc6e1fcd7cdc749b0c80a806,7c9b7c46aa22689790f7d416ad72086a06f6b0aa68629a59fdbee6cf3fba4cfa,aa9ec9f727201bc8,5,person;truck,complete,
open-images-test-13b2fbcebd99a96f,open_images:test:13b2fbcebd99a96f,open_images,13b2fbcebd99a96f,,,,duplicate-5da259357d9035a53490,positive,train,images/train/open-images-test-13b2fbcebd99a96f.jpg,labels/train/open-images-test-13b2fbcebd99a96f.txt,public_v2,e9271d219c83323bb4ac4e6fe7e34ed5aed545be790c469db09196fff71ab7fe,cbad6c82a27350c99f3a18ffba6ff3b14a66dab1631f2a8db8a549b01b96f898,a897c788756792aa,5,person;truck,source_verified,
open-images-test-13c8ecfeb484b336,open_images:test:13c8ecfeb484b336,open_images,13c8ecfeb484b336,,,,duplicate-85c9baa7dc180f9e942e,positive,train,images/train/open-images-test-13c8ecfeb484b336.jpg,labels/train/open-images-test-13c8ecfeb484b336.txt,public_v2,f85613ec970b4a5850abe97449e06e0a88dbdcf3db8f666d65feb6eb5d85f12c,b5a8f4927c72318fda3ced498b01afaca45fec6a74b72c4875e6a060529143a1,e19ece6592cb6c90,1,person,source_verified,
open-images-test-141026ba00d7ac21,open_images:test:141026ba00d7ac21,open_images,141026ba00d7ac21,,,,duplicate-3ff7a9bf94726d7ec540,positive,train,images/train/open-images-test-141026ba00d7ac21.jpg,labels/train/open-images-test-141026ba00d7ac21.txt,public_v2,293582ea3d8404820633982b6cd60362f6ca2556a9736e27e79e964970701020,4b8ad437b617f255835c93647d726cd3ced7c4dc5f683a1fc082b48d83911337,854a78b57406f3bc,1,car,source_verified,
open-images-test-14214e3f5879ef39,open_images:test:14214e3f5879ef39,open_images,14214e3f5879ef39,,,,duplicate-d126709945032a7baa32,positive,train,images/train/open-images-test-14214e3f5879ef39.jpg,labels/train/open-images-test-14214e3f5879ef39.txt,public_v2,8542beaaf412174fe8080382830f733e4892c0359fbecbcd7dd1abe7ce67435e,fe1d4d43036aaddc65104108c2a154ded7ca7efaed4b3403ef0294f7fb0bc535,f5c596b228cdc531,2,motorcycle,complete,
open-images-test-149a459813317be1,open_images:test:149a459813317be1,open_images,149a459813317be1,,,,duplicate-db90a8477c6de30523cc,positive,val,images/val/open-images-test-149a459813317be1.jpg,labels/val/open-images-test-149a459813317be1.txt,public_v2,1f344fea28218420a094fc0096df241b583dd1316062f0c1ebf137efb814d7db,4237f5f0bde2373d8ef5839197ee83a51db9263e4777e3121f6adcb6c8a3ccc8,849539e8701f6e7a,6,car;person,source_verified,
open-images-test-14dca26404ae4967,open_images:test:14dca26404ae4967,open_images,14dca26404ae4967,,,,duplicate-95b9f5598752e0c9be69,positive,train,images/train/open-images-test-14dca26404ae4967.jpg,labels/train/open-images-test-14dca26404ae4967.txt,public_v2,6c8487e45c46aa9cb4dc784617159b46a4c02c55400aff049c6508fae01b5d88,4852d58ed5ece27412d480d5d41ddc7d9f43e82285543197da4b0273ea903406,ab8e9453c25fc98c,2,bus;car,source_verified,
open-images-test-14f629d618628e47,open_images:test:14f629d618628e47,open_images,14f629d618628e47,,,,duplicate-514c1fee377cd30383a8,positive,train,images/train/open-images-test-14f629d618628e47.jpg,labels/train/open-images-test-14f629d618628e47.txt,public_v2,f25261b7c82363d991caccc66ea17893261e256a46e33b0a34d0d5df7f40be22,c491256a860d92f74d48cebdb377a2c7cc134014963189518a6cb460f098500f,bfacc0623e1fc252,2,person,source_verified,
open-images-test-151b9cbaaf29bc38,open_images:test:151b9cbaaf29bc38,open_images,151b9cbaaf29bc38,,,,duplicate-ba7c5d7839b53b91d347,positive,train,images/train/open-images-test-151b9cbaaf29bc38.jpg,labels/train/open-images-test-151b9cbaaf29bc38.txt,public_v2,382bd943434ca7d01150a652282a135aea6f757b6ac69a3d4b64e632ee99b343,8c6263145f10a195ed5f63be29e2a70ee8e3697e1d19eb956c6712202ed280bf,e579484634f0f8b9,7,car,source_verified,
open-images-test-153c07148ed76343,open_images:test:153c07148ed76343,open_images,153c07148ed76343,,,,duplicate-a509a886b5aa8b007d13,positive,train,images/train/open-images-test-153c07148ed76343.jpg,labels/train/open-images-test-153c07148ed76343.txt,public_v2,61c750ee999fd7224c1ef51335348b83ee904f15b8d91612f0024b67f72af823,85da1b7fe49d8ab3740c1d7e862769cb5a9b27c957f8e7da26cb9d9683f8b6c0,ee7087f860ae839c,2,car;truck,complete,
open-images-test-1571f8c3ff72f19d,open_images:test:1571f8c3ff72f19d,open_images,1571f8c3ff72f19d,,,,duplicate-dbd7cbadd143f1d774c1,negative,train,images/train/open-images-test-1571f8c3ff72f19d.jpg,,public_v2,6cf67cd2b8922bb1b16305673685aeb7d85c6a602b517dbbcdb8b6e4576090ee,27e152ec28962be9dbbe2caef1ebd11e4d7fdb8f1f3849a92d03113cb57a34d4,a1d4c3f4d8c53743,0,,accepted_negative,
open-images-test-160ddf4ee655003f,open_images:test:160ddf4ee655003f,open_images,160ddf4ee655003f,,,,duplicate-b37f5cf7e83c263b8a71,positive,train,images/train/open-images-test-160ddf4ee655003f.jpg,labels/train/open-images-test-160ddf4ee655003f.txt,public_v2,6fc0a70c46c362b397538c0aa8c6c002060bbc1a22ef869a2af4030ad8f38b9e,b4842174eee26fcbdb6b478a7458af705083eb4adc78beab76453b2792aa440d,c47c33e64cc9ba31,2,person,source_verified,
open-images-test-1676b0b9aea56da2,open_images:test:1676b0b9aea56da2,open_images,1676b0b9aea56da2,,,,duplicate-9b0937b01d1a563ad72f,positive,val,images/val/open-images-test-1676b0b9aea56da2.jpg,labels/val/open-images-test-1676b0b9aea56da2.txt,public_v2,d5962e8c68ef529f42679cc7ec77d82269ea4ab07ba9f607939fe39e64551022,e8b78e62b0bfe3f8cc19bbbfcd48fb85897478b82e03f6b92087d8369c50efd0,a4949939c9b2e7c9,6,car,source_verified,
open-images-test-17b9eb3b18a86ac4,open_images:test:17b9eb3b18a86ac4,open_images,17b9eb3b18a86ac4,,,,duplicate-4319ba91a89cac852bb2,positive,train,images/train/open-images-test-17b9eb3b18a86ac4.jpg,labels/train/open-images-test-17b9eb3b18a86ac4.txt,public_v2,980a37bce4ac5c0054d440e8b1d251275bca7bc61837aad8348e633fd21f17fb,e7f3454038052a009b6942711a038fa8593fc41c2cf08ae1e11a97092f59bf55,fce022c3cd8533d6,1,car,source_verified,
open-images-test-182c66d744f0f930,open_images:test:182c66d744f0f930,open_images,182c66d744f0f930,,,,duplicate-35ec21fd70320fc8a4b7,positive,train,images/train/open-images-test-182c66d744f0f930.jpg,labels/train/open-images-test-182c66d744f0f930.txt,public_v2,192f97bb43be2ccc848a7bfe8b1d7e28f3bddc023a0def5a94aa12964091811a,00426819eeb1aa8218d3deb0ad3606d49203c4bba8bf8548a77320b3295aee2e,ebc0ef41812edc35,10,car;person,source_verified,
open-images-test-18323cad7469b770,open_images:test:18323cad7469b770,open_images,18323cad7469b770,,,,duplicate-608026f750e822a4ee83,positive,train,images/train/open-images-test-18323cad7469b770.jpg,labels/train/open-images-test-18323cad7469b770.txt,public_v2,6e4969d727057a2d13433448a2860a71855e3476f4d270d2468b263ffcf976a2,3bc678ad84868f66426852599790ac132d664d2b76bd34f136d293917e8a4f8d,eaca99396aa6b2b0,12,person,source_verified,
open-images-test-185bf4cb765603c9,open_images:test:185bf4cb765603c9,open_images,185bf4cb765603c9,,,,duplicate-2047fda4d6594e92c93c,positive,train,images/train/open-images-test-185bf4cb765603c9.jpg,labels/train/open-images-test-185bf4cb765603c9.txt,public_v2,ceb1144012d5daa21868892d0703c77c48cc12a39098063f44a4cccf5c4f1036,ea6478ee782b79ccb8f85690366bbb97ce5f4edf7208791dde52fb18981ca108,9b9ecee7a1e0c310,4,bus;car;person,source_verified,
open-images-test-19ce750d3c193b23,open_images:test:19ce750d3c193b23,open_images,19ce750d3c193b23,,,,duplicate-af1e55942ec1ded74277,positive,train,images/train/open-images-test-19ce750d3c193b23.jpg,labels/train/open-images-test-19ce750d3c193b23.txt,public_v2,f4c6fda98fda29cdf6475cfbac9faab36a5921236d72b9303f6812db68f0c4a5,56bff10be2cca529ec7995f1769f9c34162850afc966a5bc884ad2ffc3960b05,ad9a829de8671d23,2,bicycle;person,complete,
open-images-test-19d00d9e17c1f484,open_images:test:19d00d9e17c1f484,open_images,19d00d9e17c1f484,,,,duplicate-41e61bbd3d0721f0b23b,positive,train,images/train/open-images-test-19d00d9e17c1f484.jpg,labels/train/open-images-test-19d00d9e17c1f484.txt,public_v2,7551bfaf186ef795d880379d9e470698b57f4cadbd246c86b3bac746cd22a090,4d815648cac80c9a7baf4a6c4bd3c6a2b20aa21962b954a6890568b891e56b71,bdb6a052d2ca57a1,1,bus,source_verified,
open-images-test-1a763572bc101798,open_images:test:1a763572bc101798,open_images,1a763572bc101798,,,,duplicate-cb2f592e36450a56113f,positive,train,images/train/open-images-test-1a763572bc101798.jpg,labels/train/open-images-test-1a763572bc101798.txt,public_v2,08ec3c646451f214ba0ec4a72967e468a1ea2c6ddd9017ed0746df3580eae059,49d7c210974cb65335f41b3ddafe53bce1089fc36ea38b82b4f1593a0c3ac39a,d6a64b11adea14a7,1,person,source_verified,
open-images-test-1aa1260f6918b082,open_images:test:1aa1260f6918b082,open_images,1aa1260f6918b082,,,,duplicate-99c5b711d9efd0bfff5b,positive,train,images/train/open-images-test-1aa1260f6918b082.jpg,labels/train/open-images-test-1aa1260f6918b082.txt,public_v2,f5407643b6db67e1fe1bc585c21143ae289f35bb5fac2efd28b62363b6d0cb80,388cd34f381fc1ab17f082251826fefd10a9e0036c0e62a991fa11b8f447ab47,d1916e1f6e1fc881,8,person,source_verified,
open-images-test-1afc36bb97170dde,open_images:test:1afc36bb97170dde,open_images,1afc36bb97170dde,,,,duplicate-9393206e6bbc589c0363,positive,train,images/train/open-images-test-1afc36bb97170dde.jpg,labels/train/open-images-test-1afc36bb97170dde.txt,public_v2,fcff15e52831490d5e1d06c481a00c31c17971c4af1947b5d1c34d907fa4bf6c,2d5388e1c9b485adeea36235cba7a5980458dc6f53a4644d7b1f656ac6cc4112,fb9cc47541534a4b,1,car,source_verified,
open-images-test-1b00d69489c291e4,open_images:test:1b00d69489c291e4,open_images,1b00d69489c291e4,,,,duplicate-f8d59e8c163bcf2a7700,positive,train,images/train/open-images-test-1b00d69489c291e4.jpg,labels/train/open-images-test-1b00d69489c291e4.txt,public_v2,c96d07a5bfe4ce8c3e645669b42d4818bd0c7d88fefa00b23a761210d3776b15,988e9f7b29e5e337ed716e5e5cbcdbeea29091cb1e3cecffde0248093ccb5735,b49476629e9a616d,2,person,source_verified,
open-images-test-1b17f136f7561574,open_images:test:1b17f136f7561574,open_images,1b17f136f7561574,,,,duplicate-f2f97630e7c2c781c00f,positive,val,images/val/open-images-test-1b17f136f7561574.jpg,labels/val/open-images-test-1b17f136f7561574.txt,public_v2,3ab8152589a0b5f10edf273d5f2b62caccb32402dd2a47827f0c7280db6aca3b,8876f3e2e29805f891800ccb0585a8facb34dec0205726e4811b9ba31eaf9ad9,bdac322796e80667,1,person,source_verified,
open-images-test-1b611832a0d92959,open_images:test:1b611832a0d92959,open_images,1b611832a0d92959,,,,duplicate-baee702cec363b6d06b2,positive,train,images/train/open-images-test-1b611832a0d92959.jpg,labels/train/open-images-test-1b611832a0d92959.txt,public_v2,a06d7f020305ffd9c5273b9fb3feb2855142be07356e94f18240050fbf224a66,1f6194c20feb6fbab83d1fba60e7c4b911df90878d0692411938c2871005b970,dfc1240c2bc7f07c,1,person,source_verified,
open-images-test-1b79408e6d26f803,open_images:test:1b79408e6d26f803,open_images,1b79408e6d26f803,,,,duplicate-a685939a30717e36b2e3,positive,train,images/train/open-images-test-1b79408e6d26f803.jpg,labels/train/open-images-test-1b79408e6d26f803.txt,public_v2,9e821d3a6c3aba2e2504a75ad2b3d3d861eb791dee14bec1d78f19e396ad614d,56ff46e27caba618f259d1b4f6cb7b53a96a5998669556b2550a03901e5c10e1,d21aad257afa9c48,10,person,source_verified,
open-images-test-1ba01a316a9d1480,open_images:test:1ba01a316a9d1480,open_images,1ba01a316a9d1480,,,,duplicate-2f13d0efc367fb64c6e5,positive,train,images/train/open-images-test-1ba01a316a9d1480.jpg,labels/train/open-images-test-1ba01a316a9d1480.txt,public_v2,8606b81a77aee0a244c801423a4aaf8b433fa85d34405cc7ad37f64a859a9409,d2f0662f4de663ac9cc0a48be2e9724f5bac27b15a1654c2408f14a742ad6b5d,8bcaadcd922dc934,1,bicycle,complete,
open-images-test-1ba620580cc4d414,open_images:test:1ba620580cc4d414,open_images,1ba620580cc4d414,,,,duplicate-3c612bcb2c4710b7c2cc,positive,train,images/train/open-images-test-1ba620580cc4d414.jpg,labels/train/open-images-test-1ba620580cc4d414.txt,public_v2,1475a537319f2514fa50d4934d2b56b5fb88a717237dd43a526fa03ecd1f8f78,96642130c4552e5f5efe2780cd963a9d016a080a44d51fd00ff865e0355b4309,89999656c76959d8,2,car;truck,source_verified,
open-images-test-1baee04d5caba88c,open_images:test:1baee04d5caba88c,open_images,1baee04d5caba88c,,,,duplicate-012cd056bdab47bd7c3e,positive,train,images/train/open-images-test-1baee04d5caba88c.jpg,labels/train/open-images-test-1baee04d5caba88c.txt,public_v2,299f65d77c2c58fb25d50f9e8a9149ac84043578d6eb084cb99f727176ea1132,e8f333a703d0b03b5f23c73b435dd4b83c18a76464f39acbd66efba98dc61d10,cc9fbf83b346c480,2,car;truck,source_verified,
open-images-test-1bfad81d11fae1c2,open_images:test:1bfad81d11fae1c2,open_images,1bfad81d11fae1c2,,,,duplicate-5b718cd091f3cdbc05ac,positive,train,images/train/open-images-test-1bfad81d11fae1c2.jpg,labels/train/open-images-test-1bfad81d11fae1c2.txt,public_v2,650ab1fd81344d3bad77fb120dd7b200417d9aa88a371047e5fe8ac0ee5a095b,a15a767d9d0965b504ad8c61a04d70c5a2e6c4dd87a9e69e9d6a47a6d4e8ca13,f3e3a4171c7461a3,1,bus,complete,
open-images-test-1d047711ba56eb28,open_images:test:1d047711ba56eb28,open_images,1d047711ba56eb28,,,,duplicate-0f4300e54a2563f8ddb9,positive,val,images/val/open-images-test-1d047711ba56eb28.jpg,labels/val/open-images-test-1d047711ba56eb28.txt,public_v2,e6562439dc06fb03be8675e2451919654575634757288ae091b729df19a71014,b86dfb08e0ecec8abe9d64e87097d592b4baa775e51b8838b4e1523d0c9156cc,e4ecce3232cd1966,10,person,source_verified,
open-images-test-1d3f8a7b5c94e736,open_images:test:1d3f8a7b5c94e736,open_images,1d3f8a7b5c94e736,,,,duplicate-ca20f73edb0d2dcc2aab,positive,train,images/train/open-images-test-1d3f8a7b5c94e736.jpg,labels/train/open-images-test-1d3f8a7b5c94e736.txt,public_v2,e7f82a06b1d2a99d7629fd277343f95a821a2ccc4cf76bc5a78c61ef05bc47cc,2284339f7989a2632c00e971471a54e9fb9700bf26d50c552b01cf9559e23569,f9ce8291642ca37b,2,bicycle;person,source_verified,
open-images-test-1d507080489d381d,open_images:test:1d507080489d381d,open_images,1d507080489d381d,,,,duplicate-626a5e1cc7fae6021e14,positive,train,images/train/open-images-test-1d507080489d381d.jpg,labels/train/open-images-test-1d507080489d381d.txt,public_v2,592bae6a3cfcd966cbdf32736988b812ee015e6a6ed858213fa07c8cc803423d,ce7057e5e14f0fd98a8888dd49f77e43240c382e756146379b8834ebd74b88b0,d1c446caecf0f629,2,motorcycle;person,complete,
open-images-test-1d584f0599a9b597,open_images:test:1d584f0599a9b597,open_images,1d584f0599a9b597,,,,duplicate-2582c2956ffac2f62cc3,positive,train,images/train/open-images-test-1d584f0599a9b597.jpg,labels/train/open-images-test-1d584f0599a9b597.txt,public_v2,720ae510b0e5dc229c1b769f0f596b6329e2d97063bfb05431e9d6a7de592ed1,3b9960f6849de10625d5d8329ec3af9215d97f7ab3bc7f7b519f0f4d09dfcde2,c46c59c9d9c4c6b6,2,person,source_verified,
open-images-test-1dde43e75b4d35a4,open_images:test:1dde43e75b4d35a4,open_images,1dde43e75b4d35a4,,,,duplicate-89870bb2466af56d5ae7,positive,train,images/train/open-images-test-1dde43e75b4d35a4.jpg,labels/train/open-images-test-1dde43e75b4d35a4.txt,public_v2,5c8e3c65202ab79ba051b58b34f56001f469ca0666900c23754412c25d53aa01,2edd23953f8c5985719694f8acdcd9e4f13f275368c967287a36de4501c9fbfc,d6b4998de22a86f2,3,person,source_verified,
open-images-test-1e31da6b37d1173a,open_images:test:1e31da6b37d1173a,open_images,1e31da6b37d1173a,,,,duplicate-ee0110e60b55e274e717,positive,train,images/train/open-images-test-1e31da6b37d1173a.jpg,labels/train/open-images-test-1e31da6b37d1173a.txt,public_v2,42a7fe4a8cb2bf7959e787a042c2f6136689cda470913942a0fab79cad38b561,f3051dc3ab918e16f74dc2c37b0061d93c444d5766cb6fa0c8d7dda39be41b7d,e1995f64a19b6e44,2,car;truck,complete,
open-images-test-1e4e75350772d3e9,open_images:test:1e4e75350772d3e9,open_images,1e4e75350772d3e9,,,,duplicate-8fd56d10820321e96a36,positive,train,images/train/open-images-test-1e4e75350772d3e9.jpg,labels/train/open-images-test-1e4e75350772d3e9.txt,public_v2,cbf7dec0b792eb75efaa3224ca345c0ca6a20bc0543881f3a496122842d600ba,361085d990326abe978ef16abbfc442ebd1225c3e47549a6d4d9006c34677e39,f37894cccc70863d,1,person,source_verified,
open-images-test-1e535136b9ba3ec4,open_images:test:1e535136b9ba3ec4,open_images,1e535136b9ba3ec4,,,,duplicate-2045c49b60e9784774a1,positive,train,images/train/open-images-test-1e535136b9ba3ec4.jpg,labels/train/open-images-test-1e535136b9ba3ec4.txt,public_v2,84740850525a9a848ee90766b892dc6deb1cca9a9c78a84fcd15b3554b67430c,01dfcbc371479f55f90c52472cc4fc071c51aca8dd576761d8e5e45d8717b0d0,d898ea268f2de1b2,1,person,source_verified,
open-images-test-1e7d68b0f4a68a12,open_images:test:1e7d68b0f4a68a12,open_images,1e7d68b0f4a68a12,,,,duplicate-f43cae76a48845ace5b5,positive,train,images/train/open-images-test-1e7d68b0f4a68a12.jpg,labels/train/open-images-test-1e7d68b0f4a68a12.txt,public_v2,c3d483b5d025403ee6c8b20f6a0abf3b06daf533fed1d307908eda01ca9bdecb,30a963ced334724e8e82a1ad56510022f99fb197db1d320323c62dd9aec241fe,bed7b541544a446b,1,car,source_verified,
open-images-test-1e8efd0901207a84,open_images:test:1e8efd0901207a84,open_images,1e8efd0901207a84,,,,duplicate-c0e856406257353237df,negative,train,images/train/open-images-test-1e8efd0901207a84.jpg,,public_v2,48c78bab65fab308cec8fd118d3bb1382df10ed08291192c048fb0a912b854ff,5b0366b980087572dd4a6308b30965b14ed22c7d076fb3b25ee0d24ebd0fbcb7,e341543e3c5738e5,0,,accepted_negative,
open-images-test-1eb7ac21863d4f1a,open_images:test:1eb7ac21863d4f1a,open_images,1eb7ac21863d4f1a,,,,duplicate-d008b20f371c3a909f55,positive,train,images/train/open-images-test-1eb7ac21863d4f1a.jpg,labels/train/open-images-test-1eb7ac21863d4f1a.txt,public_v2,0ef30a4b687695545b2f200063e5322cdcd62ce62f86986a8a8b7c9c31f7e307,b46190350422f64ae56db549638d7daa57faede10685b88765216bc32464b8f9,c7a739481ed2e591,7,person,source_verified,
open-images-test-1eec88ee654d75a1,open_images:test:1eec88ee654d75a1,open_images,1eec88ee654d75a1,,,,duplicate-bd3311468577a8d23e03,positive,train,images/train/open-images-test-1eec88ee654d75a1.jpg,labels/train/open-images-test-1eec88ee654d75a1.txt,public_v2,f7f41f3cec5ea21c69d229fd26fb767e93e35e931c82cabbb61742165d1b2bca,5183dccec45c15fe3f94a60ef448ab434dfae03a334b6c2cd6fac204f41fe862,8771c3be4348b3ac,2,person,source_verified,
open-images-test-1eef9e817a74047e,open_images:test:1eef9e817a74047e,open_images,1eef9e817a74047e,,,,duplicate-9c640a21f857e1dbeed4,positive,train,images/train/open-images-test-1eef9e817a74047e.jpg,labels/train/open-images-test-1eef9e817a74047e.txt,public_v2,7b8112597d5625ae3c379a10d35726182d093c2b38f0cd9277d0479bac842c8f,57294cb23211b1f62b5904533e33bea08e9c80eeede57bf5b5289be635f21f83,d8cc3236e3d23c1e,9,motorcycle,complete,
open-images-test-1ef838e880e72b55,open_images:test:1ef838e880e72b55,open_images,1ef838e880e72b55,,,,duplicate-e11768b6b6cc57403bfa,positive,train,images/train/open-images-test-1ef838e880e72b55.jpg,labels/train/open-images-test-1ef838e880e72b55.txt,public_v2,35b452730a9f96ee5b8633d63db6baf1c6845d1aef459b214eb1081c9a7b7511,e07f8557918c69cfcba8ec7d7a5a5af9df096ce77189edd89c3a091e38e3952e,9aa5352a351dfb81,3,person,source_verified,
open-images-test-1efdbec2cdc79cc0,open_images:test:1efdbec2cdc79cc0,open_images,1efdbec2cdc79cc0,,,,duplicate-a3388219b5bc99f74dad,positive,train,images/train/open-images-test-1efdbec2cdc79cc0.jpg,labels/train/open-images-test-1efdbec2cdc79cc0.txt,public_v2,298592872cb1dd9892a8a7bda4db4579af4a9c154df23db43e6a7d7e285608ee,c5f82e053ecafc016cf80ed7fd8e4279fc9d0913b3035b009c8095841757b69c,f31b1d797246241b,6,bicycle;person,complete,
open-images-test-1f2271a94b9b0369,open_images:test:1f2271a94b9b0369,open_images,1f2271a94b9b0369,,,,duplicate-3b8bdda6798131f99363,positive,val,images/val/open-images-test-1f2271a94b9b0369.jpg,labels/val/open-images-test-1f2271a94b9b0369.txt,public_v2,d390579fb2b9a1e93ec2a9bce92d18c2096a3dfa3b85b705742c2d0732035f0c,ef21d8102099fc68f35a323c06007a161d6256f8231ffbd6fd1ca5c02d525f22,e560fbe7d0d54103,14,person,source_verified,
open-images-test-200f58cb82e64a15,open_images:test:200f58cb82e64a15,open_images,200f58cb82e64a15,,,,duplicate-b3018bccd61136dec30b,positive,train,images/train/open-images-test-200f58cb82e64a15.jpg,labels/train/open-images-test-200f58cb82e64a15.txt,public_v2,9f5e34997fdc82c59bdeabea539fa64e0f1ca472659c8963715b26dedd5de763,b63bf70b7aba810c4d1b2c1dfe0918d04dbcd8247813d652789ba3d996d281e6,fc856d5de4ba4508,11,car;truck,source_verified,
open-images-test-20150a1ef8b6cc92,open_images:test:20150a1ef8b6cc92,open_images,20150a1ef8b6cc92,,,,duplicate-0d5337d6b39e11b4648f,positive,train,images/train/open-images-test-20150a1ef8b6cc92.jpg,labels/train/open-images-test-20150a1ef8b6cc92.txt,public_v2,476b01d91125babf439f797953d131e7504534999b1b29e8581a777fa5324630,07d07c91977b22d44dd433e3ff8008dd9c75c8d2192484db8037adbe2b6632b1,cb2a95d54b2fb4c0,2,bus;car,complete,
open-images-test-20732af84c278db0,open_images:test:20732af84c278db0,open_images,20732af84c278db0,,,,duplicate-3654d23f2db13d794bc7,positive,train,images/train/open-images-test-20732af84c278db0.jpg,labels/train/open-images-test-20732af84c278db0.txt,public_v2,7cd03692f23f4dc78fe7ae018808f5b7b081835f704f5dfc6db6be6a3f7a0332,68541f17f0aee2a259dc3cad63c0f094c4db55a9377fc3416b2e0d72f5beee32,a2c09f8ef8c9c2e6,8,bus;car;person,source_verified,
open-images-test-207d45d161a5049f,open_images:test:207d45d161a5049f,open_images,207d45d161a5049f,,,,duplicate-2d725407b25b21cb5761,positive,train,images/train/open-images-test-207d45d161a5049f.jpg,labels/train/open-images-test-207d45d161a5049f.txt,public_v2,0bb8ed9fe2fc92edb018ed5cbd1e03a34e0abc9cd87110e4aaa77aacb5513ae6,9ce52f0d20949442862a893166ce52779af513c8aa2423d323434543418c9ce1,9893b7648ff8003f,3,motorcycle;person,source_verified,
open-images-test-2110f8c401886784,open_images:test:2110f8c401886784,open_images,2110f8c401886784,,,,duplicate-14b7daf0781427defe1d,positive,train,images/train/open-images-test-2110f8c401886784.jpg,labels/train/open-images-test-2110f8c401886784.txt,public_v2,e7ed35dd43090abae7d480af92bc5ba35dfea2c5f69404e0192014f74a76e242,4757a923d17160751bab8708762aec055701416f7225362b0694c2530da1b33a,9c0f6310748b7bd5,14,person,source_verified,
open-images-test-21339cc38c01163a,open_images:test:21339cc38c01163a,open_images,21339cc38c01163a,,,,duplicate-2df0b0c116e758f25e3e,positive,train,images/train/open-images-test-21339cc38c01163a.jpg,labels/train/open-images-test-21339cc38c01163a.txt,public_v2,af2aad2bd9bb790ac5b79ddbecdeff63ca905e55c0697dd0c708db584a30f502,d8b893cdbbb1588d8647682d114aba56a34720ca91c7ce57fd5d2873f03e498f,a4e959d226fcd903,1,person,source_verified,
open-images-test-216820b69c308538,open_images:test:216820b69c308538,open_images,216820b69c308538,,,,duplicate-032ae7c6dca6890b6f53,positive,train,images/train/open-images-test-216820b69c308538.jpg,labels/train/open-images-test-216820b69c308538.txt,public_v2,83441ebed47d59d477871a30d9d65d0170481728ac36e0f6532840c3d3ac5952,a3e450c6fa52f97ef84b13bfb759db6c5ea100d06d8480f0e847f08fc7a7674b,f184264bd17ec3ac,3,bus;car,source_verified,
open-images-test-21b3a857af4d7db0,open_images:test:21b3a857af4d7db0,open_images,21b3a857af4d7db0,,,,duplicate-3a1a34a365aa538bd6d1,positive,train,images/train/open-images-test-21b3a857af4d7db0.jpg,labels/train/open-images-test-21b3a857af4d7db0.txt,public_v2,540dd21fc45a9573dfdd9bdba726ea9b9d86b18796c26ca447752bd5bb7e2bd2,4d81b35398b1bcf23b85a43c04c54266e55a176a8432899c5e287c00afd93f6d,86b8cf2c34d95b0e,1,person,source_verified,
open-images-test-2236655841464fe8,open_images:test:2236655841464fe8,open_images,2236655841464fe8,,,,duplicate-b6ad0ea5f9529a9fde09,positive,train,images/train/open-images-test-2236655841464fe8.jpg,labels/train/open-images-test-2236655841464fe8.txt,public_v2,9df47adf38cb377d52d17cec35f5d854531f10774afbb397dd5f98bfc0c8b52d,05a874d2d56f1bf3baa1db56144d82ece390cd6f0d1f943335a17c861ea9ebe8,dc3eb6c1c1868e47,2,person,source_verified,
open-images-test-229825914163efcf,open_images:test:229825914163efcf,open_images,229825914163efcf,,,,duplicate-e12194dab3752517c6e0,positive,train,images/train/open-images-test-229825914163efcf.jpg,labels/train/open-images-test-229825914163efcf.txt,public_v2,0e89449ce48b4db5b9d94fe99dbb92d9b15128fac0d813e6c081bfb9ed6b6e8b,a2c384b46267fd1d0da9a624cf1987f8f8bb0304fddc19e1e82d979cad4ff05a,a4a52f7f21ee8521,2,bus,source_verified,
open-images-test-22adc76d5e1cc500,open_images:test:22adc76d5e1cc500,open_images,22adc76d5e1cc500,,,,duplicate-d6145bb50c13bbada1fb,positive,train,images/train/open-images-test-22adc76d5e1cc500.jpg,labels/train/open-images-test-22adc76d5e1cc500.txt,public_v2,476c0d4432b8d1485260a4745addda66abc77e35712bb446f1c62f9afcc57948,c6893da939d08c26fa7c2e3af8e1d575a9d0c88021556464f27deb4d5686f49c,94dcb9ae961c4a72,1,truck,source_verified,
open-images-test-243598c1d5057a13,open_images:test:243598c1d5057a13,open_images,243598c1d5057a13,,,,duplicate-05a2e3128d55f2db8427,positive,train,images/train/open-images-test-243598c1d5057a13.jpg,labels/train/open-images-test-243598c1d5057a13.txt,public_v2,20d5a8a060b4a67d628f205b71ef0789754808c4bc8f7532d3fa7e1a17119c2e,59623920d5c3c6e6209020af918207dd826bd7ebda5fdd812719a6e50e47f988,ea673b3943c2c3c2,2,person,source_verified,
open-images-test-24a2af0160296521,open_images:test:24a2af0160296521,open_images,24a2af0160296521,,,,duplicate-01066f990403dfdcd0bf,positive,train,images/train/open-images-test-24a2af0160296521.jpg,labels/train/open-images-test-24a2af0160296521.txt,public_v2,f504a36f7902dab5112067789a82a7118974a39eb3416dbf56a0514fdb3eefe2,27d843192230e4e1a5fda5d6c90f580e80b2daed396046a17156c60bda0cb015,cb1635b9adca9445,1,person,source_verified,
open-images-test-252be15e9d37d379,open_images:test:252be15e9d37d379,open_images,252be15e9d37d379,,,,duplicate-99772323024622c8b73d,positive,train,images/train/open-images-test-252be15e9d37d379.jpg,labels/train/open-images-test-252be15e9d37d379.txt,public_v2,7091d97aff66f4df70888fb6432d268b55d90ef2abe26208af755d5213b69c03,0389878e4123d04e4f360714ced9c64298af94e63135bb107fbf6dfd38c95256,8dcd5a9bc64a3169,1,car,source_verified,
open-images-test-2556062762c5bfe7,open_images:test:2556062762c5bfe7,open_images,2556062762c5bfe7,,,,duplicate-e77997933df748714e6e,positive,val,images/val/open-images-test-2556062762c5bfe7.jpg,labels/val/open-images-test-2556062762c5bfe7.txt,public_v2,9d03f4551ee262bf11500b861be2f184835108051c64d7a0bd0dd5e31b96ca17,53959ad562ca50e1c1242d3fa208b2c4a31378d95e6cdb16350eb10caede5ab5,8eb12e019ef38ccb,4,bus;car,source_verified,
open-images-test-2590233957645742,open_images:test:2590233957645742,open_images,2590233957645742,,,,duplicate-aa09acb5e4c5e84d5511,positive,val,images/val/open-images-test-2590233957645742.jpg,labels/val/open-images-test-2590233957645742.txt,public_v2,c8f1afcbf042b396af18137f1bc01b11af3b11b61ce71698cd40a216d893f8d0,e2757b778e682c7e40805236ad830b572a72e283f331823c624e41f308ceae07,ffc1851a90b969d1,1,car,source_verified,
open-images-test-25aaba447bb5417f,open_images:test:25aaba447bb5417f,open_images,25aaba447bb5417f,,,,duplicate-d8d2f1675afd11d749ac,positive,train,images/train/open-images-test-25aaba447bb5417f.jpg,labels/train/open-images-test-25aaba447bb5417f.txt,public_v2,dd7bb6a052b32fd0eff155147f7cb84acda57c9b9a4694c563f54d7a367e0959,78552a3b974eec0c44d233cb490decd751ba96c0dd8e347bec4c6b7d4575c292,a476837c12eb2d93,5,bus;car;person,source_verified,
open-images-test-25c3c14e02aa2c0f,open_images:test:25c3c14e02aa2c0f,open_images,25c3c14e02aa2c0f,,,,duplicate-56d3248e2098e3be75b1,positive,train,images/train/open-images-test-25c3c14e02aa2c0f.jpg,labels/train/open-images-test-25c3c14e02aa2c0f.txt,public_v2,6241488f9f91a82451bf7acade3c6a4559f4c8942ef82c7c09269f6898c79775,c2cb57777cbd6ece437a28bacbb8303542e282477c31a58050cb57e8443bf257,ff8dc54159d10a1b,7,person,source_verified,
open-images-test-2639872f09b15e69,open_images:test:2639872f09b15e69,open_images,2639872f09b15e69,,,,duplicate-bd10aec50e7cae39458b,positive,train,images/train/open-images-test-2639872f09b15e69.jpg,labels/train/open-images-test-2639872f09b15e69.txt,public_v2,346ec1dda6a0792ea5151876395ff11d61ecd09aefe507c9a95efd871c89dfdf,09022126e8f2122126ed917518650207fbb945a77f2f102e6cfdfd8ce2c778c0,d4a181a1176fe9e3,4,person,source_verified,
open-images-test-27439d0af65ca73e,open_images:test:27439d0af65ca73e,open_images,27439d0af65ca73e,,,,duplicate-8c9d10684cda4995751f,positive,train,images/train/open-images-test-27439d0af65ca73e.jpg,labels/train/open-images-test-27439d0af65ca73e.txt,public_v2,9bef7fbe3d8942d4edcec26a1f81869453cd30074764321bc07dde04754ef004,0a66d57d8b3ed4af8a83f99c08a5c529e3a709371f2dd703e38c3a91ea2cb78d,89890d3d2be3e36c,1,person,source_verified,
open-images-test-27593569e92772d6,open_images:test:27593569e92772d6,open_images,27593569e92772d6,,,,duplicate-902fa3762b9104371e31,positive,train,images/train/open-images-test-27593569e92772d6.jpg,labels/train/open-images-test-27593569e92772d6.txt,public_v2,e9fdd74d00ed871efce148c482ad648929cbfdaf3889938b570b75aca8ee65cc,a38cc2b03993f9982706993b983362aa9067dac0039007d5a851d20388e6fa27,a887dc9ad0686d6d,2,car;truck,source_verified,
open-images-test-27afa26e90cfca81,open_images:test:27afa26e90cfca81,open_images,27afa26e90cfca81,,,,duplicate-f48dd91c653168734210,positive,val,images/val/open-images-test-27afa26e90cfca81.jpg,labels/val/open-images-test-27afa26e90cfca81.txt,public_v2,bf35034227d1c216d89a13a5c1034b2431a7895898304fd7fb1c2640be351ada,34853da3143e8360941f09732688659aacc0fd710915924c5181ce3bc659469a,b2f60959c503beac,2,car;truck,source_verified,
open-images-test-27b9afc8c23a9613,open_images:test:27b9afc8c23a9613,open_images,27b9afc8c23a9613,,,,duplicate-a9e697c96314ec578b21,positive,train,images/train/open-images-test-27b9afc8c23a9613.jpg,labels/train/open-images-test-27b9afc8c23a9613.txt,public_v2,f4d0dffb5e62a7a79da9f95a34534e5f69c3fb9c8a47734cf550844c5acf4279,68b7b5fe62cb8942f848a158cfdbd29f5d66231941d738881d8e211d762f2c03,cfc53039b25ada64,1,car,source_verified,
open-images-test-27be611bc90e79c8,open_images:test:27be611bc90e79c8,open_images,27be611bc90e79c8,,,,duplicate-f8d594a837efa661d75e,positive,train,images/train/open-images-test-27be611bc90e79c8.jpg,labels/train/open-images-test-27be611bc90e79c8.txt,public_v2,ddbdbaf8fb4753d3a982ae20c0332d2f9f6874ae552b70febd4c50b81bda8638,bb25e934e3b0d2914615fb401b1b483ac8c174351e998472ae9dc51021feb546,ea846227b5b5b15a,1,car,source_verified,
open-images-test-27f103fc9b187521,open_images:test:27f103fc9b187521,open_images,27f103fc9b187521,,,,duplicate-6f19e5bf0694c728fa75,positive,val,images/val/open-images-test-27f103fc9b187521.jpg,labels/val/open-images-test-27f103fc9b187521.txt,public_v2,f7e1e08f0e075117bdec5908c479dd43cb9fd0d270df14ca10f48e3a5169d9bb,c9563e2a1ccc5b15db6ec21033978c8056ffe218d43c8a671f35527dc5ae6439,eebc908c1e4b6b07,1,motorcycle,complete,
open-images-test-2815458002b89f5b,open_images:test:2815458002b89f5b,open_images,2815458002b89f5b,,,,duplicate-52acd75b91eadb7c50fd,positive,train,images/train/open-images-test-2815458002b89f5b.jpg,labels/train/open-images-test-2815458002b89f5b.txt,public_v2,2955e179519bd9695097f926b715427ea25e8015cd0e5ed340b7fb5f7f8fb15e,d8da1b3ad7c3b4d468b5813f33971a2643cbaa9ce87bb4417272b05d0d047ed6,84da751fa05bdf80,8,car;person;truck,complete,
open-images-test-281f0d1e93d42a14,open_images:test:281f0d1e93d42a14,open_images,281f0d1e93d42a14,,,,duplicate-f9a4153aa72ea0dfb7f4,positive,val,images/val/open-images-test-281f0d1e93d42a14.jpg,labels/val/open-images-test-281f0d1e93d42a14.txt,public_v2,3babc07d979e2b9cf87029c883c3f66be06cc09542dc1234e3528354011e6a81,55b7d88ecdedafa9b6fc34d452024909661f4bacc9099e9832b38f8ddfbfc490,a709d917ba7cb04a,2,bicycle;car,complete,
open-images-test-286e77e6b5a24aef,open_images:test:286e77e6b5a24aef,open_images,286e77e6b5a24aef,,,,duplicate-ab3b86fe0f1fd14f0376,positive,train,images/train/open-images-test-286e77e6b5a24aef.jpg,labels/train/open-images-test-286e77e6b5a24aef.txt,public_v2,8fd918497d41ae4400f9d9686295c581e208c041485e06d70dad038f7b00a617,4d1cb02ff09cee3cf0cdc13fcf6ce85874d82766545bf6200d1afdb587f757ae,ab0b1c156969d6d6,2,car;truck,source_verified,
open-images-test-288911a83f5e11f9,open_images:test:288911a83f5e11f9,open_images,288911a83f5e11f9,,,,duplicate-12a2453d89385737639f,positive,train,images/train/open-images-test-288911a83f5e11f9.jpg,labels/train/open-images-test-288911a83f5e11f9.txt,public_v2,8d882db897f07e8b482bd572a605e3f9c8accea93d2b532e05f86fa9748f5d70,6f99158344157b3bfa05187463c00d8c46be7db510cfa68d2d5fe71b49f8acc3,b4ea42e6b59c9d03,4,bicycle;car;person,complete,
open-images-test-28df744c28703fdb,open_images:test:28df744c28703fdb,open_images,28df744c28703fdb,,,,duplicate-89df4b2ce23879be9233,positive,train,images/train/open-images-test-28df744c28703fdb.jpg,labels/train/open-images-test-28df744c28703fdb.txt,public_v2,0a4480a2a5783efe996db1539f94a9bc09d4302c61e797f37a556315b9d6bf76,ad8bc2d6924a8d693f62d1a369031b2335391f6ac75848a56ac8b86b878cb382,93604ee1d8831ff3,2,person,source_verified,
open-images-test-28dfaf5656221462,open_images:test:28dfaf5656221462,open_images,28dfaf5656221462,,,,duplicate-05aa01889a105c130416,positive,train,images/train/open-images-test-28dfaf5656221462.jpg,labels/train/open-images-test-28dfaf5656221462.txt,public_v2,7698c61c71af537fbaac31a534b1d9f17498a3a765d9c9552cd1a0c6bd430bf7,8526f76959ae825b4a3b52d0230f6f304b3164bfdf7b2c300d09677a0ba136ac,a8a4e2db256a97c6,1,car,source_verified,
open-images-test-296a5405dc3ec9c2,open_images:test:296a5405dc3ec9c2,open_images,296a5405dc3ec9c2,,,,duplicate-9f6f5f4e79039e802eb3,positive,train,images/train/open-images-test-296a5405dc3ec9c2.jpg,labels/train/open-images-test-296a5405dc3ec9c2.txt,public_v2,f969d056f695c69cdc1f1ebc79fe5117abeaadcb9c93bdc3723fa9b8c87c3de9,3a721f1236a24c75c851df7d48b409c5bb869a5be1215a82668e77214bc1d4b8,a427b794d3529c5c,2,person,source_verified,
open-images-test-29d470fce985e2d0,open_images:test:29d470fce985e2d0,open_images,29d470fce985e2d0,,,,duplicate-5c50cbafa6ca64081848,positive,train,images/train/open-images-test-29d470fce985e2d0.jpg,labels/train/open-images-test-29d470fce985e2d0.txt,public_v2,1fdd906a76b6345e120de47c040b11c2f4824a667475d9b9e7eb42e896e9898b,4ae9d71d200033e5a8f896d2cd84a7a20ef8e174660688519ab441fa0c092f7b,efa2d01e3e1dc582,6,person,source_verified,
open-images-test-29f506fb37c411c6,open_images:test:29f506fb37c411c6,open_images,29f506fb37c411c6,,,,duplicate-bef78c5b37ab59470ce7,positive,train,images/train/open-images-test-29f506fb37c411c6.jpg,labels/train/open-images-test-29f506fb37c411c6.txt,public_v2,ea79408429ffbba06176421262fb73460063a84a062ce29d5978ffe1f2b106a2,d1e55a19afbc02d020b82fd0491c18cde028ade297a2c436d814e84c5222a76c,d2072d33e6eccd24,3,motorcycle;person,complete,
open-images-test-29f7226e4a7acffc,open_images:test:29f7226e4a7acffc,open_images,29f7226e4a7acffc,,,,duplicate-f380ff60ac1f51a12e90,positive,train,images/train/open-images-test-29f7226e4a7acffc.jpg,labels/train/open-images-test-29f7226e4a7acffc.txt,public_v2,83170bfff9139774c75f34a565162b1ade06997f764ab510e8783098063c24ed,65d2fac98bbeb214183f91a21235f7d3fff1cfe16e417962fbdbd0cc6094b77f,84a5fa78bd278748,1,car,source_verified,
open-images-test-2a3affe8ede1fe67,open_images:test:2a3affe8ede1fe67,open_images,2a3affe8ede1fe67,,,,duplicate-0df88aac7162b30eb747,positive,val,images/val/open-images-test-2a3affe8ede1fe67.jpg,labels/val/open-images-test-2a3affe8ede1fe67.txt,public_v2,f8c32edc8b7377b794ba30212be20976307ccc3e584638143146a9eb4fed3bbe,eee092360810619bbb167a4110419330a9b92e604cc37a46e26108a6c15340ff,e0c072e00dbfe34f,1,car,complete,
open-images-test-2aa961294076c8d7,open_images:test:2aa961294076c8d7,open_images,2aa961294076c8d7,,,,duplicate-c312842821c7134050f2,positive,train,images/train/open-images-test-2aa961294076c8d7.jpg,labels/train/open-images-test-2aa961294076c8d7.txt,public_v2,afcf034e97afba31b427852df0c379cff6ac6ef58e5f93b5f7b2ed8bd67de70d,1d80222ea10b0d6b925715209d50332a83bd2980289f52abee81efeb42e1f4ae,8352fc85c33863db,3,car;truck,source_verified,
open-images-test-2ae3bead0004f9b9,open_images:test:2ae3bead0004f9b9,open_images,2ae3bead0004f9b9,,,,duplicate-00e7f1e52e2d805ef045,positive,train,images/train/open-images-test-2ae3bead0004f9b9.jpg,labels/train/open-images-test-2ae3bead0004f9b9.txt,public_v2,07ab5de9cb034bccadf5519e93964806bb3e40aa55a993f3a9cae35d39471776,587a638a68ef40b1bf03f698a3f93f37802d23022807ac3720ebd767de2f17d0,ba81690ec3fcbe30,6,car,source_verified,
open-images-test-2bdefa6c6b45b495,open_images:test:2bdefa6c6b45b495,open_images,2bdefa6c6b45b495,,,,duplicate-2743d3196b2a97fc8076,positive,train,images/train/open-images-test-2bdefa6c6b45b495.jpg,labels/train/open-images-test-2bdefa6c6b45b495.txt,public_v2,eb4ff0bb1e5b1c95ff08ad0df0e629bf12290ae2dda5c9af68e75575568d7896,2b1a5812453d593035851e9b6a9a6ba0c18122c01745dcf7247338bf1bb064be,d163583406933f7d,3,bicycle;person,complete,
open-images-test-2be39a809b2afc3a,open_images:test:2be39a809b2afc3a,open_images,2be39a809b2afc3a,,,,duplicate-f5ab06a21eebe3f7194f,positive,val,images/val/open-images-test-2be39a809b2afc3a.jpg,labels/val/open-images-test-2be39a809b2afc3a.txt,public_v2,80c1a2e75e0c187088402f46a10a1b4a6c402590b18504a71a7acd38470eac30,af20b40dd7dd8b33d933470a60a263a8981a67c50fbb52f0b10d9926a9b09afb,e1e1795ec0219737,2,bicycle;car,complete,
open-images-test-2bfbbe671d69efb6,open_images:test:2bfbbe671d69efb6,open_images,2bfbbe671d69efb6,,,,duplicate-8a315071c0a0170caf3a,positive,train,images/train/open-images-test-2bfbbe671d69efb6.jpg,labels/train/open-images-test-2bfbbe671d69efb6.txt,public_v2,8047e76411d041fd273c73b358661dd17b9018eae4bb6a1f2164b17d10c96aed,dd09abf00f18641cf9e13aa10030bd98801404a57e5060a706e6403bd92a4eb7,d091e7b4c1788ecd,1,car,source_verified,
open-images-test-2c42ff8e3ec73c14,open_images:test:2c42ff8e3ec73c14,open_images,2c42ff8e3ec73c14,,,,duplicate-ec8eb40d9a8df91a4d66,positive,train,images/train/open-images-test-2c42ff8e3ec73c14.jpg,labels/train/open-images-test-2c42ff8e3ec73c14.txt,public_v2,0b72b2605e59b0b429a9147977928e23ee2191e094f5fbb32c1a93824fd37ac5,a5ffd313bf78504e58b17f575a528d9d179f06ae03f5100745a15d2341a1a3c2,cb55346835366b69,2,bicycle;person,complete,
open-images-test-2c60d639e1d0f77d,open_images:test:2c60d639e1d0f77d,open_images,2c60d639e1d0f77d,,,,duplicate-d93c22090450a065b814,positive,train,images/train/open-images-test-2c60d639e1d0f77d.jpg,labels/train/open-images-test-2c60d639e1d0f77d.txt,public_v2,4eafba33dd75be57a0dd45a63dfffd411bc1a1332b31cb67509659389f07348e,fea9d846839bd8fc3cdabb2f3f84bd618b252a649c86aef37b658ba3d886d485,f8b0a4ceaf118b74,3,bus,source_verified,
open-images-test-2d61e9645fa09c07,open_images:test:2d61e9645fa09c07,open_images,2d61e9645fa09c07,,,,duplicate-7c1f48ccb8f6c2aa7181,positive,train,images/train/open-images-test-2d61e9645fa09c07.jpg,labels/train/open-images-test-2d61e9645fa09c07.txt,public_v2,93f9213938d09c410d449653ab3ea449c63cc62214990ae7992aed9cebe10e16,e56608cc8debff528c40e8fc6acbe5e71aacfbc684a06d155a61857e5204f4a5,f65cf803dc68c334,1,motorcycle,complete,
open-images-test-2de1f4fa0986e690,open_images:test:2de1f4fa0986e690,open_images,2de1f4fa0986e690,,,,duplicate-13b7e5a55dca325fa9f3,positive,val,images/val/open-images-test-2de1f4fa0986e690.jpg,labels/val/open-images-test-2de1f4fa0986e690.txt,public_v2,27d24ad28043af01c9e60727ce34a40f95787d524f7110aaf712a084770c6b2e,8cdc89fc3b8e3e62d84515c54f2a6665d6e94bfe45d31cc6f12bca0ecaf11f9a,f0b3cf4d08e0361f,1,person,source_verified,
open-images-test-2df2ee81aff6ae35,open_images:test:2df2ee81aff6ae35,open_images,2df2ee81aff6ae35,,,,duplicate-01d25c421dcc960f489e,negative,train,images/train/open-images-test-2df2ee81aff6ae35.jpg,,public_v2,99f7959fa480239061113c5663d7a3482c2833a03ccbbccfc9e38ba47cf5e8a3,090c3ae9604c5376f7e2e4653a015907c104263c1307e7f9228e763ab704c0d4,9137356c664c5973,0,,accepted_negative,
open-images-test-2e93eb8659a3ec46,open_images:test:2e93eb8659a3ec46,open_images,2e93eb8659a3ec46,,,,duplicate-ee7f7a9f6709850b516e,positive,train,images/train/open-images-test-2e93eb8659a3ec46.jpg,labels/train/open-images-test-2e93eb8659a3ec46.txt,public_v2,3522e8b834b3c38abb7aee5f97beaf591f711471e8c63ddf2b677d792b464478,9090cccf3cbbe450b216d4ae78d7194170b21a2b5ccda02aad48cbf8b140abe6,9c8a6b1d96728ab3,3,car,source_verified,
open-images-test-2ec93b6b70e95344,open_images:test:2ec93b6b70e95344,open_images,2ec93b6b70e95344,,,,duplicate-73833bc5c3cfe63f0a8c,positive,train,images/train/open-images-test-2ec93b6b70e95344.jpg,labels/train/open-images-test-2ec93b6b70e95344.txt,public_v2,a785c353834b3a59d0e84bad61bbadbb4c21e93518f19b156e0e682a0d4d7a20,0ca0609fd8d0fb4f7a1b63df7f6a27a4586b79f0a31bf6bc9c6a17b4f64a89ee,91aaabf585909f86,1,car,source_verified,
open-images-test-2fed7615b48b8713,open_images:test:2fed7615b48b8713,open_images,2fed7615b48b8713,,,,duplicate-92653b0184fe1dd9a86f,positive,train,images/train/open-images-test-2fed7615b48b8713.jpg,labels/train/open-images-test-2fed7615b48b8713.txt,public_v2,69a6566c7f2d205fa902bc6482a727b5d640c8d14e0072e95e409854d2fe1ae6,34b6d41c2e92c7884036362119ca5cc62335c8797d52090f675f9fac5d03182d,c5f49f406a95ad46,14,person,source_verified,
open-images-test-3010e8373a200753,open_images:test:3010e8373a200753,open_images,3010e8373a200753,,,,duplicate-bbd778f9f1d054899ad9,positive,train,images/train/open-images-test-3010e8373a200753.jpg,labels/train/open-images-test-3010e8373a200753.txt,public_v2,27030af81a85a4bf6381283e339ce1a6d7e6ea1b445ae70310a2a7d2db99332d,639010a5bf8bd07c0fa6f36b8820be618ddd44d70abc28aa2bfdbbba62ae3689,a8dc97621de83a47,5,person,source_verified,
open-images-test-3099f17d24a6742e,open_images:test:3099f17d24a6742e,open_images,3099f17d24a6742e,,,,duplicate-f21e28e63746c2508fc9,positive,val,images/val/open-images-test-3099f17d24a6742e.jpg,labels/val/open-images-test-3099f17d24a6742e.txt,public_v2,edc1ee76576042ca3c39ad413576be24ce88e9992a25aca23cdd4d8a61bfe436,ce9c775ecf5ab0bcc3835b697f6fe814a777aefd4eccf779c97326b0986f64aa,d170a07f76b119d8,26,person,source_verified,
open-images-test-309d85a99db7731e,open_images:test:309d85a99db7731e,open_images,309d85a99db7731e,,,,duplicate-08fe9cc8e2e7de3d7691,positive,train,images/train/open-images-test-309d85a99db7731e.jpg,labels/train/open-images-test-309d85a99db7731e.txt,public_v2,b16b07a60d7ea661fbea9cee7434acc8b8593c2c2b70cd4ee5438831511815fe,7b920270f40785146bb60ae2b8ee61dc2effdab80a7d783a3fdd039f467007b2,ef2fd0c037b70816,1,truck,complete,
open-images-test-30b54b940617059f,open_images:test:30b54b940617059f,open_images,30b54b940617059f,,,,duplicate-4de0ac2799ac4e79d3bb,positive,train,images/train/open-images-test-30b54b940617059f.jpg,labels/train/open-images-test-30b54b940617059f.txt,public_v2,35eb42dc0c6ebaa41919c174ee5efc2e34f20d53a779215dcae1001d4ec3d8eb,f0450cc5c7a90dbfce22a2817662f1198fceb92a956470c8c3847ff568311575,ea95d12a8f74d08b,1,car,source_verified,
open-images-test-30ee8097adcbae53,open_images:test:30ee8097adcbae53,open_images,30ee8097adcbae53,,,,duplicate-9e94af868c9cd415c44b,positive,train,images/train/open-images-test-30ee8097adcbae53.jpg,labels/train/open-images-test-30ee8097adcbae53.txt,public_v2,11e35007d866dcb4c9066da095daceb9723d67542e554f0fcaebb6fdd6f874d6,a09f81e388ddd2164fc8fa0cb5cd20e12a6c8aa9bc0fdb5e8e7e9e0b5c7ca6e1,c964b649e71ef1c0,1,person,source_verified,
open-images-test-30f3b090161603d2,open_images:test:30f3b090161603d2,open_images,30f3b090161603d2,,,,duplicate-aaa1ec633423c9b3d028,positive,val,images/val/open-images-test-30f3b090161603d2.jpg,labels/val/open-images-test-30f3b090161603d2.txt,public_v2,d9141a148954a4d7ae3c85a3681af21abaa1104c394105e60e9c790ff182ccaa,1454465c4a2cf875dff97bd3d420ea8b83a3db1dd7643070ca28a9d1da2d2bdd,cba7384cb33ac4b8,4,car;person,source_verified,
open-images-test-3117fa3c91ec9be9,open_images:test:3117fa3c91ec9be9,open_images,3117fa3c91ec9be9,,,,duplicate-d6531f058264233cce44,positive,train,images/train/open-images-test-3117fa3c91ec9be9.jpg,labels/train/open-images-test-3117fa3c91ec9be9.txt,public_v2,df8a96622088023815801f564bb605cdf5415cf85588b8d3aabdd25729fdbaf6,dec6840cc3e86488f13747a1a64f92d7fdbf61ce95c7c7fbde35776ab345b9d9,b6ba184df2639d06,15,person,source_verified,
open-images-test-31b5b2ce835890a8,open_images:test:31b5b2ce835890a8,open_images,31b5b2ce835890a8,,,,duplicate-2d3c11dfc5016893bb6e,positive,train,images/train/open-images-test-31b5b2ce835890a8.jpg,labels/train/open-images-test-31b5b2ce835890a8.txt,public_v2,6999f298ec972ad2d2cad21d20dd2dc0de2b67cf206ecb3d95a653eda97129f6,b1c9e3d3a3d6fa67068853dbfe0777deb731122283aefd746b76ac28cc39d577,efd43ae9c03a0f81,4,person;truck,source_verified,
open-images-test-31de25424e74c9e9,open_images:test:31de25424e74c9e9,open_images,31de25424e74c9e9,,,,duplicate-945b9eaf6d33ad4b44aa,positive,train,images/train/open-images-test-31de25424e74c9e9.jpg,labels/train/open-images-test-31de25424e74c9e9.txt,public_v2,495bdb6a2828f46ccf043e49d8906375976629145835c494fd4649f9f5dece49,202303dedeb7064c4d5b2d67f21cf48bd47ba05852919a3a5eb856bc8789b9ae,9103a71793bf93b0,2,bus;car,complete,
open-images-test-322033b50e0111d3,open_images:test:322033b50e0111d3,open_images,322033b50e0111d3,,,,duplicate-a09d0a1bbe4a4598201c,positive,train,images/train/open-images-test-322033b50e0111d3.jpg,labels/train/open-images-test-322033b50e0111d3.txt,public_v2,a312759e7569eeb4b3f39ed3d9eac38a205c0f6785dc933f55b436c4518e9391,d59e56a3f67593a98dc53044f06a01becaed5b699f05bbb343ccfc95544dcd61,8a9e69a18e588bd7,14,person,source_verified,
open-images-test-32d0b8bec208e66b,open_images:test:32d0b8bec208e66b,open_images,32d0b8bec208e66b,,,,duplicate-079cae6bd7c58605ad07,positive,train,images/train/open-images-test-32d0b8bec208e66b.jpg,labels/train/open-images-test-32d0b8bec208e66b.txt,public_v2,77ea0d59241b25b9ae20f7efda2647d53673e0321eb74b03724c551b2857bab9,0301795dcfbdcefc45e5bc25660783bf17c4e94422c5789db7a904c1615a898a,8c9373424ec8b5b7,4,person,source_verified,
open-images-test-32efd2d20e55e056,open_images:test:32efd2d20e55e056,open_images,32efd2d20e55e056,,,,duplicate-6dde9a343dbaf73d992b,positive,val,images/val/open-images-test-32efd2d20e55e056.jpg,labels/val/open-images-test-32efd2d20e55e056.txt,public_v2,2dec4d15d48f831bdadf80528b7f6257f47f8cb5a973cbb5dfa9ade16290b6bb,61d1792f52038ad8ed3f239c3e5da9de348a6a7cc3621b452d84f000e244ed7f,ee149298a6e17b66,1,person,source_verified,
open-images-test-333af1aa3477afa0,open_images:test:333af1aa3477afa0,open_images,333af1aa3477afa0,,,,duplicate-331bd12ed7b28222469c,positive,train,images/train/open-images-test-333af1aa3477afa0.jpg,labels/train/open-images-test-333af1aa3477afa0.txt,public_v2,c234bb7ca5df2f2e75781b1e08177bb883a5a49b66d27e25b517ca520a58226c,ed1d847b1dfd9278e47554847f302518f5cd72e72263ee387210e9e8189980f1,9235567a24db78c3,1,person,source_verified,
open-images-test-33bda38cc13e5cde,open_images:test:33bda38cc13e5cde,open_images,33bda38cc13e5cde,,,,duplicate-ecec185c622ba6467ba2,positive,train,images/train/open-images-test-33bda38cc13e5cde.jpg,labels/train/open-images-test-33bda38cc13e5cde.txt,public_v2,d781107acc507206df39ecb2332711bd9cb6df9ab103d16be4a22c580ca7cdb3,e554a143d168855280327e03572dfa714ed83f241ea16a9c77904f7fb33b30c7,a4b3c20b75c8badc,3,bus,complete,
open-images-test-3412ae6aa7e1d8ec,open_images:test:3412ae6aa7e1d8ec,open_images,3412ae6aa7e1d8ec,,,,duplicate-1fbef42f28768f29f245,positive,train,images/train/open-images-test-3412ae6aa7e1d8ec.jpg,labels/train/open-images-test-3412ae6aa7e1d8ec.txt,public_v2,b98dced8994944a665bc735e2e0d8f85b3b6fb368cfda2bad25891158ce6514c,2729e5b400fb6624fc18e1b1eb41e10c8aa1d4fdea1a912761025e65901bc32f,b61d05616e9799e4,3,car;person;truck,complete,
open-images-test-3413970850cac8a7,open_images:test:3413970850cac8a7,open_images,3413970850cac8a7,,,,duplicate-c447a05313cc69817f09,positive,train,images/train/open-images-test-3413970850cac8a7.jpg,labels/train/open-images-test-3413970850cac8a7.txt,public_v2,8844d24f964508db672cc5fa9c96bacfdf75428956bc3f1f5d653b5532d38715,0256d71a5f9b55d1d77adc31e2438c56f43f14364f0c9d46565c40dcf94ee722,919775d75a88d892,1,person,source_verified,
open-images-test-349264eaecc50cb5,open_images:test:349264eaecc50cb5,open_images,349264eaecc50cb5,,,,duplicate-c9731305622c9565f8e9,positive,val,images/val/open-images-test-349264eaecc50cb5.jpg,labels/val/open-images-test-349264eaecc50cb5.txt,public_v2,6cd2972465488668f1735b97dd8e571b9ffb36a7eaaa390157a5ecb90267f1a8,649ea3e981c0f062ff8353eb53816b2e2c080350f349ff032401ae0e0d93d900,a935d061b5c3670f,2,car;motorcycle,source_verified,
open-images-test-34a377cc214e2874,open_images:test:34a377cc214e2874,open_images,34a377cc214e2874,,,,duplicate-687e447223559c2ebe58,positive,train,images/train/open-images-test-34a377cc214e2874.jpg,labels/train/open-images-test-34a377cc214e2874.txt,public_v2,878b98ea38fd07f486f63b191bfdcecc0c28c67b8aae427b4d658e228fe7b853,afe470a79f487fe8cf64fe9c3dac04dc9d6a14cde17f17b185dd152a48715b89,91d566275c18393f,2,person,source_verified,
open-images-test-34e3372ce754adb0,open_images:test:34e3372ce754adb0,open_images,34e3372ce754adb0,,,,duplicate-40f0e202c1a0820cd336,positive,train,images/train/open-images-test-34e3372ce754adb0.jpg,labels/train/open-images-test-34e3372ce754adb0.txt,public_v2,c94d2ccc443663031da7682a78193702fdea7ca3357944433727a2d12909b8e3,9e90812f06bfe66895a960a510080e1b82a3b9bf5cfc85f3fb8f557b42b8cde1,9e9e972d89b13072,2,car;truck,source_verified,
open-images-test-34fb027d7093fa48,open_images:test:34fb027d7093fa48,open_images,34fb027d7093fa48,,,,duplicate-b4c125c28660bf8e549c,positive,train,images/train/open-images-test-34fb027d7093fa48.jpg,labels/train/open-images-test-34fb027d7093fa48.txt,public_v2,7b70011a64fb07e623788aeb6c0f5d7cc9e36a2bb551ff5a9ee8baeb80c22308,bcbd50ce5d9102ef47a34106787252fc54402e9ad3b6cb7124f134192bf5ea1e,8c23536c4ad36df2,1,bicycle,complete,
open-images-test-355bc1ce582f0e96,open_images:test:355bc1ce582f0e96,open_images,355bc1ce582f0e96,,,,duplicate-7e7ec06e1cf191d56040,positive,train,images/train/open-images-test-355bc1ce582f0e96.jpg,labels/train/open-images-test-355bc1ce582f0e96.txt,public_v2,fc31dcaf175b80187f9793c820cb2950adb84ac1dfa93fe114791321bdd5dab0,3341180e04712b285c334780340e9e26916d57a6bfc7272a3afa1a2170e3a1e6,9f44e429d33e60d3,2,bicycle;person,complete,
open-images-test-35a82af8c9c765df,open_images:test:35a82af8c9c765df,open_images,35a82af8c9c765df,,,,duplicate-79cd2943340caded75b6,positive,train,images/train/open-images-test-35a82af8c9c765df.jpg,labels/train/open-images-test-35a82af8c9c765df.txt,public_v2,ce3250382d1435ce81d028fcf393db2edd33e17f3742c0fdcf4221a89013f61a,3e79233f050eb9da5004b1a74f12cd1ff8408886d87a2da92055c04a370644d2,c3c4bc1363cd9633,1,car,source_verified,
open-images-test-361cb196af515d21,open_images:test:361cb196af515d21,open_images,361cb196af515d21,,,,duplicate-54e8b2ba83a798e54b18,positive,train,images/train/open-images-test-361cb196af515d21.jpg,labels/train/open-images-test-361cb196af515d21.txt,public_v2,d06855eab37e85065e9a1a96db9803314d58dade01af569cf37f5b31b2f5022a,ea331f866f1bce286e5c1adcb2c64710c97688d6da7705a3d305707f807cf09a,dda4269982b4b5b9,2,bus,source_verified,
open-images-test-3794abc04175ce82,open_images:test:3794abc04175ce82,open_images,3794abc04175ce82,,,,duplicate-716f2249ec70ac2103dd,positive,val,images/val/open-images-test-3794abc04175ce82.jpg,labels/val/open-images-test-3794abc04175ce82.txt,public_v2,80f5e2a23fd8d8c606ea987e339b1e7aea2fc1254a9ad67ebfae1b190f6272dc,9b7e9b4a3e31fe03a03fcd527b058d7f94b92180e79340f97e44735f62474c2a,c7cc9c399bf88087,1,car,source_verified,
open-images-test-37ccd6224a81e2d3,open_images:test:37ccd6224a81e2d3,open_images,37ccd6224a81e2d3,,,,duplicate-25831f63e3bd9b9f7bcc,positive,train,images/train/open-images-test-37ccd6224a81e2d3.jpg,labels/train/open-images-test-37ccd6224a81e2d3.txt,public_v2,107c415fd3c3c24df898da18e2519b6f44c0c6495ae2f8d98589df214e100b92,1e3966ef46688e10dd4c2f78a210dea861dcae147967e7181060c5ea372516bf,a88ab2d0faf1cd43,1,truck,complete,
open-images-test-37cefbc4007562c5,open_images:test:37cefbc4007562c5,open_images,37cefbc4007562c5,,,,duplicate-40848359a85c8c268d89,positive,train,images/train/open-images-test-37cefbc4007562c5.jpg,labels/train/open-images-test-37cefbc4007562c5.txt,public_v2,31a150aa75a56aba2ff36912ce979e4070d70feda45a43f9b1bcb5f06ef1d30e,509e0100c4ef1b998651cb4b83e1d9bf07e2c5993e5a797334054129d4d24cba,bdc27c0dc37b0730,5,person,source_verified,
open-images-test-37e5d6ed12a7b71e,open_images:test:37e5d6ed12a7b71e,open_images,37e5d6ed12a7b71e,,,,duplicate-302462eea96275ed3f50,positive,train,images/train/open-images-test-37e5d6ed12a7b71e.jpg,labels/train/open-images-test-37e5d6ed12a7b71e.txt,public_v2,d1a49d9be5566ee6dd5c85e2ee78f4c088a055cf43b4e62e84c8838021ed95fe,f113118e3dfae07b9ce3af9cd8696701ff3735dcc7b544497893ed1c77e02a2b,80c095bf9f3d9e41,3,bus;person,source_verified,
open-images-test-3805aeb0f0ee2feb,open_images:test:3805aeb0f0ee2feb,open_images,3805aeb0f0ee2feb,,,,duplicate-c666a23d860e2bf4ee89,positive,train,images/train/open-images-test-3805aeb0f0ee2feb.jpg,labels/train/open-images-test-3805aeb0f0ee2feb.txt,public_v2,af835c6bb2fc5085a71f1438659c4a7aa8a0e2b6c2277951755c74c384531e52,ce3934d6a62946c81eb5046efd4d02a679b24fe1f71ddab00a51b8fada3fa401,cbe070cc3f38836e,2,car,source_verified,
open-images-test-381e15e178701055,open_images:test:381e15e178701055,open_images,381e15e178701055,,,,duplicate-63fad237bd02bfd945f4,positive,train,images/train/open-images-test-381e15e178701055.jpg,labels/train/open-images-test-381e15e178701055.txt,public_v2,85d7f9486af2616e039feccddd06c7b6a3e9dd36edf67c67f8df73e23dfb3cf3,fcc20fc0f0e04bda940627e98d52fd239225af1eef69ede345a39eb6e9ec26db,858570617c1ad7fc,1,person,source_verified,
open-images-test-382055f26ec63cfa,open_images:test:382055f26ec63cfa,open_images,382055f26ec63cfa,,,,duplicate-fad7b1bc3935a45e0ded,positive,train,images/train/open-images-test-382055f26ec63cfa.jpg,labels/train/open-images-test-382055f26ec63cfa.txt,public_v2,97c51443718e35e18c48edbd278764a691c9fb2fcf12301357d9c617f96b1dbc,dae69cdc080bc2f9503f60c59a8b683dafec723fb0a27a41c5c29da7b9692175,80e1add69ecb035d,2,car,source_verified,
open-images-test-38c842121646aea4,open_images:test:38c842121646aea4,open_images,38c842121646aea4,,,,duplicate-908c262bf25f441ed976,positive,train,images/train/open-images-test-38c842121646aea4.jpg,labels/train/open-images-test-38c842121646aea4.txt,public_v2,f152108587f57231fcb13f1e895e62bebe7dbd00624982fedfe64280f7bb7f1e,3f47e49b33f9a3f6eb2d44b4bf060cdb6339edcdf6346543be7952f317972731,aa4ab525d748ad33,1,motorcycle,complete,
open-images-test-38e19a435e326237,open_images:test:38e19a435e326237,open_images,38e19a435e326237,,,,duplicate-d7464949203ee5939179,positive,train,images/train/open-images-test-38e19a435e326237.jpg,labels/train/open-images-test-38e19a435e326237.txt,public_v2,f2194be97f7692d78c47e2b81f0111c06627275335c57c112568dfde274ad534,c7a46aebfd454ce111530b217969f2f0a6cacfbf9dc1853c8800c4ab2a8e7999,f367e0b848e0c736,4,motorcycle;person,complete,
open-images-test-3915a12316f48cf7,open_images:test:3915a12316f48cf7,open_images,3915a12316f48cf7,,,,duplicate-39bb297961687dc0e1ff,positive,train,images/train/open-images-test-3915a12316f48cf7.jpg,labels/train/open-images-test-3915a12316f48cf7.txt,public_v2,20e6efb5d25eb922a25b6d00ea1190b149a73b1aaa105389c22bd2a04a05f42c,c545735e3e4778a1ab5058fdb5b787558a8d751ac380f6e74c4eff219ff163dc,a9c4d43bc2763f30,3,car;person;truck,source_verified,
open-images-test-39690dc1b4397f88,open_images:test:39690dc1b4397f88,open_images,39690dc1b4397f88,,,,duplicate-25c0e1062a9c661c4963,positive,train,images/train/open-images-test-39690dc1b4397f88.jpg,labels/train/open-images-test-39690dc1b4397f88.txt,public_v2,3e021006adfc05e515fc027248c988699bca29c870b6edc9e220783839c84eca,78cc505d162c9944f734ad7d8db388461665883a8875c57bfdf82b9b2ff00753,e4269b9b6c643699,1,person,source_verified,
open-images-test-3a5dee1a35b442fa,open_images:test:3a5dee1a35b442fa,open_images,3a5dee1a35b442fa,,,,duplicate-d634a382dfeb2ea3e4e4,positive,train,images/train/open-images-test-3a5dee1a35b442fa.jpg,labels/train/open-images-test-3a5dee1a35b442fa.txt,public_v2,17bdb8b82f065826173fa96ba9209bd76f5a9311c03bee09ff11087693b23747,038e2ab25fb6b049cd567ae3ad6041c7e2192bde08f41f2b709419c082a3d982,cba8b604dd3bd0cc,4,bus;person,source_verified,
open-images-test-3a6d9ac99a96dc89,open_images:test:3a6d9ac99a96dc89,open_images,3a6d9ac99a96dc89,,,,duplicate-95d06de4d83fb463a420,positive,val,images/val/open-images-test-3a6d9ac99a96dc89.jpg,labels/val/open-images-test-3a6d9ac99a96dc89.txt,public_v2,d116b073d2f13744fa37a1d5f9816e50f759c7aa0dd774f061707ca4085fe124,0f9250055fd172f2b1da09c90df1c6d21157dc94b0ae5188090540f2c77de2db,cc4657d8b20f607b,1,bicycle,complete,
open-images-test-3a8677de9eaf0a59,open_images:test:3a8677de9eaf0a59,open_images,3a8677de9eaf0a59,,,,duplicate-30d6bbd596c365e80b25,positive,train,images/train/open-images-test-3a8677de9eaf0a59.jpg,labels/train/open-images-test-3a8677de9eaf0a59.txt,public_v2,1a4c08884a348cae4d4871f9643031549b9edb7cfc3ab22aa98e979917ab80d1,a8700515158ea844ed65d9973d50fd9675b845ad415d7eb325daf361736fde83,cccb813332fe9c85,1,car,source_verified,
open-images-test-3aa71dd0894590b4,open_images:test:3aa71dd0894590b4,open_images,3aa71dd0894590b4,,,,duplicate-7cec9afb557a97f09e7d,positive,train,images/train/open-images-test-3aa71dd0894590b4.jpg,labels/train/open-images-test-3aa71dd0894590b4.txt,public_v2,00069a42256a20b0e2d5018e32d461d62bd80b1cf59c777be2c04dc83bbaae81,a9ac41aaa4a970838d661ba207d62edcf4428d5e38450089a973d4721c0b7197,ed94e2899378857a,1,bus,complete,
open-images-test-3b4ef0835ccf0024,open_images:test:3b4ef0835ccf0024,open_images,3b4ef0835ccf0024,,,,duplicate-bc2e3a4ce37fff8f0809,positive,train,images/train/open-images-test-3b4ef0835ccf0024.jpg,labels/train/open-images-test-3b4ef0835ccf0024.txt,public_v2,d2618f717ee85b5414de70377b8f8ca9daeb188f0fa47f36f2481dbd41fdd290,a3feafdbe48d932b86f857015840a0ac472c6dea0b1184b113c6e9732280979c,a9a59659252ef45a,1,person,source_verified,
open-images-test-3b883b1f6ace955d,open_images:test:3b883b1f6ace955d,open_images,3b883b1f6ace955d,,,,duplicate-5a0153166ff4cebdc0b8,positive,train,images/train/open-images-test-3b883b1f6ace955d.jpg,labels/train/open-images-test-3b883b1f6ace955d.txt,public_v2,e2f746efb4f75f2e93ffbc031bf013353e447bd06613cc731ef63d8ec94d014a,26280b69d16cd81ef1c9562f36d6e60841182e128ca2c03a61877ac53025219f,bf60802fce3f8532,1,car,source_verified,
open-images-test-3bc8548a69bedbe9,open_images:test:3bc8548a69bedbe9,open_images,3bc8548a69bedbe9,,,,duplicate-42d19e79f0e156832020,positive,train,images/train/open-images-test-3bc8548a69bedbe9.jpg,labels/train/open-images-test-3bc8548a69bedbe9.txt,public_v2,a30b3cc0e148f6e11073bddbdfa00f364dc7641ec90a08aef15bc47d50c0e133,e77bcedb662bc787c10bc3f2b9ced4c6c60cb74f961dccf71e23ed87b681dbef,ea6a08dd1cb533b1,3,person,source_verified,
open-images-test-3c2dd7f83da2f386,open_images:test:3c2dd7f83da2f386,open_images,3c2dd7f83da2f386,,,,duplicate-25390fd66f8cd58471ba,positive,train,images/train/open-images-test-3c2dd7f83da2f386.jpg,labels/train/open-images-test-3c2dd7f83da2f386.txt,public_v2,34f682f8c2c9d505e4e6979a6d36a0833cdbac8c8b3fc97ddbc0297592701b79,f0a787933914093d766ddac2d98aa37d1b93471cf5736d6acb7ba49e0fa3a65b,d3c0bcc18b34475f,3,car,source_verified,
open-images-test-3caa425417a0db1e,open_images:test:3caa425417a0db1e,open_images,3caa425417a0db1e,,,,duplicate-dda82da60599c87fd759,positive,train,images/train/open-images-test-3caa425417a0db1e.jpg,labels/train/open-images-test-3caa425417a0db1e.txt,public_v2,59d642af6544e96d719ceb697808a8147c427cc14df5148917f7cafe7b82c693,7a645cfc096337d35355cb9dd4d543dfe1ad1c4427c5dfd904be937b48178733,c9e171dce3649a1a,4,car;motorcycle,source_verified,
open-images-test-3db21597772850ec,open_images:test:3db21597772850ec,open_images,3db21597772850ec,,,,duplicate-a3ccc872bef31a453cf5,positive,train,images/train/open-images-test-3db21597772850ec.jpg,labels/train/open-images-test-3db21597772850ec.txt,public_v2,f4fe6e3271849b9d7c7511478f59719fbabfc7e2bfa46ba289ae6f1ea71c74d2,d9f7c3ea67be9bfeaf358e63334756ec73ff787c61855215b31cb6d91cc48e5f,ced6f3599d60a40c,2,bicycle;person,source_verified,
open-images-test-3dc9d763270c26cc,open_images:test:3dc9d763270c26cc,open_images,3dc9d763270c26cc,,,,duplicate-db4a5516d12485a3fbd8,positive,train,images/train/open-images-test-3dc9d763270c26cc.jpg,labels/train/open-images-test-3dc9d763270c26cc.txt,public_v2,233a39a9869c05c31384f12b21bd2404794e7624e7640a13e56c30f35ad148b7,7dea635e68fc692e337d1364b48885999674f0e9c47e8089d4be971bd561bd93,e9c995aac294ccae,5,bus;car,complete,
open-images-test-3dff3acab07cdf13,open_images:test:3dff3acab07cdf13,open_images,3dff3acab07cdf13,,,,duplicate-916cf6910494adcaf455,positive,train,images/train/open-images-test-3dff3acab07cdf13.jpg,labels/train/open-images-test-3dff3acab07cdf13.txt,public_v2,bca8e2bd24dcb440f0bfc1e7d86c89152f5940a11e90bd4a61e3da33cc3e975f,12bc0b69de73f95782c883e05e981c4a2800cbd957b280a57995fbf412d2b52e,95eaea5419b3ec18,9,person,source_verified,
open-images-test-3e5c84b7cd1a0971,open_images:test:3e5c84b7cd1a0971,open_images,3e5c84b7cd1a0971,,,,duplicate-951d79def8d9033be9ee,positive,train,images/train/open-images-test-3e5c84b7cd1a0971.jpg,labels/train/open-images-test-3e5c84b7cd1a0971.txt,public_v2,a5fd09d4e378ee31164155cba2d74c42c17b0b6a8ff2b2aba84578070c0cbb15,d95df075cb8067a1e392e9399363f8ae905ad3f4924a96bc8e98bb14a7c6e571,a3bf8c3436b22b0b,4,bicycle;person,source_verified,
open-images-test-3e73d205365e7928,open_images:test:3e73d205365e7928,open_images,3e73d205365e7928,,,,duplicate-cdb669d97959be88802d,positive,train,images/train/open-images-test-3e73d205365e7928.jpg,labels/train/open-images-test-3e73d205365e7928.txt,public_v2,91ac4d936848ea649f015a58746ffc1ebf3039e8e4dda0f947df2fff4e4b4339,022ee54f4ea01c3893fc7c18b291efec30ec9a5ace354d6aa1094c52daa709e7,be92c1e0dfc43236,4,car;truck,source_verified,
open-images-test-3e85b66716009c21,open_images:test:3e85b66716009c21,open_images,3e85b66716009c21,,,,duplicate-d6cf861faab6c318ad9f,positive,train,images/train/open-images-test-3e85b66716009c21.jpg,labels/train/open-images-test-3e85b66716009c21.txt,public_v2,01324a6b59fc44f5bfb995816e6a2f41025f86de85147ac18411a3997d0e5256,7860788758a20bf523445666c67e7686d1f2df8d465cdad4981ad62a5a4fc935,9a5ae1261bd972c5,14,person,source_verified,
open-images-test-3e96c189a3ab15e5,open_images:test:3e96c189a3ab15e5,open_images,3e96c189a3ab15e5,,,,duplicate-97fec4e4b2741d53aed8,positive,train,images/train/open-images-test-3e96c189a3ab15e5.jpg,labels/train/open-images-test-3e96c189a3ab15e5.txt,public_v2,f5e17714b6fb9d7cfca99f987b040ed9936213a425df893018a7277c6ddf244b,f3452c8458df48e1b7bc9ba0028538cac63ab5d3c1340471c0f1ff9e94ca0961,b07d07a750accd4e,1,person,source_verified,
open-images-test-3ee09e992a2c9521,open_images:test:3ee09e992a2c9521,open_images,3ee09e992a2c9521,,,,duplicate-86a370222e45c1cdddbc,positive,val,images/val/open-images-test-3ee09e992a2c9521.jpg,labels/val/open-images-test-3ee09e992a2c9521.txt,public_v2,2bcbaad2b41280ab8920bf9b4731f6501f06ec807794a1bb517ea95e5f9b764a,ac190401c6b25e536f72bb71f1b6c51a020a1a2a33a3d92534f867a6e9d618e1,8a932d2fce99187c,2,car;truck,complete,
open-images-test-3f45e3023be88309,open_images:test:3f45e3023be88309,open_images,3f45e3023be88309,,,,duplicate-9f697bb3dd2a3b696a04,positive,train,images/train/open-images-test-3f45e3023be88309.jpg,labels/train/open-images-test-3f45e3023be88309.txt,public_v2,53c26866d8930436f01604467929e55c3a8f6e0d063213f64aed085e80f415b4,239db7a1fd5184c96c4232f22b393fb5315040f8d55a2b84a3027989c2c24f01,d8b43cca35c6e495,2,car;truck,source_verified,
open-images-test-3f4d54ebbfdccd7b,open_images:test:3f4d54ebbfdccd7b,open_images,3f4d54ebbfdccd7b,,,,duplicate-d2b7ec389eeccb16852b,positive,train,images/train/open-images-test-3f4d54ebbfdccd7b.jpg,labels/train/open-images-test-3f4d54ebbfdccd7b.txt,public_v2,de222faba98a87a013e16cde9dd71286bd0f8b165ed406bd0d260737760d3bf6,870ef6523a2147965e48f7076d6e91fb6ec8cd7905b489362596271210182f61,e5e4161a151ede27,1,person,source_verified,
open-images-test-3f8e509da13a0d30,open_images:test:3f8e509da13a0d30,open_images,3f8e509da13a0d30,,,,duplicate-fc488bc579c2a86de7a7,positive,train,images/train/open-images-test-3f8e509da13a0d30.jpg,labels/train/open-images-test-3f8e509da13a0d30.txt,public_v2,87b377ce0770760f49365ae1218db990e11a227b365560432db3e16ae0958f99,71c01cb262c4a605bbe9e4597dd5b4b11116ebd185a781ca2197ddf639032b06,b246163531696ecf,5,motorcycle;person;truck,source_verified,
open-images-test-3fee241ab462d146,open_images:test:3fee241ab462d146,open_images,3fee241ab462d146,,,,duplicate-b94c66a86b253f23ff9d,positive,train,images/train/open-images-test-3fee241ab462d146.jpg,labels/train/open-images-test-3fee241ab462d146.txt,public_v2,2b46628828fe703b85f82f495574d145fee81353290a2aca0506ed0ecaa38c2c,f21a7b386d3b22788173d169375b035f7d862fdad578134f0ddbdb9b0eb62c4b,8b17e53c3463ba4a,2,car,source_verified,
open-images-test-401054682c996e08,open_images:test:401054682c996e08,open_images,401054682c996e08,,,,duplicate-ba5c7fb5e34f91d744e9,positive,train,images/train/open-images-test-401054682c996e08.jpg,labels/train/open-images-test-401054682c996e08.txt,public_v2,712d7935354272d6dffbe01e60addb265635ce3e57a6c7fcd3e74b6fa1e1bb2e,cceb2dbdfbed14f9e60e9998739b81b525beda80c127024e203db49efee12765,d312f9496d3416a7,7,car;person,source_verified,
open-images-test-4039bbc7f27fd5bc,open_images:test:4039bbc7f27fd5bc,open_images,4039bbc7f27fd5bc,,,,duplicate-f163d794c766cdd21363,positive,val,images/val/open-images-test-4039bbc7f27fd5bc.jpg,labels/val/open-images-test-4039bbc7f27fd5bc.txt,public_v2,7fc74f453a92a674f62080da3715242558e2c2381d2110649dbfd632f5a29a6c,a58a8c256f1597f9af24eb00dd55fb4bba34f78901ab51131c489b7799cea0a4,e695138b1e1e39c9,1,person,source_verified,
open-images-test-407e5c907ccc6941,open_images:test:407e5c907ccc6941,open_images,407e5c907ccc6941,,,,duplicate-df3b5b1809150cfaebbe,positive,train,images/train/open-images-test-407e5c907ccc6941.jpg,labels/train/open-images-test-407e5c907ccc6941.txt,public_v2,41f0f0f8a75c95d934b6d67887a328df4c078585c5e1a9d07f33f69b272a563b,04fc25c41333991d78420e879a0f7f7ed78205fbb1de339122dee612dc57604a,a5c48a3a44f3b78b,1,car,source_verified,
open-images-test-414a01e6267d7961,open_images:test:414a01e6267d7961,open_images,414a01e6267d7961,,,,duplicate-cab532b4640d87efd61d,positive,train,images/train/open-images-test-414a01e6267d7961.jpg,labels/train/open-images-test-414a01e6267d7961.txt,public_v2,e51c34b8a7babc29fa459df322c321048aa9d1a89460ed6da9b0614d998111e6,6e2455bb531d598999603bfcbecb5b57562aa86eddcea1f987ec8064d6c839d3,eb8487b03517da95,2,car,source_verified,
open-images-test-4218dcab8d1c023b,open_images:test:4218dcab8d1c023b,open_images,4218dcab8d1c023b,,,,duplicate-aa9165b937ff6ff3ddcb,positive,train,images/train/open-images-test-4218dcab8d1c023b.jpg,labels/train/open-images-test-4218dcab8d1c023b.txt,public_v2,54abd364bee887a0dc7e3f65db07a1438d0321985c480b46c24e8be8d01cba81,72beee5a3d61e96a6c3a2cb040385b892cb2731385344af240c7e5a0838e82af,c5c1e86b7297a532,1,person,source_verified,
open-images-test-438323343203d97a,open_images:test:438323343203d97a,open_images,438323343203d97a,,,,duplicate-21a01561c5d66d18b914,positive,val,images/val/open-images-test-438323343203d97a.jpg,labels/val/open-images-test-438323343203d97a.txt,public_v2,927d8cd01970962d8734a1178d0dea3fa08807b579c985442b04e97b867f12ac,e185978d432efacebc52004477caef8c7b9553f711c2b9de27b992d69d8a5c42,f09f8f295276408f,2,truck,source_verified,
open-images-test-43877a6dbf0acf25,open_images:test:43877a6dbf0acf25,open_images,43877a6dbf0acf25,,,,duplicate-dbf63ed023b735328939,positive,train,images/train/open-images-test-43877a6dbf0acf25.jpg,labels/train/open-images-test-43877a6dbf0acf25.txt,public_v2,0a1663061aa01c891c2e4e75828072306bd25625474ae73b3ef8904ac19efe07,f5060379b312d195f3f59f80f5fe1d2e4224ecf1fd18310d632ef9db05af998a,b89cd870e7e78183,1,truck,complete,
open-images-test-43a960e31c6b5f55,open_images:test:43a960e31c6b5f55,open_images,43a960e31c6b5f55,,,,duplicate-04a9881757c7d8bb2e79,positive,train,images/train/open-images-test-43a960e31c6b5f55.jpg,labels/train/open-images-test-43a960e31c6b5f55.txt,public_v2,a44aa78b320f97c4768a9f853a5f78c773caf5a7ee6cb5c441bdff348bf2ccfc,897f8f8008b2875b6d8a2231a07d649e6c31293eea4817db1aea0ee74582b1cf,8b3b76207cf4c493,2,person,source_verified,
open-images-test-448258eb6941a5a4,open_images:test:448258eb6941a5a4,open_images,448258eb6941a5a4,,,,duplicate-bbe273078e95188e0df5,positive,train,images/train/open-images-test-448258eb6941a5a4.jpg,labels/train/open-images-test-448258eb6941a5a4.txt,public_v2,96726feff865d79d59c51b66d9662ba07db9cccca8931823d02d3b3b6cea2a06,d8542f9fe67aece8437a6a89e4cb938dfbcf53196d1d9080065b186309ce7097,ebdf2d80a834e568,1,car,source_verified,
open-images-test-44a9991210c2e2e0,open_images:test:44a9991210c2e2e0,open_images,44a9991210c2e2e0,,,,duplicate-6f7965566961635245ff,positive,val,images/val/open-images-test-44a9991210c2e2e0.jpg,labels/val/open-images-test-44a9991210c2e2e0.txt,public_v2,116dbd83eede8746a396a8b2e450b24437a0fa632aba2762e5d08fffdbd63577,20bd6cbb1cbfbf4adf68e8e163c7fbe4cd6b8e468b8ac0a10865208a1bad9ccb,f0b29f4d20b09e6e,3,person,source_verified,
open-images-test-44d3c378cfc80d7d,open_images:test:44d3c378cfc80d7d,open_images,44d3c378cfc80d7d,,,,duplicate-89fd47898f282efaf47f,positive,train,images/train/open-images-test-44d3c378cfc80d7d.jpg,labels/train/open-images-test-44d3c378cfc80d7d.txt,public_v2,31c42d099f7e073fadf1bd2ece77416c05f5eb4a52b31a1fa655c78dd77e785c,5440c3373c405ba155ef1e19225ed38ea9e7101a1ed12634e50e99d95397ba76,9227e4dabbd209a5,1,person,source_verified,
open-images-test-44ed0e944eaf9a63,open_images:test:44ed0e944eaf9a63,open_images,44ed0e944eaf9a63,,,,duplicate-5b2677828860ea859bec,positive,train,images/train/open-images-test-44ed0e944eaf9a63.jpg,labels/train/open-images-test-44ed0e944eaf9a63.txt,public_v2,a7860488edfd21caa4a2b77c828fce71abb90dc5dccfec4fcf8b6f3ce61f5199,529985892e8571500448cc8ce6c47d94fa1b2d833c097382f2a4bdb42b593696,b3c71d78e0076768,1,person,source_verified,
open-images-test-44f2bb83bc2947e7,open_images:test:44f2bb83bc2947e7,open_images,44f2bb83bc2947e7,,,,duplicate-25d8d8e87014546b842a,positive,train,images/train/open-images-test-44f2bb83bc2947e7.jpg,labels/train/open-images-test-44f2bb83bc2947e7.txt,public_v2,deebf7840e3ab89369139bd218851bc3f755f77575ed83022698bfe6ec4c0711,3320f543f3b89183766fce8d0957c397b972883ee05922ba84f29a16f05759c0,e58e61b394493bcc,1,person,source_verified,
open-images-test-4502c6fd4646d8dd,open_images:test:4502c6fd4646d8dd,open_images,4502c6fd4646d8dd,,,,duplicate-48465e6d4c774273c040,positive,train,images/train/open-images-test-4502c6fd4646d8dd.jpg,labels/train/open-images-test-4502c6fd4646d8dd.txt,public_v2,668fac55faf0d8c8c913d90171190457512c83c88917ff2195c06ea2fd5383e6,20f6b11f3376ed274ae5f6ad5c003d16a3bf03d3be887a4a898d1486a6360d3f,858fdca8ad48595b,6,person,source_verified,
open-images-test-4592e15aeaa849d2,open_images:test:4592e15aeaa849d2,open_images,4592e15aeaa849d2,,,,duplicate-28c0d9a7cd578cc307df,positive,train,images/train/open-images-test-4592e15aeaa849d2.jpg,labels/train/open-images-test-4592e15aeaa849d2.txt,public_v2,cdb2d9c21b1c786848209237fbf850c04d2b7800a0df94fed55196063b84f880,6122096ca83c64ccb5536df2fa94ac1ab2fc40d8a4440eed380f0a8bf898c7d7,ef40f97fc061c8c4,6,bus;person,source_verified,
open-images-test-45e6875f18576d15,open_images:test:45e6875f18576d15,open_images,45e6875f18576d15,,,,duplicate-c08c7f3dc96f06261537,positive,train,images/train/open-images-test-45e6875f18576d15.jpg,labels/train/open-images-test-45e6875f18576d15.txt,public_v2,631e7db70780d63735f852dc962ce288d32f8e7427f985cafa9f3d94d596ea3b,f478a2a8554f168248473f9697ea5aeace95b6da94ff933c4337ba4d314888e7,dca1a28e59336ca7,2,person;truck,source_verified,
open-images-test-4635ce05ac0bf965,open_images:test:4635ce05ac0bf965,open_images,4635ce05ac0bf965,,,,duplicate-202173c35f55f5364f93,positive,train,images/train/open-images-test-4635ce05ac0bf965.jpg,labels/train/open-images-test-4635ce05ac0bf965.txt,public_v2,de3ea6b8af556e9aeaf312711e8a614e53abe4a55ac61f40f6d9c1d828dd4033,a685da2f617c72e47bddd5ec46174d972b444e7d332fb91cc067f2c94cca4507,bd91c2ef1430bf28,1,truck,complete,
open-images-test-4667ff3280d539a2,open_images:test:4667ff3280d539a2,open_images,4667ff3280d539a2,,,,duplicate-b2c38cb9defaeba7d003,positive,val,images/val/open-images-test-4667ff3280d539a2.jpg,labels/val/open-images-test-4667ff3280d539a2.txt,public_v2,a8bc3bfd2bee8cafb1246f88418679aa7168150f039303c590d27d5895d02c9a,20562f8d5cce36e7b0fe1865a5a94ba0ffed3420296dda1cafec6bc636f9cf4c,88974a62eee2d0e7,2,car;truck,source_verified,
open-images-test-46a5dab12fb7ee72,open_images:test:46a5dab12fb7ee72,open_images,46a5dab12fb7ee72,,,,duplicate-bc1ad542c29a19bd07da,positive,train,images/train/open-images-test-46a5dab12fb7ee72.jpg,labels/train/open-images-test-46a5dab12fb7ee72.txt,public_v2,6b29c2bf5775803170e16cec30db74af049d911e318067927e6d7a2ff6bb2821,2e2eadb63e1a1872c0365a9dec29974dce4d6626a048aebc1a8e054aa55d87e9,b5e4d992d249c13e,2,bus,source_verified,
open-images-test-46a64f6bf9681284,open_images:test:46a64f6bf9681284,open_images,46a64f6bf9681284,,,,duplicate-f204bf41134e7448a9e6,positive,train,images/train/open-images-test-46a64f6bf9681284.jpg,labels/train/open-images-test-46a64f6bf9681284.txt,public_v2,b8184c3346499a362ea68ee90107aeec90cd0721dc8db6fd92b0f0e049dd0f43,1ef735fe5d2106728b113aae065fd0e52ed79b6303f59090a43337efced3fe66,b1b2e27c3a5ab4a1,2,truck,complete,
open-images-test-46bad8dbea057675,open_images:test:46bad8dbea057675,open_images,46bad8dbea057675,,,,duplicate-f20f09e561fa9165e68c,positive,train,images/train/open-images-test-46bad8dbea057675.jpg,labels/train/open-images-test-46bad8dbea057675.txt,public_v2,57ad51955728606bddd1f4d0446cd12d069c56b22844af8ebb30a936d355bffe,50148976e7d87f9fcd66bc884deefacdf4a0f9cf23d053089bf7d69475f9559b,b5b524a29b1872f6,2,car;truck,source_verified,
open-images-test-46d84b01c4b9e5e3,open_images:test:46d84b01c4b9e5e3,open_images,46d84b01c4b9e5e3,,,,duplicate-85162536d8b96e129662,positive,train,images/train/open-images-test-46d84b01c4b9e5e3.jpg,labels/train/open-images-test-46d84b01c4b9e5e3.txt,public_v2,ab264a50ecee76b4a70907b868e5bd1541326ee2fed6e451f11f3049052df367,bac101cc9cb3d26ae283307a05276b5e2beeb41aad00791c1955a2b7a8486364,bb66c60b19ec2792,2,person,source_verified,
open-images-test-470974a20748253f,open_images:test:470974a20748253f,open_images,470974a20748253f,,,,duplicate-f8e26f7cfb7eb326147e,positive,train,images/train/open-images-test-470974a20748253f.jpg,labels/train/open-images-test-470974a20748253f.txt,public_v2,f515f0ad30986fd8e5c1f17b65a9e4692d47ca0efc03cb5250a415879fd3af2e,13b75e31af2573f7250af9baf5bb648dfddf45774ce661cf1b80cf0886f220b7,abd4302ecef3511c,5,car;person,source_verified,
open-images-test-475363d16d70a270,open_images:test:475363d16d70a270,open_images,475363d16d70a270,,,,duplicate-ae6267af84e97cadf209,positive,train,images/train/open-images-test-475363d16d70a270.jpg,labels/train/open-images-test-475363d16d70a270.txt,public_v2,8984e21b05f078a4c223c659c4e3a1bb3d3e39a34db6c67b97ea593ec174436a,db92de355ead77769b64505fcc66f1b9bbe0b4ccb0c248877f0fa268859d15c5,cb1f1564ec8b8a96,3,motorcycle;person,complete,
open-images-test-478fbd26e27a76e9,open_images:test:478fbd26e27a76e9,open_images,478fbd26e27a76e9,,,,duplicate-12b01228f8e3fd3a003a,positive,train,images/train/open-images-test-478fbd26e27a76e9.jpg,labels/train/open-images-test-478fbd26e27a76e9.txt,public_v2,3431bcc3ad27ebe6b1e667145fb1894a0b293fedb1bc1cc5d76e6e0a207c37b1,20036ba4fd47301487ee2a420e65293d9c6615582128c0aae17fa2cd285200f4,be505816f6b7d089,10,bicycle;person,source_verified,
open-images-test-4938c0b35f1fb849,open_images:test:4938c0b35f1fb849,open_images,4938c0b35f1fb849,,,,duplicate-a09c29d7a9070e59ae9e,positive,train,images/train/open-images-test-4938c0b35f1fb849.jpg,labels/train/open-images-test-4938c0b35f1fb849.txt,public_v2,1a9277f7e36d42728c4407d061dcb08483a57bcf7cdce27f86c6830f5192e492,40c0daa0523dd97e6cfe947c7b6962a9b3a14b0dde6c3ed7415254d06f4a2b5c,de0185663a58c5ef,1,car,source_verified,
open-images-test-4a069e31a4108fe3,open_images:test:4a069e31a4108fe3,open_images,4a069e31a4108fe3,,,,duplicate-0819ede9609167bb7b4e,positive,train,images/train/open-images-test-4a069e31a4108fe3.jpg,labels/train/open-images-test-4a069e31a4108fe3.txt,public_v2,4c4f257014c4f754513646d6c7420e9db50f30d90a7ea5e867e156c55cef85fa,9b1686cf4596da6a73c54a1d03eaeb3aaf2f1db45c32624fe9c825409c4cab22,ed484e2e96f07a86,4,car,source_verified,
open-images-test-4a2536d72c9dfb57,open_images:test:4a2536d72c9dfb57,open_images,4a2536d72c9dfb57,,,,duplicate-18bfdbd0033b8cf7b727,positive,train,images/train/open-images-test-4a2536d72c9dfb57.jpg,labels/train/open-images-test-4a2536d72c9dfb57.txt,public_v2,cec99796a4ec562d8336b240e756933827f456c65c65c2fda19b4c151fad9854,af34a286f188133786e2523e972edf36b80da9ff0c29060ac49898a261e6e953,bfd0667eb1a1c224,3,car;truck,source_verified,
open-images-test-4a892844af006352,open_images:test:4a892844af006352,open_images,4a892844af006352,,,,duplicate-8b07d99a54e63b0b6d65,positive,val,images/val/open-images-test-4a892844af006352.jpg,labels/val/open-images-test-4a892844af006352.txt,public_v2,4ef6746b0a80d52e4d19eac5b9c308fd045c23ec5336918c1b2eaa0eb9cc9443,ea207e7435234561e9e19284d5cb9b940631d7e04d30408dffe5325ca447fab1,f4d3b00c527cc778,9,person,source_verified,
open-images-test-4afc51eb5365c5f0,open_images:test:4afc51eb5365c5f0,open_images,4afc51eb5365c5f0,,,,duplicate-f5075560f011b07c49d5,positive,train,images/train/open-images-test-4afc51eb5365c5f0.jpg,labels/train/open-images-test-4afc51eb5365c5f0.txt,public_v2,4bc4a68b6fcbe80f372b2998bf4bd7ace31dce65409584322fb592d7ec36a37d,5013a66fa599eb4ece3499b0c99c6abdb926df00c0d88f9a371f55e8f476662f,b31e0c8c14333bdf,3,person,source_verified,
open-images-test-4b1e10afc00e34ec,open_images:test:4b1e10afc00e34ec,open_images,4b1e10afc00e34ec,,,,duplicate-50bde717ee9d01f154f8,positive,train,images/train/open-images-test-4b1e10afc00e34ec.jpg,labels/train/open-images-test-4b1e10afc00e34ec.txt,public_v2,90f4c670a1afb2aee1deee355df6f3cab7bfb7cde9186e0b9a167c74cd144af5,b3cd7903e9002a0f35c20be6c966f2ea4ba08eaa5b31898547cdb2223783e17a,c66d1369a6929b96,6,bicycle;person,source_verified,
open-images-test-4b824dc9b898f21c,open_images:test:4b824dc9b898f21c,open_images,4b824dc9b898f21c,,,,duplicate-365b293dbfe053a4e9d5,positive,train,images/train/open-images-test-4b824dc9b898f21c.jpg,labels/train/open-images-test-4b824dc9b898f21c.txt,public_v2,9859b7cf5dd482e471e5d633e7cfc0e1087dba59a19caf834d12e04d42fdfec3,f8169acfe42eab6021ac7811c0e88eeabc81c485ccad935bd98cc36ff3dcafae,c6d2198d7e89df20,1,person,source_verified,
open-images-test-4ba79dee2c6ac645,open_images:test:4ba79dee2c6ac645,open_images,4ba79dee2c6ac645,,,,duplicate-feff5d6b50827e35b91e,positive,train,images/train/open-images-test-4ba79dee2c6ac645.jpg,labels/train/open-images-test-4ba79dee2c6ac645.txt,public_v2,321cde8a3688fa4d1ceac2676d5f783ed43d58257e8a87dd5cabc63962bce802,6e327124a79f35f7986a8723e799125e5d50b634c7705fef36d7f2e7e7658789,ceced47b3190d1c1,2,car,source_verified,
open-images-test-4bcb0c12da435255,open_images:test:4bcb0c12da435255,open_images,4bcb0c12da435255,,,,duplicate-496685e944c440d61cef,positive,train,images/train/open-images-test-4bcb0c12da435255.jpg,labels/train/open-images-test-4bcb0c12da435255.txt,public_v2,d75f0ea53a0fc539ad45f862a9d024f23bea3b9c5f627d9c67085229bb51f284,d66da9e56a9923d7be338f5a324293dc1a29a75d4822717b0826dafa36a22f38,85cb87fd1bc5f100,19,person,source_verified,
open-images-test-4c174e0321010f49,open_images:test:4c174e0321010f49,open_images,4c174e0321010f49,,,,duplicate-de489d7974afe86b0e64,positive,train,images/train/open-images-test-4c174e0321010f49.jpg,labels/train/open-images-test-4c174e0321010f49.txt,public_v2,cb67b473886ea35c154515d46fce240e210919df523ee42500bc2848edbd3d6d,deae5300ec64a80fbcb19093d7d0aa7d482291925ae535ca7732e649d180c8d9,a3c163a09b4e6cee,1,car,source_verified,
open-images-test-4c1dd11e3e057428,open_images:test:4c1dd11e3e057428,open_images,4c1dd11e3e057428,,,,duplicate-66b54447ce5c8fbc74cd,positive,train,images/train/open-images-test-4c1dd11e3e057428.jpg,labels/train/open-images-test-4c1dd11e3e057428.txt,public_v2,8dee7a53eb36b62ec8e1c4720510aa14a748ac22e9d63f655adf3cc39fb2762d,c4ce06a2a08d0853e026c3567573bc67c3c02993807188c9c01c82287a2aa814,dcc7ce90812f323d,2,bus;person,complete,
open-images-test-4c517a9b1f99cdbd,open_images:test:4c517a9b1f99cdbd,open_images,4c517a9b1f99cdbd,,,,duplicate-cf4905badef432e4b53e,positive,train,images/train/open-images-test-4c517a9b1f99cdbd.jpg,labels/train/open-images-test-4c517a9b1f99cdbd.txt,public_v2,71cf972772b5dda769d25c922a969af5e15c61453704d901df92c15b61fd3fa3,b2781439b6c19ad14128e4ce4d64bb9c35ee1a9afb56e90b30c3e223fb703380,f9c8c9958ab4bca2,1,person,source_verified,
open-images-test-4cb8712376a6babd,open_images:test:4cb8712376a6babd,open_images,4cb8712376a6babd,,,,duplicate-5e8e7b4c3ccf2d45a706,positive,train,images/train/open-images-test-4cb8712376a6babd.jpg,labels/train/open-images-test-4cb8712376a6babd.txt,public_v2,32bad20cc1ef116b118e60d4f48619bf88c18c4220e17ee802b434bf32bfb833,b16f947320579a211b331e66a9078529c3d5a998b741514b5d18541e7ac20b4b,82a2b8ccd3736e4d,1,car,source_verified,
open-images-test-4cf200c4526f44ff,open_images:test:4cf200c4526f44ff,open_images,4cf200c4526f44ff,,,,duplicate-111cb38ab4f0f345f97b,positive,train,images/train/open-images-test-4cf200c4526f44ff.jpg,labels/train/open-images-test-4cf200c4526f44ff.txt,public_v2,4023cee95c0f7d68403023ab5f7fce1282767b0e7c48d8f26530296d6d751596,012dbaf28de2b377743e71c73fefb106aef32421350d5f93e036f04f5d9b8ca0,ac2ca9e9cdd4d451,7,person,source_verified,
open-images-test-4d1b2ad4b2d6d56f,open_images:test:4d1b2ad4b2d6d56f,open_images,4d1b2ad4b2d6d56f,,,,duplicate-dd52b89b058e818ab941,positive,train,images/train/open-images-test-4d1b2ad4b2d6d56f.jpg,labels/train/open-images-test-4d1b2ad4b2d6d56f.txt,public_v2,480fb37d8a5205845262613fdd2d4e3d03cb98cc4b92b528697ffad09f243842,86450d779844a9d518642870258ef6cc064ded23c25253e62dc38cf652c4678f,b9d1c62f10b86f91,3,car,source_verified,
open-images-test-4d8758a82a38e16b,open_images:test:4d8758a82a38e16b,open_images,4d8758a82a38e16b,,,,duplicate-47f12cafe7c7c1c0acc9,positive,train,images/train/open-images-test-4d8758a82a38e16b.jpg,labels/train/open-images-test-4d8758a82a38e16b.txt,public_v2,f8eb0a8f88305e52501c38bae89daad52c45d3de548e1d0c341ea851f6c64b3c,c9b7ed80738a7cd70f51bacb7e80a8b08adad72986c1e7f4c86f9e736769777c,86246ecb4f4ae2c7,4,person,source_verified,
open-images-test-4ddd95bf3212036a,open_images:test:4ddd95bf3212036a,open_images,4ddd95bf3212036a,,,,duplicate-9e3edf62981682071228,positive,train,images/train/open-images-test-4ddd95bf3212036a.jpg,labels/train/open-images-test-4ddd95bf3212036a.txt,public_v2,168a0974df6434b4b9520ad69003fc1931ecf4693def53e1be895d379521504b,2ce5c6483ed744684986a2a8c2f1777882ddcc4505829d9f7a2f33dae64edc1d,e8cdb3b08e700ccf,6,motorcycle;person,complete,
open-images-test-4e2b3b52195d3919,open_images:test:4e2b3b52195d3919,open_images,4e2b3b52195d3919,,,,duplicate-57b4d656f970b889f9d2,positive,train,images/train/open-images-test-4e2b3b52195d3919.jpg,labels/train/open-images-test-4e2b3b52195d3919.txt,public_v2,22e80ec06dbaa067a37c2a764796fcfa467eab4682aef901ea3193e22ccd877d,9f9da85f1ba2487ad41af9dba9e7ea7de539d1fd7a9dc8a217ac0e03ef9a3d8a,dd45a21a9b233b96,5,bus;person,complete,
open-images-test-4e2cbde3cb73495f,open_images:test:4e2cbde3cb73495f,open_images,4e2cbde3cb73495f,,,,duplicate-19e3d3d06bbc1732ef6b,positive,train,images/train/open-images-test-4e2cbde3cb73495f.jpg,labels/train/open-images-test-4e2cbde3cb73495f.txt,public_v2,57f39fdc0594086278cc4f02a76d6ac722ab5b6b6e0535349f03071f6ba5eac6,6ea06d26fd88dd7961f8cd3d99765da152dd07f072ee877cc153677734ff5745,f9827e40b767083d,6,person,source_verified,
open-images-test-4e662713d76fe489,open_images:test:4e662713d76fe489,open_images,4e662713d76fe489,,,,duplicate-468a84c368d73f1f7f9a,positive,train,images/train/open-images-test-4e662713d76fe489.jpg,labels/train/open-images-test-4e662713d76fe489.txt,public_v2,34d19dc06f00c77760165a60a7cdac169037ac957d2f2f55c71e894daf27f083,672770782b3526f99b17f01c2fa0523c95ff9a898f3bf09a4bd7f29c94d72284,b27ca7e9c083cb45,2,person,source_verified,
open-images-test-4eb0eb7955ca570a,open_images:test:4eb0eb7955ca570a,open_images,4eb0eb7955ca570a,,,,duplicate-446586575e5f19abe301,positive,train,images/train/open-images-test-4eb0eb7955ca570a.jpg,labels/train/open-images-test-4eb0eb7955ca570a.txt,public_v2,c0b14e43938431f5fd3a8d01229ddddbe674d1e63e3359308ac37941148a1b39,cc0eb8843bab8bab8215fd28f5c2e772b4c70918c4a56b588b74905bfca0c423,aafb958c179142d6,2,car;motorcycle,source_verified,
open-images-test-4ee30e1ab6ec623c,open_images:test:4ee30e1ab6ec623c,open_images,4ee30e1ab6ec623c,,,,duplicate-297d1d8345097c18b774,positive,train,images/train/open-images-test-4ee30e1ab6ec623c.jpg,labels/train/open-images-test-4ee30e1ab6ec623c.txt,public_v2,019eedefea58fd42333d563cb96cf689488c5a9c0c662bbde4644b072b6719b4,6e70b9b9db88f8a71029e815a13d30356a76ee342cf4a0973d1e0f46231bc6a2,aa71b586c23c34db,1,person,source_verified,
open-images-test-4f6e1f415f584340,open_images:test:4f6e1f415f584340,open_images,4f6e1f415f584340,,,,duplicate-d9697de5380659d9113d,positive,train,images/train/open-images-test-4f6e1f415f584340.jpg,labels/train/open-images-test-4f6e1f415f584340.txt,public_v2,02de3dbd020402b2212c2418a5dec7d696a5f85adcfe0088fa33aa8a8f9c6ffa,f49e19d71c854f3f4af23af7395dc7912dc777668a545ea5747b9c57bcc079a9,c19c36c5691eb1ea,3,car;truck,source_verified,
open-images-test-4fb726733c133680,open_images:test:4fb726733c133680,open_images,4fb726733c133680,,,,duplicate-d8a1f434c12f86e095d1,positive,train,images/train/open-images-test-4fb726733c133680.jpg,labels/train/open-images-test-4fb726733c133680.txt,public_v2,28b6aae2da0b9eb6ddd1928d9fa3163995250ae12dee037cbab9d46055f35d3f,62e1858f529cc530c6bbdd41da55be44d7ecfb69624c24fbe0a43ee652b6526d,d8be28d2e3d026cb,1,car,source_verified,
open-images-test-501727520e6af47d,open_images:test:501727520e6af47d,open_images,501727520e6af47d,,,,duplicate-1b331028465a17c913bc,negative,train,images/train/open-images-test-501727520e6af47d.jpg,,public_v2,5e8135336844dd8363ffe133f65371a9090a2ee6b985eb047f6a3196f8e63dcc,3c228f10910d304e0cbbcb330f03e7e33b08371500a5c746dbc3971f086e368b,b7dd8960708e8f34,0,,accepted_negative,
open-images-test-5042ca0bd0c63f49,open_images:test:5042ca0bd0c63f49,open_images,5042ca0bd0c63f49,,,,duplicate-1cc32761ddbe41329ccd,positive,train,images/train/open-images-test-5042ca0bd0c63f49.jpg,labels/train/open-images-test-5042ca0bd0c63f49.txt,public_v2,7c1ad3d2d65d024e4cdac78e3333facc163ea751ba9688e42a5efa418d997a02,49fcb0d13a1ec8f3cdb8399c081afa00c339d713f2a311afdbe02647ad1217ab,d3e198da0a82e63f,1,car,source_verified,
open-images-test-5081d95bcb4a2f36,open_images:test:5081d95bcb4a2f36,open_images,5081d95bcb4a2f36,,,,duplicate-7a9181c300c68f14fdb9,negative,train,images/train/open-images-test-5081d95bcb4a2f36.jpg,,public_v2,04f7a92f323b30e2cdee8256a8eb9763eaa4ecbdb2b9d90bdfa4d63e6237d901,25fc631136a748849fd611524194645314f704550fc445e85822b4f24a40d2f1,bbccc3388f6118b6,0,,accepted_negative,
open-images-test-50d54ce32b3699a7,open_images:test:50d54ce32b3699a7,open_images,50d54ce32b3699a7,,,,duplicate-f2f11773c3e88b4e292e,positive,train,images/train/open-images-test-50d54ce32b3699a7.jpg,labels/train/open-images-test-50d54ce32b3699a7.txt,public_v2,11c3bc9a06d04ff54b865c249b23f3e11c3b16759e022693d988ff5dee6dbf3e,3104316afd38572e817245ff0a89f7ea3b6faf639359b66792e6c74fdb9c3c3b,fb830464e591f969,6,person,source_verified,
open-images-test-50f5eadf215a31b6,open_images:test:50f5eadf215a31b6,open_images,50f5eadf215a31b6,,,,duplicate-99a49ea3373f57d05879,positive,train,images/train/open-images-test-50f5eadf215a31b6.jpg,labels/train/open-images-test-50f5eadf215a31b6.txt,public_v2,bf995166a439c4b01c120c8b23a31ce14957489cf412587533bb742db3e09c69,0bd4858d59a2104b255d8eab034bf377c4c9674704c2de4b3569800213f90d6a,e1f48c8d93c971f0,1,person,source_verified,
open-images-test-511cf87eaafffa24,open_images:test:511cf87eaafffa24,open_images,511cf87eaafffa24,,,,duplicate-722b8ddf23bb7a2394eb,positive,train,images/train/open-images-test-511cf87eaafffa24.jpg,labels/train/open-images-test-511cf87eaafffa24.txt,public_v2,9f4e73d4692fc784ea3fe711bdc0df83d19381e5f68ba14fe57be9954991d99f,a1130f8f69e4703158b1e5c9253944bc15e38e9e1485f3badc08bcfc3bb013e9,b9c9e036564bb8a9,3,car;truck,source_verified,
open-images-test-5144967602ba58b3,open_images:test:5144967602ba58b3,open_images,5144967602ba58b3,,,,duplicate-8c1ff7f81f918a3d0213,positive,train,images/train/open-images-test-5144967602ba58b3.jpg,labels/train/open-images-test-5144967602ba58b3.txt,public_v2,ab81fea45b1dffbc30060483af41a27e3e7e4c3d80a11fe3635dffad4accc30c,5438e21afa8715be291d98ca6d991139bb022f57951d6c0893bd0d800a1ddc49,fa97a15f4a48ad42,1,car,source_verified,
open-images-test-5244864612b0d730,open_images:test:5244864612b0d730,open_images,5244864612b0d730,,,,duplicate-2b06f680057fb2cf9b6a,positive,train,images/train/open-images-test-5244864612b0d730.jpg,labels/train/open-images-test-5244864612b0d730.txt,public_v2,ea529fc4f0ea6536a7272d9b108a9d3667931a4048222276a2949aa22cd59790,b5b53d45e849eab659d6c54f3c716a9fbcc49e39f451c93889b6c829f3b8be36,c4b2e9cd8db4b072,19,person,source_verified,
open-images-test-52806385350cb39a,open_images:test:52806385350cb39a,open_images,52806385350cb39a,,,,duplicate-aa15e46600413769e9a3,positive,train,images/train/open-images-test-52806385350cb39a.jpg,labels/train/open-images-test-52806385350cb39a.txt,public_v2,5e98d2e2d7bd053b1e2021dd989e750ab78ee4e821cfb3493a1dfd93b68281a9,e2fbd38a11235833469e3476bdcf782d91e250b30832f4873d91742e7ce69c04,d2d4c7d2f02d250f,5,car;motorcycle;person,source_verified,
open-images-test-5283ae8e53787e68,open_images:test:5283ae8e53787e68,open_images,5283ae8e53787e68,,,,duplicate-f772522836996b288ee1,positive,train,images/train/open-images-test-5283ae8e53787e68.jpg,labels/train/open-images-test-5283ae8e53787e68.txt,public_v2,34a2aade1c7858d12ea2365ec73aa74c5349450a1aac1b47aa76cc7018035db4,482e55105840989825b6e415f75e4e6169238139061f22e86ea7572da0b41458,cc8dd1d1d6ea70d0,6,car;person;truck,complete,
open-images-test-532cd2e9ec45a281,open_images:test:532cd2e9ec45a281,open_images,532cd2e9ec45a281,,,,duplicate-7060e9fd36556e8134c7,positive,train,images/train/open-images-test-532cd2e9ec45a281.jpg,labels/train/open-images-test-532cd2e9ec45a281.txt,public_v2,f11eb83e39cd2fb729571cd0aa4e35746f5781132d84f6142df32fe8cfcf2a65,9e137eb29d65338c900d81d96f563204de0cab934ebda5d3bfec084a7f75cfd4,cab4d583a91b7a68,11,car,source_verified,
open-images-test-53b61207cf3cf17a,open_images:test:53b61207cf3cf17a,open_images,53b61207cf3cf17a,,,,duplicate-bda35a39622e5d1a9be4,positive,train,images/train/open-images-test-53b61207cf3cf17a.jpg,labels/train/open-images-test-53b61207cf3cf17a.txt,public_v2,72f853a7b09066d3e2a52d019681a604573c56c315fb4b75fe92453f42540591,f906dd02a445d5d49af344428df269b0d5ee9c47c0ddda14a035a172fc83fe91,beb0165fc9b11159,1,person,source_verified,
open-images-test-53f72a9071f0cad4,open_images:test:53f72a9071f0cad4,open_images,53f72a9071f0cad4,,,,duplicate-f5b6a26ec4905d99c843,positive,train,images/train/open-images-test-53f72a9071f0cad4.jpg,labels/train/open-images-test-53f72a9071f0cad4.txt,public_v2,0ce2e5cd18e4253bb779d65bce72c417e62aa1db8edacbf027aef906aa073e0e,a6cbd2c581c7017fbfdaac756ef6190e8f8dc7e8ca473fdfb795da387451219d,b30e1c73b73c6069,5,bicycle;person,complete,
open-images-test-5444e9a99d923bba,open_images:test:5444e9a99d923bba,open_images,5444e9a99d923bba,,,,duplicate-e5865699eddcf488e1a6,positive,train,images/train/open-images-test-5444e9a99d923bba.jpg,labels/train/open-images-test-5444e9a99d923bba.txt,public_v2,6b8c0a2980d588758942f8655926652bd0ac98c49d621ce2a9f0e3fecbdc512f,75add5a231d8dbe5b7791b20dfa57bed52e2995348bf9a48a1115934781ab5d7,b652c92707e12f96,2,car,source_verified,
open-images-test-54b57ffd1f9208fa,open_images:test:54b57ffd1f9208fa,open_images,54b57ffd1f9208fa,,,,duplicate-c44abd61fc9cecd48154,positive,train,images/train/open-images-test-54b57ffd1f9208fa.jpg,labels/train/open-images-test-54b57ffd1f9208fa.txt,public_v2,56f69381332df7530c77c4759e31b4f16c7b1e9f63034dd1939c36579fdb3690,969e2cb8118cd0e92aa773b8a4f93b806bd304f3ce50daced5d310876ff97c2a,c810dc5715d9f369,2,bicycle;motorcycle,source_verified,
open-images-test-54e2ff91b82e4474,open_images:test:54e2ff91b82e4474,open_images,54e2ff91b82e4474,,,,duplicate-79f595976760ecac68d2,positive,train,images/train/open-images-test-54e2ff91b82e4474.jpg,labels/train/open-images-test-54e2ff91b82e4474.txt,public_v2,fd18768daa4f46d488c11cae1f3ffa5a08c6c41e1567216990c5160fd7f2fed1,addb20ee1700300bb51a2dd79be6f43544cf7c68e93ba5a7543c3c7e5ae88504,96bdb91609c4d4e5,5,person,source_verified,
open-images-test-55decf157c858e57,open_images:test:55decf157c858e57,open_images,55decf157c858e57,,,,duplicate-072b5415a60e9557d146,positive,train,images/train/open-images-test-55decf157c858e57.jpg,labels/train/open-images-test-55decf157c858e57.txt,public_v2,9ffd93402cd9b7f9136c63cf6607c3976eb6b24817c636861b8a18675498e1b0,8a32eb05faf7644a762f0bc0be2547a9b48f498ade467b0456127fbb5dc84c4b,f58ea89add662309,6,person,source_verified,
open-images-test-566437c52a1ae86b,open_images:test:566437c52a1ae86b,open_images,566437c52a1ae86b,,,,duplicate-cd9d3294cf096457e283,positive,train,images/train/open-images-test-566437c52a1ae86b.jpg,labels/train/open-images-test-566437c52a1ae86b.txt,public_v2,c87789cce23220246602be403a90d39e7b71ccf3233105a63b53209940b16ea0,ce19725a28825d8dd00e423cd0e902df6fb96418c0402f2e8c592dcb87329d91,8381c5677acb453d,6,person,source_verified,
open-images-test-56813f51a45c2352,open_images:test:56813f51a45c2352,open_images,56813f51a45c2352,,,,duplicate-524e7869be07ec46c5f2,positive,train,images/train/open-images-test-56813f51a45c2352.jpg,labels/train/open-images-test-56813f51a45c2352.txt,public_v2,cc98b8407747d5b1d1ce16d8b1951bd4e36dfd4c1ce4ffb96b14069da94b3066,a1fd4b281f3070d28d78a58992bc7e0beef249233d2e9dcc7e9f2866ca5c09ff,c8d2c5938d9d3bd0,2,bus;person,source_verified,
open-images-test-56ab2365a1efc28d,open_images:test:56ab2365a1efc28d,open_images,56ab2365a1efc28d,,,,duplicate-1d49e852defa3a2f69ed,positive,train,images/train/open-images-test-56ab2365a1efc28d.jpg,labels/train/open-images-test-56ab2365a1efc28d.txt,public_v2,e0cb175d773d35be7b530ee21ad19189e9d611b18d456b098181c4abe9cfe01e,3e7cabe2cfe79c8e444338aefebe5313ac948ebf017384bae9aa7e2e0c0f199b,fa35056a984eb355,3,car;motorcycle,complete,
open-images-test-56e486eefd5848dc,open_images:test:56e486eefd5848dc,open_images,56e486eefd5848dc,,,,duplicate-2c086d9c8be3f8a224c5,positive,train,images/train/open-images-test-56e486eefd5848dc.jpg,labels/train/open-images-test-56e486eefd5848dc.txt,public_v2,82b1b79c6d85b6b9f56b7cd88b05fef6ed08186ba82f118ea14c2b9f2da3cdc9,71f5c945d2b7d156bdd6150f6fc1e15235e32b3fef8217d677d10b8734a68d18,f2196d378914336e,6,car;person;truck,source_verified,
open-images-test-57af1ee82c32bd15,open_images:test:57af1ee82c32bd15,open_images,57af1ee82c32bd15,,,,duplicate-db2bf52947a1842b4afe,positive,train,images/train/open-images-test-57af1ee82c32bd15.jpg,labels/train/open-images-test-57af1ee82c32bd15.txt,public_v2,a86f60337fd46251e574324709b35bd89040977f8fbc344bf2b6c5063d9f25ac,9907ea4158d93da84672fd9147ae5bcb1b0484c8da198681015b77c02b8c5b5c,e7ad283594789758,2,bus,source_verified,
open-images-test-57c2dbf41c6f4fef,open_images:test:57c2dbf41c6f4fef,open_images,57c2dbf41c6f4fef,,,,duplicate-0ac520f97665de7f996f,positive,val,images/val/open-images-test-57c2dbf41c6f4fef.jpg,labels/val/open-images-test-57c2dbf41c6f4fef.txt,public_v2,4d3aad9ae3d460f9f5324b5706953bc0c24914b9e8e78bfa6250b0bc648cbb2e,219231fcd79d5bf1ee877b81425c5a1203f49ed5362074111709b34bb99eea30,8da4ceb3e46d3252,1,person,source_verified,
open-images-test-58138b4ad1e4edfd,open_images:test:58138b4ad1e4edfd,open_images,58138b4ad1e4edfd,,,,duplicate-f7f02888e6fcdb83714b,positive,val,images/val/open-images-test-58138b4ad1e4edfd.jpg,labels/val/open-images-test-58138b4ad1e4edfd.txt,public_v2,66178fcc50677e52db6b634970797010e21b4afa7cbad95fbbcef314cd576cd8,7001e285a80030146605c6fe21edb6680ec125b10e81fd576465603e5d8512ec,b18eca354cbb8e46,3,person,source_verified,
open-images-test-586e7f5bf13412b3,open_images:test:586e7f5bf13412b3,open_images,586e7f5bf13412b3,,,,duplicate-c6b9dd7571858c3e7323,positive,train,images/train/open-images-test-586e7f5bf13412b3.jpg,labels/train/open-images-test-586e7f5bf13412b3.txt,public_v2,1b1bad71abbb77cb6c713ec6be646702f61dcad05ba0fb9552c0dd841093efc7,58685f3ffa870cdfa6c02a2f7bc02256e90af4b05b977cfc90131ee3cac84ea1,b99bb994a64c4e61,10,bicycle;person,complete,
open-images-test-588b0032da60a225,open_images:test:588b0032da60a225,open_images,588b0032da60a225,,,,duplicate-2a1644c483e2eb1d55c9,positive,train,images/train/open-images-test-588b0032da60a225.jpg,labels/train/open-images-test-588b0032da60a225.txt,public_v2,23b45fd3dfed2ff89f41ed8f607bf67e4a07042d5fe83a0de472f3bc7840c318,e7398799cdc301c208dd87294af93f70436a5c74578b9a1dd2792399d2213b9a,c91e5aa30fb425da,2,person,source_verified,
open-images-test-58e627a85fc1ae69,open_images:test:58e627a85fc1ae69,open_images,58e627a85fc1ae69,,,,duplicate-89d04f5cffc0cd4e1136,positive,val,images/val/open-images-test-58e627a85fc1ae69.jpg,labels/val/open-images-test-58e627a85fc1ae69.txt,public_v2,e7417a235eeaa5c2826e33ea3eed42f7a3e9b864a0ff0c57cdcc13df990921cc,b72586032209b092bd7960117b918161b499b64aeb4b04ce6bf88941ebd7023c,b797ec4ca6994870,3,bus;car,complete,
open-images-test-596e5152efae6084,open_images:test:596e5152efae6084,open_images,596e5152efae6084,,,,duplicate-54f794ebcedf737cd699,positive,train,images/train/open-images-test-596e5152efae6084.jpg,labels/train/open-images-test-596e5152efae6084.txt,public_v2,dcfdf344ba8709315ccc3f67ae3d96de3025dfe124af77e1984f2786cfb177cb,708314e1ad9b3b16342343cfe504e3622972f120e5342e7db16ba3981118b9bf,8f76c00db3235ccd,3,bus;car,source_verified,
open-images-test-5a8f4428fa8e53c1,open_images:test:5a8f4428fa8e53c1,open_images,5a8f4428fa8e53c1,,,,duplicate-c055e838b33fc7ccfc7f,positive,train,images/train/open-images-test-5a8f4428fa8e53c1.jpg,labels/train/open-images-test-5a8f4428fa8e53c1.txt,public_v2,749b69d67c1169da4f9d62e6a26ef6d73453abeb53f789473a73faa80e1f8d6a,ba9a0b8e66ef275ebace4467be8f3ea9150706f8581a0915d80fe481b58409d7,c0503f37b0b56f58,3,car;truck,source_verified,
open-images-test-5a9ece99e85d64b9,open_images:test:5a9ece99e85d64b9,open_images,5a9ece99e85d64b9,,,,duplicate-5b855237a8bfc89902a8,positive,train,images/train/open-images-test-5a9ece99e85d64b9.jpg,labels/train/open-images-test-5a9ece99e85d64b9.txt,public_v2,13fafd8672413c301dcc3643eb5fc9a6d61867cf925a47b85644f5abfdc2089c,61639d98da6fcb69b59f48cd191013ed96b75d9e174e59c3bb6f513e4db54c5a,a4ae1bb58cccc34b,2,person;truck,complete,
open-images-test-5c10d610aac84184,open_images:test:5c10d610aac84184,open_images,5c10d610aac84184,,,,duplicate-f701d32285258241d8ad,positive,train,images/train/open-images-test-5c10d610aac84184.jpg,labels/train/open-images-test-5c10d610aac84184.txt,public_v2,fa0d7b109e3be5500b108e28e0115f983791fab8c24f43b982929cd547c256ab,f090f1996fbfbb9f70442610899dcdc851269c8ce7b139fad237eb5a6acfc13e,fa339c2dc6cac149,2,person,source_verified,
open-images-test-5c6b5876873bd25a,open_images:test:5c6b5876873bd25a,open_images,5c6b5876873bd25a,,,,duplicate-ac5e4a3cc7cbc9e675d3,positive,train,images/train/open-images-test-5c6b5876873bd25a.jpg,labels/train/open-images-test-5c6b5876873bd25a.txt,public_v2,5e21db737d00b38938fcc07c1d0550baeacd060fbbf6fbc21783a55e064c20f1,da02edbca958c7b40c0e3fa4fb551de451537a79032e0984d6b0fca909fad174,9e37ca164b6a9345,1,motorcycle,complete,
open-images-test-5c7826d0597e8724,open_images:test:5c7826d0597e8724,open_images,5c7826d0597e8724,,,,duplicate-e9598f489708cc9f958a,positive,train,images/train/open-images-test-5c7826d0597e8724.jpg,labels/train/open-images-test-5c7826d0597e8724.txt,public_v2,c57f7917921d695ecd1a5581c02610e004bc284a1c855c8a032a47854842ac7f,cef24bb444578ab221e5c5bfba5eaa0ff0cb7b634bd450f2091c0a26d7f8ad33,e2caaaaaa9e54536,2,car;truck,source_verified,
open-images-test-5dcabe0b0d51e7f9,open_images:test:5dcabe0b0d51e7f9,open_images,5dcabe0b0d51e7f9,,,,duplicate-ee169071ee0187f8ca80,positive,train,images/train/open-images-test-5dcabe0b0d51e7f9.jpg,labels/train/open-images-test-5dcabe0b0d51e7f9.txt,public_v2,2c96c4be9067ffd4eb7d3a9f692103ce7d4c8f6636900b5cded6cacabe0146c7,528e06201fa3027329feab6fbf4c87708296b2190ea38ba093552b42c1244e5a,ca8b7b537163063c,2,person,source_verified,
open-images-test-5ddaf9c19c5291ce,open_images:test:5ddaf9c19c5291ce,open_images,5ddaf9c19c5291ce,,,,duplicate-d796bf57e81bebe67442,positive,train,images/train/open-images-test-5ddaf9c19c5291ce.jpg,labels/train/open-images-test-5ddaf9c19c5291ce.txt,public_v2,8fba4d62799c0c6fd553565e26ce4870f54ebdca6ca8d04c9f7332557095f4d0,c97982185f21f94e7b1c37728373b230704ec281ccd58594c500593f79050fad,aee13524de7e8348,4,person,source_verified,
open-images-test-5dea6e36dfc75fbb,open_images:test:5dea6e36dfc75fbb,open_images,5dea6e36dfc75fbb,,,,duplicate-cd1f4e6d9db8246dd844,positive,train,images/train/open-images-test-5dea6e36dfc75fbb.jpg,labels/train/open-images-test-5dea6e36dfc75fbb.txt,public_v2,c4ab14911fb3465e6e479cce3eafaf781c25150ce15df69b2b586a5d47f3f02d,73fcc2747edc179901cb66518f269db8ef51bbda73e9467cddf1f4bc334500e6,e373e87a03689c87,3,car;person;truck,complete,
open-images-test-5e0a6def2bc044c6,open_images:test:5e0a6def2bc044c6,open_images,5e0a6def2bc044c6,,,,duplicate-7750e498602c491017b4,positive,val,images/val/open-images-test-5e0a6def2bc044c6.jpg,labels/val/open-images-test-5e0a6def2bc044c6.txt,public_v2,cbf9abcd81ad1226b4d4ffb9faa744b08f3445917a88f35a54f236cd3032e2f6,5c952ccc3d0a749dd3e239154150b8f6bf4406be8ab074b35d3bea5def027d40,9ff3e0d0f2720487,1,person,source_verified,
open-images-test-5e3a978ab9c582de,open_images:test:5e3a978ab9c582de,open_images,5e3a978ab9c582de,,,,duplicate-00111e12af4b268f51e6,positive,val,images/val/open-images-test-5e3a978ab9c582de.jpg,labels/val/open-images-test-5e3a978ab9c582de.txt,public_v2,ea1d9da1ecbb8e623aee4187a9caefd0194f1914a200021db58d0e3dcc025e6f,c52ebaa9a8bb6d28b9a0f195f48b8b571bca63a4846762647eafbe409103cc78,8384c41309ecf77f,10,person,source_verified,
open-images-test-5e7249c258677d18,open_images:test:5e7249c258677d18,open_images,5e7249c258677d18,,,,duplicate-89efbaca3e060e0cdad9,positive,train,images/train/open-images-test-5e7249c258677d18.jpg,labels/train/open-images-test-5e7249c258677d18.txt,public_v2,6a7b84bda1648e979cc3626831805aa781c19f7ffaf79425b61f4fa34dfd7b8f,8055c167e7963b24c1ea14ae3328601821f57bdbd9ba0cc7faf56a9464523aac,c9c33274589bc3e6,1,person,source_verified,
open-images-test-5e9c983ecbe4af71,open_images:test:5e9c983ecbe4af71,open_images,5e9c983ecbe4af71,,,,duplicate-b3d1fd5e2ead7a641cef,positive,train,images/train/open-images-test-5e9c983ecbe4af71.jpg,labels/train/open-images-test-5e9c983ecbe4af71.txt,public_v2,a46cb09a4be43b346ccea5b60ea56374f852fc990fed5035107b312cb2d6d785,627039961eaabe8dd0cbbcafe9da0039710cc4b47bcde07593304390d340b3c8,a101d87eed307979,1,person,source_verified,
open-images-test-5eca4159ef3328cd,open_images:test:5eca4159ef3328cd,open_images,5eca4159ef3328cd,,,,duplicate-dad323c0672b8231c132,positive,train,images/train/open-images-test-5eca4159ef3328cd.jpg,labels/train/open-images-test-5eca4159ef3328cd.txt,public_v2,9325847f19e08245902505b7e6b3a8cf1a02c0be040ff25757e52928ab2c0511,bc7a938ea318347b6f313d062c9c826d3c1085be01c6f417cc999c2b98b8d6eb,9e9ede4e432391d0,3,bus;car,source_verified,
open-images-test-5eeb3f93a07fb208,open_images:test:5eeb3f93a07fb208,open_images,5eeb3f93a07fb208,,,,duplicate-7d9acf58e20a218e8456,positive,train,images/train/open-images-test-5eeb3f93a07fb208.jpg,labels/train/open-images-test-5eeb3f93a07fb208.txt,public_v2,dd6c3de5512bc1df6e8b6358166baf529a7b3049775b7a981ec915dd62a54ce0,994eae5464bfcec14aaa4967404c72646dcd89d7172a12f3fc79177d380aafb2,80afc279a277da8a,2,person;truck,source_verified,
open-images-test-5f568f8639d4ed3c,open_images:test:5f568f8639d4ed3c,open_images,5f568f8639d4ed3c,,,,duplicate-2a8287745696eca40c00,positive,train,images/train/open-images-test-5f568f8639d4ed3c.jpg,labels/train/open-images-test-5f568f8639d4ed3c.txt,public_v2,9cace37431834ae75cb1c454506adbf343e753a86a085f5f2f974fc5bac29d9f,ad3be68b7f09d326626a7dae520c2c35e7fc951290786662ce15c99e183e11bf,b61ce0d3cc62714f,2,car;truck,source_verified,
open-images-test-5f596d2e091f2489,open_images:test:5f596d2e091f2489,open_images,5f596d2e091f2489,,,,duplicate-fff279624f591dca0d66,positive,train,images/train/open-images-test-5f596d2e091f2489.jpg,labels/train/open-images-test-5f596d2e091f2489.txt,public_v2,9a3fea53d9ffb13e1dff1b41ca89b98a9c88a560ef3f4b1b5954213d639de7c8,66eec418bff510497b2724260ba462025b3ad3897ce0b8e3f8f0ab4cbfeeb85a,e91296e9b3c684ab,4,motorcycle;person,complete,
open-images-test-5fc5f0be44e49931,open_images:test:5fc5f0be44e49931,open_images,5fc5f0be44e49931,,,,duplicate-7929b43722c47c7412f2,negative,train,images/train/open-images-test-5fc5f0be44e49931.jpg,,public_v2,2ca1cd30c05af184243d428abd39fc511e992828e772fe7579e3e945dbc9170a,2312bb5e6a7ed1488cfaa47db4c4c8f9d14ff41084cb4629e6f8e0cc897d7803,c1f832952d6de4c9,0,,accepted_negative,
open-images-test-5fed2a26689e3e8b,open_images:test:5fed2a26689e3e8b,open_images,5fed2a26689e3e8b,,,,duplicate-e0231090f1626d22cbad,positive,train,images/train/open-images-test-5fed2a26689e3e8b.jpg,labels/train/open-images-test-5fed2a26689e3e8b.txt,public_v2,349651c956813b52df76189f127c618779e2b65b07d5f74ecde926608b39dced,8b19e58c621f8bffa7f44c09d7faf9bcf83f876d063cf4cbbcdb8cfecb126d2d,e849c46e95f97a88,9,car;truck,source_verified,
open-images-test-6040600c1ec2e472,open_images:test:6040600c1ec2e472,open_images,6040600c1ec2e472,,,,duplicate-4417c13b346ad6e022d7,positive,train,images/train/open-images-test-6040600c1ec2e472.jpg,labels/train/open-images-test-6040600c1ec2e472.txt,public_v2,4d0e778d45a4c25d3f0bc389e975d2596874a50e3ae3392f3a2f94335364939e,27f5eb25640ebf1b5a31133662d83d37c1125dd57690d4b606c9b99b3bc6b0e6,9631646bd336cc39,13,person,source_verified,
open-images-test-609c8909d1cb74f6,open_images:test:609c8909d1cb74f6,open_images,609c8909d1cb74f6,,,,duplicate-0ba4f005ac179641124a,positive,val,images/val/open-images-test-609c8909d1cb74f6.jpg,labels/val/open-images-test-609c8909d1cb74f6.txt,public_v2,241e59a2a309e514e22e16870c97fd0316d93a115794be90305f2289a781b311,84b2da9a76ed7225fbca61c759c361c77ba2014c1168f82ec8f780aa11b0b6ad,9a52903dc69e2fc3,1,car,source_verified,
open-images-test-60bf5bc547dec918,open_images:test:60bf5bc547dec918,open_images,60bf5bc547dec918,,,,duplicate-e13be89b3109f2c8850d,positive,val,images/val/open-images-test-60bf5bc547dec918.jpg,labels/val/open-images-test-60bf5bc547dec918.txt,public_v2,1b7df64dafb42a726a3db964c4f8d4bf7af5e0ccea9aefa54dd3051a1a845a74,f36e21e8af7ad4b4b9bbd0f31af0c8c48ed514b2a2210d8313876e84ce08e4dc,98902786189b7f7d,1,person,source_verified,
open-images-test-616672acf5d316da,open_images:test:616672acf5d316da,open_images,616672acf5d316da,,,,duplicate-8ed940d62bcfc2870acf,positive,train,images/train/open-images-test-616672acf5d316da.jpg,labels/train/open-images-test-616672acf5d316da.txt,public_v2,c4fa8319d0217af489e573b2626f6046ea0cefb0ee4d9e6cfe7ad30894253904,c44f006bf690d6a0cac54803bc8b8cd16877e471d87ca5045bf6c43eefcf9edf,dfdda0a4aca62329,1,truck,complete,
open-images-test-621a16c80539e019,open_images:test:621a16c80539e019,open_images,621a16c80539e019,,,,duplicate-8ddf92a3275b75c34fb5,positive,train,images/train/open-images-test-621a16c80539e019.jpg,labels/train/open-images-test-621a16c80539e019.txt,public_v2,6f7cfd67529ef4f710e1ff8551d2da94fa957fd7dc088dfc93024ca73ab7656a,79e69bdf24ed62118e1b66d8dc9815a17d044038bc682d7e89d6c55b03b89f7f,8a1b6966c75ebc41,3,bicycle;car;person,source_verified,
open-images-test-62e1014ba78f0173,open_images:test:62e1014ba78f0173,open_images,62e1014ba78f0173,,,,duplicate-15722cffd8b350ddfcbc,positive,train,images/train/open-images-test-62e1014ba78f0173.jpg,labels/train/open-images-test-62e1014ba78f0173.txt,public_v2,66f226a0f028c6537c6daa1470eff91578b060f090943f74ed7b4e0207084a9e,7b588aa8994de90fc38082f2b97ae55e738de4aa28cf8c997694a1f67cccadbf,c7978c2c6a50553f,2,bus;person,source_verified,
open-images-test-6342c9f7b4f1f22e,open_images:test:6342c9f7b4f1f22e,open_images,6342c9f7b4f1f22e,,,,duplicate-ed25f5c3301f47f48be5,positive,train,images/train/open-images-test-6342c9f7b4f1f22e.jpg,labels/train/open-images-test-6342c9f7b4f1f22e.txt,public_v2,5e2af0575b2f3675acfa452596eaa736c44b930663afd891372fe4fd810a45f1,b42496b58f587599af978d826f90f51a41a255c34482aecd3afc0829d1b6ebc1,9585aa9b9965c559,1,car,source_verified,
open-images-test-635585fb106c8d48,open_images:test:635585fb106c8d48,open_images,635585fb106c8d48,,,,duplicate-fa0291f71db02179636d,positive,train,images/train/open-images-test-635585fb106c8d48.jpg,labels/train/open-images-test-635585fb106c8d48.txt,public_v2,3b2c58ad08eb59d7b28297ee1303b0db3c5d747ae147517554b3b2ca9a61226c,b0f5ed60e3a1656fee6b09096021ba39447a15844123c7e362dbb32771e2db55,eaf493e3845b3d08,6,car;truck,complete,
open-images-test-63cdf8c23f197ee5,open_images:test:63cdf8c23f197ee5,open_images,63cdf8c23f197ee5,,,,duplicate-96a3411eaff41d6d6a51,positive,train,images/train/open-images-test-63cdf8c23f197ee5.jpg,labels/train/open-images-test-63cdf8c23f197ee5.txt,public_v2,0ccce99e9615d74a6d378240aed022ca8bd7f32c7210ceadc9811a7dbfed823d,68e36865ca74ce8631877652b5115e5ac15bc3679784d3dfa26dd0346a6c1b65,b8f0b31d9402dabd,2,bus,source_verified,
open-images-test-6409f047ec4e520f,open_images:test:6409f047ec4e520f,open_images,6409f047ec4e520f,,,,duplicate-79eab52a97bbbd0d3c5d,positive,train,images/train/open-images-test-6409f047ec4e520f.jpg,labels/train/open-images-test-6409f047ec4e520f.txt,public_v2,e744625fdac288c2765408ca4bfb8949e5318e2317ad748ecb45ddb958b5126c,398a2740d1a9108fda8419a1bb1259d2062d18c7cbbf8df84bb2765b87725fdd,b434c45aabedc552,1,car,source_verified,
open-images-test-658a9a7bdb5d805d,open_images:test:658a9a7bdb5d805d,open_images,658a9a7bdb5d805d,,,,duplicate-dbc9085cb73ac3e8d321,positive,train,images/train/open-images-test-658a9a7bdb5d805d.jpg,labels/train/open-images-test-658a9a7bdb5d805d.txt,public_v2,cbbe2cfd83cf5ad310a9b50dcecc4643a0aab733b14adefed8822eafe352029b,234873cd72042f17052089be8530335d30e883f3eeed4f7a43c42becd7a1251f,946f32b58a541aaf,5,person,source_verified,
open-images-test-65d9bb351d361a84,open_images:test:65d9bb351d361a84,open_images,65d9bb351d361a84,,,,duplicate-8720610868a529d72ee1,positive,train,images/train/open-images-test-65d9bb351d361a84.jpg,labels/train/open-images-test-65d9bb351d361a84.txt,public_v2,615e86caf317d263d658730de75989f5147c79f1b09a7a6bf946f38f25f9d395,32f822d505f193bf85e2f17e297a67af6f3c0493d277c47be9b81e36a94e0806,d0c7659a1e1cc8e7,20,bicycle;person,complete,
open-images-test-6619d817549cb465,open_images:test:6619d817549cb465,open_images,6619d817549cb465,,,,duplicate-0704675354960216932c,positive,train,images/train/open-images-test-6619d817549cb465.jpg,labels/train/open-images-test-6619d817549cb465.txt,public_v2,a060e2642c08e2f89ccddbd5bc6600bf80db21cb2233f1f87562351caab7d667,c1ebb309f30f12c4bae696164b3762339c8970df0d27beb1084e5acdf8f55fb0,b3cccc336c47cb30,2,person,source_verified,
open-images-test-662f7db9ce621864,open_images:test:662f7db9ce621864,open_images,662f7db9ce621864,,,,duplicate-2100e7587f7dd979b48b,positive,train,images/train/open-images-test-662f7db9ce621864.jpg,labels/train/open-images-test-662f7db9ce621864.txt,public_v2,5ad3c3c3ec3878c2a568a289cd0b8a3ab71e9d4e3bf4ada4cebae8c2542a5d8b,74b9bb7198a12dd57f1bca8e41afdde03163bd2c9b5b792f4a8dcee09ff6b4a8,dec8254fd81338b3,1,person,source_verified,
open-images-test-6676599c632ff50b,open_images:test:6676599c632ff50b,open_images,6676599c632ff50b,,,,duplicate-477f42530dae7825386c,positive,train,images/train/open-images-test-6676599c632ff50b.jpg,labels/train/open-images-test-6676599c632ff50b.txt,public_v2,999ec32f27972e7c1c49e5c88985e286b6fd7ddc25fad1e11eeca1f6b27fe884,56012d4cdf4058cca38ef6ab78534540cd38a21d91263d910da15fccfbf87dff,b159cce18485f17e,5,person,source_verified,
open-images-test-66b2cb0ad28b7c7e,open_images:test:66b2cb0ad28b7c7e,open_images,66b2cb0ad28b7c7e,,,,duplicate-9859c61761e0d4750722,positive,train,images/train/open-images-test-66b2cb0ad28b7c7e.jpg,labels/train/open-images-test-66b2cb0ad28b7c7e.txt,public_v2,1120997ada752d0de2f334fe6e94ceb93ba4a4be76b5807ad4ef6f2709954c4d,89f1ded0c8d0bca0330bf5d413a8ac58ea02bb6cb3d9de5649a0605151da7193,ee03157ee89d8513,1,car,source_verified,
open-images-test-66ccafe9120659f5,open_images:test:66ccafe9120659f5,open_images,66ccafe9120659f5,,,,duplicate-f793d9de938b7c8be105,positive,val,images/val/open-images-test-66ccafe9120659f5.jpg,labels/val/open-images-test-66ccafe9120659f5.txt,public_v2,4d2e7546a47ab2ceaa447412eef73f758288daebbe0b25881f4d9cb02f08f0a1,82258f418f02deb19472394682928f241c415fe6965f9e0b61dae86feacf6f4f,f4efc7163881607c,2,car,source_verified,
open-images-test-66f1329195abee0d,open_images:test:66f1329195abee0d,open_images,66f1329195abee0d,,,,duplicate-6af3dd8b757505257072,positive,train,images/train/open-images-test-66f1329195abee0d.jpg,labels/train/open-images-test-66f1329195abee0d.txt,public_v2,6b4ef0029acdf22619240d2736feb5046455828c83b130ac3047eab8adcf2e71,e0158e381f50e8ea69c92c15b3430f145244694164b1b41841b5585a9a866ea9,91a83a1fc5d26df0,1,car,source_verified,
open-images-test-67288724388d8087,open_images:test:67288724388d8087,open_images,67288724388d8087,,,,duplicate-e656cde8cfd98bed86f8,positive,train,images/train/open-images-test-67288724388d8087.jpg,labels/train/open-images-test-67288724388d8087.txt,public_v2,722a2ee96413bbcedbc33f9179393c7143c53de2bdd73420358e58f9ef199ac1,ba807d58a93010c2ddffdec615c6424c9794c7fc633ab7d52ef02e6b22a88393,8453e13ed224df53,2,car;truck,source_verified,
open-images-test-6731e21781304bc6,open_images:test:6731e21781304bc6,open_images,6731e21781304bc6,,,,duplicate-032dac0abb8f16e2bb2b,positive,train,images/train/open-images-test-6731e21781304bc6.jpg,labels/train/open-images-test-6731e21781304bc6.txt,public_v2,8c90da2f4929d46260baeb17318791a4eb298f5ac31234db422a50ef3d35c8e3,f9042890da329a2c0f618b9e02a794d59a77f7faaa23453186afa99ddc733bc6,cc41d72eb85116d7,4,bicycle;person,complete,
open-images-test-6736c7b5bf7eb7aa,open_images:test:6736c7b5bf7eb7aa,open_images,6736c7b5bf7eb7aa,,,,duplicate-391cf82cb4fe56aa7834,positive,train,images/train/open-images-test-6736c7b5bf7eb7aa.jpg,labels/train/open-images-test-6736c7b5bf7eb7aa.txt,public_v2,cb2048b5d437e753ddb1795ca9c4934102b84625effcfd93202ea4cfd9e30040,fb71cf45fce2ad9247325917182cd2967611f2211765b201f7b5c7a604bedb07,da8d4d4464b73363,12,person,source_verified,
open-images-test-673e9a78b5adfe3e,open_images:test:673e9a78b5adfe3e,open_images,673e9a78b5adfe3e,,,,duplicate-705a4602acbb40e63680,positive,train,images/train/open-images-test-673e9a78b5adfe3e.jpg,labels/train/open-images-test-673e9a78b5adfe3e.txt,public_v2,0728e2a988ba1e4f34e41666ac87df5cb04d3acb150eb741a346cfce65092b77,414898bb322dbc23641d9ea1ca42bcf325c14fa506f6c4646547e60d29de28d8,99cc665b99a66649,1,person,source_verified,
open-images-test-6753f4efd3d15783,open_images:test:6753f4efd3d15783,open_images,6753f4efd3d15783,,,,duplicate-c2751a882e81e485a961,positive,train,images/train/open-images-test-6753f4efd3d15783.jpg,labels/train/open-images-test-6753f4efd3d15783.txt,public_v2,abd505c5387471023b6008a69df3f1187e6d644a7c18bc74cedcc0344e1bd85c,3722c092fb9a25b7642863fdb6fd962b703c23efc41d998547af2864e7cf9258,be9864de5098d2d9,2,car;motorcycle,source_verified,
open-images-test-677e3160f07a0350,open_images:test:677e3160f07a0350,open_images,677e3160f07a0350,,,,duplicate-55399311f9c39c7f680e,positive,train,images/train/open-images-test-677e3160f07a0350.jpg,labels/train/open-images-test-677e3160f07a0350.txt,public_v2,4c727682bf35495f8788f753a7e529a06816a9f25108b5be578bd9d1cfa227f0,e67d7fcd8d8c47ab5aeee94d79771911063214614b0166331d3c8c84d8805563,9b9595353b9b9424,1,person,source_verified,
open-images-test-67b687e9b924ebdd,open_images:test:67b687e9b924ebdd,open_images,67b687e9b924ebdd,,,,duplicate-4915c0a4dc59003f1f96,positive,train,images/train/open-images-test-67b687e9b924ebdd.jpg,labels/train/open-images-test-67b687e9b924ebdd.txt,public_v2,48e34328aa8fdaf87e4e8b6f985a806f8f07c750bb7ee220129e1bd99b76a1f5,7b9b9108ad05dc2845cac34bdb8f200a889643b7b16e3250451c559905b20508,b6938b399c256a72,3,car,source_verified,
open-images-test-684b5fbfedae9a42,open_images:test:684b5fbfedae9a42,open_images,684b5fbfedae9a42,,,,duplicate-33251d42489b1652c73f,positive,train,images/train/open-images-test-684b5fbfedae9a42.jpg,labels/train/open-images-test-684b5fbfedae9a42.txt,public_v2,81a7756638d2d684f1e0f5af0bf99338659fee0b525c7a89f01bcfc610ccde11,44c7c8d8d7862f91a98f26bd807f93fdbf3f2c5d55a8d31e186d41328c00e4b3,ac4ccf5fd0d86930,2,bicycle;person,source_verified,
open-images-test-6897144164d423a3,open_images:test:6897144164d423a3,open_images,6897144164d423a3,,,,duplicate-08a9fbb80d405a5461ea,positive,train,images/train/open-images-test-6897144164d423a3.jpg,labels/train/open-images-test-6897144164d423a3.txt,public_v2,fdf765c6b177112590b151ffb13dbf22b273f639ee2ad4aa33ce7bdd54cb2410,fb489337163957215f5c44617d01454c558baca5e26e8e79b424a6bbe6fe0587,b8b0849ec5417bdb,5,bus;person,complete,
open-images-test-68a32d28ef629d9c,open_images:test:68a32d28ef629d9c,open_images,68a32d28ef629d9c,,,,duplicate-85c6714e7c0322be7fbb,positive,train,images/train/open-images-test-68a32d28ef629d9c.jpg,labels/train/open-images-test-68a32d28ef629d9c.txt,public_v2,f19086736ef69d208a6a4fcdf4f2fdd72e89c650eb5551b20d0fe698760e6fe9,e702de7190cfb14e2ee54788144d2d39e40e7fb66beaf2abc103abddebc53876,ab503d75c66ed842,2,person,source_verified,
open-images-test-68c3b689efcc8de9,open_images:test:68c3b689efcc8de9,open_images,68c3b689efcc8de9,,,,duplicate-1ac0f351634e294b194a,positive,train,images/train/open-images-test-68c3b689efcc8de9.jpg,labels/train/open-images-test-68c3b689efcc8de9.txt,public_v2,8f1d3c2659c0af0684c848602bfc80ea392cd98771198426a7e70171afe684d8,5694c25f98b441d6f795be47429187dc5ae67050aa3b304aa087e1f204c6b395,99bb004ce6c71d3b,5,person,source_verified,
open-images-test-68d36a3fa8d2aa63,open_images:test:68d36a3fa8d2aa63,open_images,68d36a3fa8d2aa63,,,,duplicate-2c49d421706098ab6c0d,positive,train,images/train/open-images-test-68d36a3fa8d2aa63.jpg,labels/train/open-images-test-68d36a3fa8d2aa63.txt,public_v2,f189f9d82c695ca7bea560cbf089da5dd254723737e49070da22994a993970ed,9858163d79f23a5e691ca12adfc1a2832a2ce8c6bb3ad5cbd5e12b7459d25e7e,f9cf214a85719b85,15,car;motorcycle;person,complete,
open-images-test-69566666b79511a6,open_images:test:69566666b79511a6,open_images,69566666b79511a6,,,,duplicate-d08e3756baca3687e6ad,positive,train,images/train/open-images-test-69566666b79511a6.jpg,labels/train/open-images-test-69566666b79511a6.txt,public_v2,76b631dad956180145803e74ce58ca46c975b81fb0538f084ff5a83244a3bdd2,c6e8e7bfea74408562532bb548dec869309527e029628ac2d7241e250eed25b6,843b50465bbde70e,11,person,source_verified,
open-images-test-6956eee4557abeb9,open_images:test:6956eee4557abeb9,open_images,6956eee4557abeb9,,,,duplicate-bad60683d0604e0b6ddb,negative,train,images/train/open-images-test-6956eee4557abeb9.jpg,,public_v2,2f5e48b3a9dc7ec09aebe798e1e915f73f9a715779a067014e45326b1adcb4ee,b78fc3d20cdf84129e4710e599e6a5171e519e9c332fc57a719a5ff8b65d506b,945e6f6b169158ca,0,,accepted_negative,
open-images-test-69e9cad309068ab7,open_images:test:69e9cad309068ab7,open_images,69e9cad309068ab7,,,,duplicate-dab0a9b3562c726c4df4,positive,train,images/train/open-images-test-69e9cad309068ab7.jpg,labels/train/open-images-test-69e9cad309068ab7.txt,public_v2,20bb552d4e0210b3d394b07a2b79bb8800cca545069325584fdd85053565efc9,75eaeb60ac47760f5d641d71cc3dbd76c34fa0dde561614fa5b09fd88772e6f5,82697db5261ad54e,2,person,source_verified,
open-images-test-69fca175d043f227,open_images:test:69fca175d043f227,open_images,69fca175d043f227,,,,duplicate-c30cf0cc039797f5bb2c,positive,train,images/train/open-images-test-69fca175d043f227.jpg,labels/train/open-images-test-69fca175d043f227.txt,public_v2,c170dc33adaba95e7b347c0c31e4470f622821ed42353db8c472bc6264da5cac,6db6708791c6b1b179fe146047de6caeaad87449fe4b5d06176a0b0822214036,81aa30cd9f36cd59,1,car,source_verified,
open-images-test-69ff376c92b69dc0,open_images:test:69ff376c92b69dc0,open_images,69ff376c92b69dc0,,,,duplicate-0584dd6c702d7fdeb234,positive,train,images/train/open-images-test-69ff376c92b69dc0.jpg,labels/train/open-images-test-69ff376c92b69dc0.txt,public_v2,36ff0c58e440cda8224169e95010d187aafba42171cc7c97c35586a29aad34dd,59857b5d7de856d02ac2e596532b89ad4db656306c9e721450a8b236e2619e82,eec6b550905fb119,2,bus;car,complete,
open-images-test-6a167932ce61dd8a,open_images:test:6a167932ce61dd8a,open_images,6a167932ce61dd8a,,,,duplicate-f8b6c006c401a55b4a31,positive,train,images/train/open-images-test-6a167932ce61dd8a.jpg,labels/train/open-images-test-6a167932ce61dd8a.txt,public_v2,bdd7571e5a4cf3c9cb2d7b3dc20714395a344266458958408430acb1ecb4ab8a,7b762cead824f94820f6cfeed3f672d66c6515c894cbe8a74a8ef1a615b8455b,8383f8763b998746,2,car;truck,complete,
open-images-test-6a2e60493369226a,open_images:test:6a2e60493369226a,open_images,6a2e60493369226a,,,,duplicate-b1ca745d0d6eff806065,positive,train,images/train/open-images-test-6a2e60493369226a.jpg,labels/train/open-images-test-6a2e60493369226a.txt,public_v2,56850550b821d0b09d457599f84f8811ddb9b5e80bf6f2b2583e21047828acf3,06a99ef9a4c5d8f6c436f65f10857aad4b12300eab89ebbb5cd7787479ea1e3c,f381c43cbec7d188,4,car;motorcycle;person,source_verified,
open-images-test-6aa7b56c0c3e11bf,open_images:test:6aa7b56c0c3e11bf,open_images,6aa7b56c0c3e11bf,,,,duplicate-58a2f8a4cf3e758aa26b,positive,train,images/train/open-images-test-6aa7b56c0c3e11bf.jpg,labels/train/open-images-test-6aa7b56c0c3e11bf.txt,public_v2,9df847ce587a60644d5f5c99622789573e9cebb4a8c025213c4a9d3b8647fc5b,0e6f0999c02fe7a7916a80e3208a142f3f62153f95856295b7eea154545ebb1c,d2da952d1ad23d89,2,person,source_verified,
open-images-test-6aba33edb9fe95cb,open_images:test:6aba33edb9fe95cb,open_images,6aba33edb9fe95cb,,,,duplicate-f315440aa3d4b31e78ed,positive,train,images/train/open-images-test-6aba33edb9fe95cb.jpg,labels/train/open-images-test-6aba33edb9fe95cb.txt,public_v2,cf23d8719a8c905b98ddde2c0b5d1ce1ca0703e86cc23b04a8d9e6d80ce9bc38,7af45cc8548ac199efde0788bdf21338241788f02ae0e0875e305ddc96a0888a,a996dbe086444d7b,2,person,source_verified,
open-images-test-6ae54f21ff44c7f1,open_images:test:6ae54f21ff44c7f1,open_images,6ae54f21ff44c7f1,,,,duplicate-623934b783b409a19242,positive,train,images/train/open-images-test-6ae54f21ff44c7f1.jpg,labels/train/open-images-test-6ae54f21ff44c7f1.txt,public_v2,84122bc5644fafb4ef503e450beb00200853cf54f0c714c751305dbcfb8a6e8e,b4af113b16df00ea71e6705a75847abfef119de055ad43977b28de345c883375,c481b5def0d4513e,2,car;truck,source_verified,
open-images-test-6b4ac9f99459c3c3,open_images:test:6b4ac9f99459c3c3,open_images,6b4ac9f99459c3c3,,,,duplicate-c8c48399d4699e619191,positive,train,images/train/open-images-test-6b4ac9f99459c3c3.jpg,labels/train/open-images-test-6b4ac9f99459c3c3.txt,public_v2,608fae9da21329f0ec4bc846c695bafc55c5f194e7bfb815306875cc0835136a,67ae387a492b16ed480b6a5718ab6a9bff64e4c1a32d2f052d4d78db20b5d224,8cc378784f1f919c,4,person,source_verified,
open-images-test-6b4c1535ec7357b9,open_images:test:6b4c1535ec7357b9,open_images,6b4c1535ec7357b9,,,,duplicate-3b2dfb74a19abfe2c966,positive,train,images/train/open-images-test-6b4c1535ec7357b9.jpg,labels/train/open-images-test-6b4c1535ec7357b9.txt,public_v2,c2a256f7685f04261589793e6de9ef903e1801455130e7e7bd2c2a51204cd1ce,af6543a6d5f5063990996ba49c289ba5a8178194c0f85e53912759fb44dcd409,cbc20b42959395bf,18,motorcycle;person,complete,
open-images-test-6b6a7ed2ad569b72,open_images:test:6b6a7ed2ad569b72,open_images,6b6a7ed2ad569b72,,,,duplicate-184ccb7ffd2b7bb59538,positive,train,images/train/open-images-test-6b6a7ed2ad569b72.jpg,labels/train/open-images-test-6b6a7ed2ad569b72.txt,public_v2,a2a8c0c5c22a3ee1f6ebdd8cb9a0c0b2e4b48e5a856290cb4484fc98dfb8a573,c4a4de81489e2a9bcfdb948cf84dcf788d8c610cbac03982bfec9e7d31209b73,c869e9f19e8c3171,2,person,source_verified,
open-images-test-6c41aa8d727e79ce,open_images:test:6c41aa8d727e79ce,open_images,6c41aa8d727e79ce,,,,duplicate-b41bbd9fa8a07cc25f30,positive,train,images/train/open-images-test-6c41aa8d727e79ce.jpg,labels/train/open-images-test-6c41aa8d727e79ce.txt,public_v2,2cb2f4716d7cd7d53987d2e275fc5871f0f4f2002503efbc8782d144769056b5,51892d11441c04f85e943ceb75a724ff6459770cae00b3e1f3990664f0c56681,caa5f1500aa5b69f,2,person,source_verified,
open-images-test-6c5aae882339d0b4,open_images:test:6c5aae882339d0b4,open_images,6c5aae882339d0b4,,,,duplicate-c71371f261468921bda7,positive,train,images/train/open-images-test-6c5aae882339d0b4.jpg,labels/train/open-images-test-6c5aae882339d0b4.txt,public_v2,675ddd75378832fa091c747947b5c9f365c57629650349fcb6b783181e3aeec2,70bbb6412579a0be0f79a8476a035f74994fb29b1d3fcc80a22e92892b1cc85a,d921669b3ffc20e0,18,person,source_verified,
open-images-test-6cd25b20bd07d57b,open_images:test:6cd25b20bd07d57b,open_images,6cd25b20bd07d57b,,,,duplicate-a3b05c5e042bb5870697,positive,val,images/val/open-images-test-6cd25b20bd07d57b.jpg,labels/val/open-images-test-6cd25b20bd07d57b.txt,public_v2,93be196140b56cff4b9296a138cfbf4871b5c55c6fc4b8a9abbb07d72580e034,72b938779e74a6be98126799f0a76bc43ce907c31b6d0afc9897cfe29f84498a,eac5b437c6ac5027,2,car;truck,source_verified,
open-images-test-6d077ca8e739b067,open_images:test:6d077ca8e739b067,open_images,6d077ca8e739b067,,,,duplicate-48ac1919e18006e43816,positive,train,images/train/open-images-test-6d077ca8e739b067.jpg,labels/train/open-images-test-6d077ca8e739b067.txt,public_v2,1de9c5d133d5019365725bf8ee7d644f0db553c13072098ab0b1d125c8b0b4cd,0f63a000bc23e9d665e77ec06d0e4333d53e8908976844f7c1301c97cfc0ccb1,c2f168737539181f,1,person,source_verified,
open-images-test-6d205eceef4dddba,open_images:test:6d205eceef4dddba,open_images,6d205eceef4dddba,,,,duplicate-61b4b5114ed4fd5bcf8e,positive,train,images/train/open-images-test-6d205eceef4dddba.jpg,labels/train/open-images-test-6d205eceef4dddba.txt,public_v2,ebcaadc826287b0500708e072269e5d248e34efbb928b25dd8b9753c97f7f763,18c41779fe3ae780fde39a8d3e5c232388c365ab431d7af84b371311afc7af27,e161e5a78e9015de,2,bus;car,source_verified,
open-images-test-6d816f6fd62737a2,open_images:test:6d816f6fd62737a2,open_images,6d816f6fd62737a2,,,,duplicate-c921e38a00a001ee7263,positive,train,images/train/open-images-test-6d816f6fd62737a2.jpg,labels/train/open-images-test-6d816f6fd62737a2.txt,public_v2,45668dc04a4b91792213fd040c2389e020059ef59e20ee732238f36128d901a9,cb9cc06770f36dff064257ba83384e464a3f21928ae051f75b494fa1d75f21e1,c0916b9d63aed1ca,2,person,source_verified,
open-images-test-6e47767c2f50c846,open_images:test:6e47767c2f50c846,open_images,6e47767c2f50c846,,,,duplicate-a99a533fb2be4e52f306,positive,val,images/val/open-images-test-6e47767c2f50c846.jpg,labels/val/open-images-test-6e47767c2f50c846.txt,public_v2,ac9853361cee3bba24d35f4faa240067ab19d7c4b327c7cb8d6407bf579153d6,2098475523b957f381102b8a8a1138ab27f8a420e40e0b7547ce5d482affb672,e7d0ccc0b2372a5b,1,person,source_verified,
open-images-test-6eb5602711c7afca,open_images:test:6eb5602711c7afca,open_images,6eb5602711c7afca,,,,duplicate-cb033f94b85ec0a6d602,negative,train,images/train/open-images-test-6eb5602711c7afca.jpg,,public_v2,0166218e6b2940a7d62e42c51bd600f41c99a15a429783f6b76df343521a45ea,5026e8552a515613cc14108216ab2bebe07179eb5fb24a059885487daca4e9bd,9788aa83b3362cbd,0,,accepted_negative,
open-images-test-6eb88f25e0840ccb,open_images:test:6eb88f25e0840ccb,open_images,6eb88f25e0840ccb,,,,duplicate-341c140a6c825e941f7a,negative,train,images/train/open-images-test-6eb88f25e0840ccb.jpg,,public_v2,690d3bf5451c58462c68d7101272f29a88274ebc48f592a22367c0ce492ea727,daad95ad1faa796ede1e66db308c551af164edb7aa9efa61c769dd338fd92808,9612e6dee0071df8,0,,accepted_negative,
open-images-test-6ebfc50dc21e613c,open_images:test:6ebfc50dc21e613c,open_images,6ebfc50dc21e613c,,,,duplicate-50a78adf9265190e9546,positive,train,images/train/open-images-test-6ebfc50dc21e613c.jpg,labels/train/open-images-test-6ebfc50dc21e613c.txt,public_v2,c0155e9dd6eed1f3aa3c12c6eafbf07d187151ee4b8615b7a58fd9e998d078fb,8807c11f90da0ad5374b3921a3a9d21ada37bd1eb9e3f56149553e25b8b1901c,93e47c4bb714ca34,5,person,source_verified,
open-images-test-6ee748fe67445382,open_images:test:6ee748fe67445382,open_images,6ee748fe67445382,,,,duplicate-15e510cb218b1106ad9f,positive,train,images/train/open-images-test-6ee748fe67445382.jpg,labels/train/open-images-test-6ee748fe67445382.txt,public_v2,c6b96f46578d6922fec3a51ed7e6ff95877a68f9db42d3e4619052305a463114,482d22a439e5780b76cbb9a8f768771dc3e20596f45fce75b205cea6bbf1ed66,bc687923634ca727,12,person,source_verified,
open-images-test-6fa7e98a9fe64f09,open_images:test:6fa7e98a9fe64f09,open_images,6fa7e98a9fe64f09,,,,duplicate-1545d1e037daf214eaf5,positive,train,images/train/open-images-test-6fa7e98a9fe64f09.jpg,labels/train/open-images-test-6fa7e98a9fe64f09.txt,public_v2,e82be341aeb451a07b93ecf0715d6e47c8a9b18f05f52d3f0830effc90c6af58,014d563f2daf06490090595a7f115ab89bc90228bf2d55e429948dd2be45e080,bec2ca948c0fbe98,1,car,source_verified,
open-images-test-6fdff51a742326e2,open_images:test:6fdff51a742326e2,open_images,6fdff51a742326e2,,,,duplicate-704aaa69146271c14234,positive,train,images/train/open-images-test-6fdff51a742326e2.jpg,labels/train/open-images-test-6fdff51a742326e2.txt,public_v2,d6997e9e60d587b53d71584c962820df6f6c2752c22133a6283241fa012480d7,09499c2b7a8d7975ec698070764255ea8495126daca797230a903bc261e07a72,8dc04b3b9b3da568,6,person,source_verified,
open-images-test-6ff662157e65a83f,open_images:test:6ff662157e65a83f,open_images,6ff662157e65a83f,,,,duplicate-a639fb7be17163c772f7,positive,train,images/train/open-images-test-6ff662157e65a83f.jpg,labels/train/open-images-test-6ff662157e65a83f.txt,public_v2,94c0e8d88a89d5511deb2e371012cb38ea2dd71947169ff5cf745fb398a9e66d,c19f1ff6067f8b561a82c16c20271748f45c34b12504dc5685132ffaa399307f,a8a02fe98d7bc41d,1,truck,complete,
open-images-test-70414ba0fbd34cdc,open_images:test:70414ba0fbd34cdc,open_images,70414ba0fbd34cdc,,,,duplicate-97605bc089165cb97dab,positive,train,images/train/open-images-test-70414ba0fbd34cdc.jpg,labels/train/open-images-test-70414ba0fbd34cdc.txt,public_v2,8c622242b671a7df85b6f4da7124421f0d9e8fbeefd90d65dbd7a9f64adbc7c3,bbec67e2ef30a1ab74d88394854ea4c9831bdd219451acec9f4fa6cb837e318b,b8b0c10f6eae3791,2,truck,source_verified,
open-images-test-70610b453c7eb681,open_images:test:70610b453c7eb681,open_images,70610b453c7eb681,,,,duplicate-279b77947f8fb73327f9,positive,train,images/train/open-images-test-70610b453c7eb681.jpg,labels/train/open-images-test-70610b453c7eb681.txt,public_v2,ae58dfd867e1c72a66150e1672668a700e0d7a79cc11350ed043cc4a084fde0d,9669acd5dd7429b655bd59e5d41bb92edca998f437513d41982b8a0616aeb8ab,91994ea7a775548a,3,person,source_verified,
open-images-test-707893ee80815d0b,open_images:test:707893ee80815d0b,open_images,707893ee80815d0b,,,,duplicate-48106bc2085de370e292,positive,train,images/train/open-images-test-707893ee80815d0b.jpg,labels/train/open-images-test-707893ee80815d0b.txt,public_v2,5a6a2c7375c7083ca7d0424559fae0dbb161b4b80fa0232eb2d8a7e183d861c5,5dbeccb863785818442e988eb7aa0810f382e9a79672c35ae6da971816a24170,c747e1189866e4f9,1,car,source_verified,
open-images-test-71023d890bdd4d41,open_images:test:71023d890bdd4d41,open_images,71023d890bdd4d41,,,,duplicate-86c4bdf818fe0b43c97f,positive,train,images/train/open-images-test-71023d890bdd4d41.jpg,labels/train/open-images-test-71023d890bdd4d41.txt,public_v2,2ede77268812aeb5b9ced4f15e1496bc8f7d74ee51a2d79105e1e9c761d2f736,4ec5ff021bf6650f449261f4ace744e05d01fffac9fae7e20db67bf608ff1adc,a38184bc9be1fcd1,12,car;person;truck,complete,
open-images-test-711d741752d501ab,open_images:test:711d741752d501ab,open_images,711d741752d501ab,,,,duplicate-14bd5492cfbe0b2000b8,positive,train,images/train/open-images-test-711d741752d501ab.jpg,labels/train/open-images-test-711d741752d501ab.txt,public_v2,9d8d37e123341347b941dcf96742db3e842286aa50e6d02f5a89a2a72115b9b1,489ed43429cf67dda4f199c335723fd9d9d71d52e51b6de9852bc2aca81397b6,b1f14a4e0697b5e8,1,car,source_verified,
open-images-test-717d982a139f8906,open_images:test:717d982a139f8906,open_images,717d982a139f8906,,,,duplicate-1527cf341642f5ffbba8,positive,train,images/train/open-images-test-717d982a139f8906.jpg,labels/train/open-images-test-717d982a139f8906.txt,public_v2,01426adb0e6730bd36c80a6827b7c45f43b2bb5f2fd03693772b3f39435be172,9addf8fa5427d94190184181c1bc77f0b3eacd1aa665a5f3de7327045e507eb4,d8b4c3a0f4cc5e63,5,person,source_verified,
open-images-test-723f2b49abcdfd93,open_images:test:723f2b49abcdfd93,open_images,723f2b49abcdfd93,,,,duplicate-7ac3c8edaa5b7b461944,positive,val,images/val/open-images-test-723f2b49abcdfd93.jpg,labels/val/open-images-test-723f2b49abcdfd93.txt,public_v2,31d6b210f9b6245b6265c731b36388f1e560f74c04a481cbc786ae124811976c,07a1d04502656eda4342a72eb8edf83483acfb113bec5af226c3c2696ec6b1ef,a2a7ef2a906996c3,4,bicycle;car,source_verified,
open-images-test-726a9bccb60e50a6,open_images:test:726a9bccb60e50a6,open_images,726a9bccb60e50a6,,,,duplicate-f8be888e4e585d9d3521,positive,train,images/train/open-images-test-726a9bccb60e50a6.jpg,labels/train/open-images-test-726a9bccb60e50a6.txt,public_v2,65ac51dcc6ac9f48853dd848111bfa56e132dbcb3ec6c545fa7c1ea55ce00d0b,0934482e1666cc031c5b970f329dc8940ae969a6fb80fd8d6782724f9fa3ff80,eac2943fe9f04718,1,car,source_verified,
open-images-test-72d645dcfecbd33c,open_images:test:72d645dcfecbd33c,open_images,72d645dcfecbd33c,,,,duplicate-5ba6dc15843fd25288ef,positive,train,images/train/open-images-test-72d645dcfecbd33c.jpg,labels/train/open-images-test-72d645dcfecbd33c.txt,public_v2,41ac720ac7951a21779df273505c990f7375d39870b53889b5728009646ee5a5,98bccb62a5d61997d5a50f5d2f44a689f4ed09c458033de62216099eeeb0a65a,e8a8b4d7115493cf,2,bus;car,source_verified,
open-images-test-73574f06bfc62f61,open_images:test:73574f06bfc62f61,open_images,73574f06bfc62f61,,,,duplicate-721066a98d7e4f6da7b3,positive,train,images/train/open-images-test-73574f06bfc62f61.jpg,labels/train/open-images-test-73574f06bfc62f61.txt,public_v2,59688fa4e834f3383cb5970ceaf8dde72bf3d943cb2a864e39205db01e55a6cf,0192912b289fd918e1b77a679a5c026a4246a82380cfbbba52b84c50d8a66126,f27fc106c29eec0c,1,bus,complete,
open-images-test-7365a6c049e8efa1,open_images:test:7365a6c049e8efa1,open_images,7365a6c049e8efa1,,,,duplicate-cc8567937130a9129ed8,positive,train,images/train/open-images-test-7365a6c049e8efa1.jpg,labels/train/open-images-test-7365a6c049e8efa1.txt,public_v2,9086b623a5e34710811a41ce5a43d9696d5de439d9c7182c71249bb2bb0afefa,0ee0a416c190051a6816cbc284902482bd509710467d8934b0eae5fb883d5603,e0908f7f3e4740d6,1,car,source_verified,
open-images-test-737c33e427640f3f,open_images:test:737c33e427640f3f,open_images,737c33e427640f3f,,,,duplicate-d1cd92e6c6e33feb8038,positive,train,images/train/open-images-test-737c33e427640f3f.jpg,labels/train/open-images-test-737c33e427640f3f.txt,public_v2,ec78993f5c95243a9cadcad6dc9d93a05a4ff391b57cb5fc55fc6ea5a54e6dd5,dee9d5210a8596fa7735d68cc21f277ea99e06cbbcf7603decda120a24929b56,94ca5b16c7ba2273,1,car,source_verified,
open-images-test-73915dc0221497fa,open_images:test:73915dc0221497fa,open_images,73915dc0221497fa,,,,duplicate-41fa6fdd16e992227172,positive,train,images/train/open-images-test-73915dc0221497fa.jpg,labels/train/open-images-test-73915dc0221497fa.txt,public_v2,5b5e2c44e965000aed774e53ce4ad5f5b4177c82a0f205c313acbc23488c4a15,41e092ec27641ea01f80563ff0e85002a967d2c41454de38b5f3a5c0c713b66f,ea928b2595d8da2d,10,person,source_verified,
open-images-test-7391f2c0c501b153,open_images:test:7391f2c0c501b153,open_images,7391f2c0c501b153,,,,duplicate-79170da4261c11f332b0,positive,train,images/train/open-images-test-7391f2c0c501b153.jpg,labels/train/open-images-test-7391f2c0c501b153.txt,public_v2,8405b008952e2c82e9ad6fe5e8a0aa7d0b7c2b062c91a6f018a03317de01f962,07c4937517b35f35136f84a354717d7c517b711db71413991066f3d4c9b7196b,ef8f9174dc134911,3,bicycle;car;person,source_verified,
open-images-test-73bf01ae5d9aea95,open_images:test:73bf01ae5d9aea95,open_images,73bf01ae5d9aea95,,,,duplicate-310d64d9f7b632fd9a21,positive,train,images/train/open-images-test-73bf01ae5d9aea95.jpg,labels/train/open-images-test-73bf01ae5d9aea95.txt,public_v2,b7739f15bf210bd70be2f237443c44404ec7ec386c4fa8c764212515e28a5e19,245f94b7e4b9c38ba202b305588833efe18def20fdcd854dc67d4d0905670eda,da3d6114f40bb5ca,7,bicycle;person,source_verified,
open-images-test-73c1b704f48bc73b,open_images:test:73c1b704f48bc73b,open_images,73c1b704f48bc73b,,,,duplicate-24e4930716563897e97a,positive,train,images/train/open-images-test-73c1b704f48bc73b.jpg,labels/train/open-images-test-73c1b704f48bc73b.txt,public_v2,af579cc849067a093062a082a803792f01accae1bdbd14ab8fba5433ca2c96be,c8c9f96797e9a0bcc440d461ef238e1566d8c3aeaef8e1ab9a79bb06e51aec95,d5cd4922969de362,1,car,source_verified,
open-images-test-740055bea96541c6,open_images:test:740055bea96541c6,open_images,740055bea96541c6,,,,duplicate-a1a4f7ffc3f869a10eb9,positive,train,images/train/open-images-test-740055bea96541c6.jpg,labels/train/open-images-test-740055bea96541c6.txt,public_v2,a1304a2156ff00ede4ae37d67b0f61ed89f6cdef2842db4b940e279b56da637a,71985078af0c9897772403045aae0123a4b067281c290ab285760188b5471952,ebe3e43fd11c440a,1,car,source_verified,
open-images-test-7461d7dcb5fedf1a,open_images:test:7461d7dcb5fedf1a,open_images,7461d7dcb5fedf1a,,,,duplicate-200d7a84183e0768bdd1,positive,train,images/train/open-images-test-7461d7dcb5fedf1a.jpg,labels/train/open-images-test-7461d7dcb5fedf1a.txt,public_v2,fec03f16e1d861aa2af69f33d698e99484389cc625e0efdebc83a8c42053f743,3ebbd083c6310c2796d92fe5ad4309bbe689161920e92aefc6459e46830a1ab1,8d89c15e5270aef9,8,person,source_verified,
open-images-test-74a292e2acc23d10,open_images:test:74a292e2acc23d10,open_images,74a292e2acc23d10,,,,duplicate-5654d0f44a575e1fbf8f,positive,train,images/train/open-images-test-74a292e2acc23d10.jpg,labels/train/open-images-test-74a292e2acc23d10.txt,public_v2,b5a14cff47269d10ffa17a9e3decd7f2f7e352e8b4e17da7906fd576e81b4154,c628d2eab10f5eb499c23795b6896a86ff630bf0acda77d9090bcd792c558e16,e09f1d7827949e19,1,car,source_verified,
open-images-test-74c7de2e1920b522,open_images:test:74c7de2e1920b522,open_images,74c7de2e1920b522,,,,duplicate-9e332932bc54d779143d,positive,train,images/train/open-images-test-74c7de2e1920b522.jpg,labels/train/open-images-test-74c7de2e1920b522.txt,public_v2,c4620efebed713e83fd12e30d69cbc1d6f653381697fbb8bdb69dbc2ac736483,35a2cf2889fc21f06800de4ce28fc64a2b3eeadfa41fbc978f989b2e9e9b0fdb,ab85c5d89a52d26b,4,bus;person,complete,
open-images-test-751c48b10a4c9f60,open_images:test:751c48b10a4c9f60,open_images,751c48b10a4c9f60,,,,duplicate-f5356a2fdb8188be66ed,positive,train,images/train/open-images-test-751c48b10a4c9f60.jpg,labels/train/open-images-test-751c48b10a4c9f60.txt,public_v2,deec6a93d2d2c0933fb03254e0e207aad67caece3b23dac101063c38801b42b7,54530a2130417dc98ee97c08ac4789efff31a9dfab3efcd1c8f6d5fdf6d9370b,e433186c43ceb3b5,3,motorcycle,source_verified,
open-images-test-751cfec85d66a204,open_images:test:751cfec85d66a204,open_images,751cfec85d66a204,,,,duplicate-97bcb5f89f22cae5a14b,positive,train,images/train/open-images-test-751cfec85d66a204.jpg,labels/train/open-images-test-751cfec85d66a204.txt,public_v2,86cf267b86464c50e61382f3b25fb013b2fae3326add9e4f42aee24d8caf6a1d,728b6e95426ec291404a6f358a9321c93b03a0dfb72e721960b51198d5eb60b8,d6e92816ef2956c4,3,person,source_verified,
open-images-test-7521b35930983316,open_images:test:7521b35930983316,open_images,7521b35930983316,,,,duplicate-6d8ff1419d63d449b403,positive,train,images/train/open-images-test-7521b35930983316.jpg,labels/train/open-images-test-7521b35930983316.txt,public_v2,fdc258b3cdc71e156ff0870a4b1027c0cbba78c124fc671cc64c25ab130ff06a,aa7fb98f6c1d967808a72912ea9cf404a104da3f8bc6d55f2d4fe28dd5f3f835,809c5dce8d3df2c2,1,car,source_verified,
open-images-test-7586d1002ca062bf,open_images:test:7586d1002ca062bf,open_images,7586d1002ca062bf,,,,duplicate-fce6852709bdef6f1462,positive,train,images/train/open-images-test-7586d1002ca062bf.jpg,labels/train/open-images-test-7586d1002ca062bf.txt,public_v2,46f5bcaeaef520c0d633d310e26ae58727078d915ea835293ad4f4193c28135d,bd910beca957f5f793887be241d711267fb07e05b6378cb5d1fdb3f8af19b9f1,f34c0c33d1cc6e33,1,person,source_verified,
open-images-test-762478c26a4e3375,open_images:test:762478c26a4e3375,open_images,762478c26a4e3375,,,,duplicate-f35d15219944c225724e,positive,train,images/train/open-images-test-762478c26a4e3375.jpg,labels/train/open-images-test-762478c26a4e3375.txt,public_v2,ab088c6349b1b1649947c64e22fe9caff84bf96112e4de320a8284ffda43377c,d045801567210e13085f7ec7b9a12b3d914de0aaca1d6de6574dd1910910cf2c,bcf0c22f5f06c233,4,person,source_verified,
open-images-test-7706e520369cf8fc,open_images:test:7706e520369cf8fc,open_images,7706e520369cf8fc,,,,duplicate-2ed0e1ac7104cb37a3dc,positive,train,images/train/open-images-test-7706e520369cf8fc.jpg,labels/train/open-images-test-7706e520369cf8fc.txt,public_v2,bf2fbd9546a14cd206297339951207dbf474bd3c0013d4742d4189bf22f3ddac,df088caa04a76021b13f27f5acd375b9a8ef65b9eefe46a030e10a2be22793fa,aa9b243c3959cf46,2,person,source_verified,
open-images-test-770eaf7b6c164177,open_images:test:770eaf7b6c164177,open_images,770eaf7b6c164177,,,,duplicate-09f34f05b1df7dbbcee3,positive,train,images/train/open-images-test-770eaf7b6c164177.jpg,labels/train/open-images-test-770eaf7b6c164177.txt,public_v2,e9ce8dca5061a91574636ccf12c9b92dcf6568a9318e428f1203a85b7bab5f99,6dc10f891cf54285f0e239ec82159ed473459b51710a510a89a0a2d05c70e531,bed0c503654a74d7,2,motorcycle,complete,
open-images-test-7772dc10c892f2f1,open_images:test:7772dc10c892f2f1,open_images,7772dc10c892f2f1,,,,duplicate-1cbcab3a609946dc3249,positive,train,images/train/open-images-test-7772dc10c892f2f1.jpg,labels/train/open-images-test-7772dc10c892f2f1.txt,public_v2,7d1c7df0e459d3d30ed848902ba42b9b9c194c42ad416df472fb578bf3c0eb1b,93197c4d4dac7e3b2288564282c0089a06c0b27d3f6997a486b06a61ac14c290,faf0a58fd830c718,4,car;motorcycle;person,complete,
open-images-test-777be9bdde686431,open_images:test:777be9bdde686431,open_images,777be9bdde686431,,,,duplicate-8b9d85cd25a6aa66f0c0,positive,train,images/train/open-images-test-777be9bdde686431.jpg,labels/train/open-images-test-777be9bdde686431.txt,public_v2,a4b2f341d6edd5233f2df96342c967cc088e470e5890b8eff722590e3f320bb6,157a4abc7d77292faa69e2f90eb312606048749883a846ea91f9232dab0a4300,c97e1f2582af9c09,17,person,source_verified,
open-images-test-779f7ed647586a52,open_images:test:779f7ed647586a52,open_images,779f7ed647586a52,,,,duplicate-58dcd00ce948a83b92ca,positive,train,images/train/open-images-test-779f7ed647586a52.jpg,labels/train/open-images-test-779f7ed647586a52.txt,public_v2,887a5941df3f4a20f13b9a45eb98fa321f71064c7d1186a2d84d5f66c18a2ef2,38be9f59c8c3a2d327f7e4a55d1b825b57ca62f343da62d22b736337236a2d20,93946c67791067cd,2,person,source_verified,
open-images-test-77b7d2aa86f0f7ac,open_images:test:77b7d2aa86f0f7ac,open_images,77b7d2aa86f0f7ac,,,,duplicate-04f94909e4af474a1716,positive,train,images/train/open-images-test-77b7d2aa86f0f7ac.jpg,labels/train/open-images-test-77b7d2aa86f0f7ac.txt,public_v2,5d72a63f2e909c3159656e74c38a6978ccf23161593c86be39362b5487502b16,8c2a3f609eb63dbaf82cbbb97c15bf11273a0015212e9cefb58fcbbd777fe01c,d4c1d29c9db5b125,3,car;person,source_verified,
open-images-test-78a4ef6aef4ae9de,open_images:test:78a4ef6aef4ae9de,open_images,78a4ef6aef4ae9de,,,,duplicate-e8a8f6b1791a75e693c7,positive,train,images/train/open-images-test-78a4ef6aef4ae9de.jpg,labels/train/open-images-test-78a4ef6aef4ae9de.txt,public_v2,9ccd2887d8e0851b186ad15e84895663484df7800cc539f6e6792b27edc62207,29561e7d830e6f546a3ba76d81b7a2f93db60f55ed914a445380c059804dec52,e8f4468b96687974,1,bus,source_verified,
open-images-test-78a6df7e84d7e269,open_images:test:78a6df7e84d7e269,open_images,78a6df7e84d7e269,,,,duplicate-4719769ef0bf6eaa9b1c,positive,train,images/train/open-images-test-78a6df7e84d7e269.jpg,labels/train/open-images-test-78a6df7e84d7e269.txt,public_v2,6025a2070ca23541791646609d0afe1e0ba959aa2412aab3ffd8597a7a67394b,3b4982a8a4808e71ddadfb1d16db0129a730e2cb0204b028db6de678b64a4fd2,e19134be69c44cf9,4,bicycle;person,source_verified,
open-images-test-78e10542b065219e,open_images:test:78e10542b065219e,open_images,78e10542b065219e,,,,duplicate-d54465d3d1cb3fb06600,positive,val,images/val/open-images-test-78e10542b065219e.jpg,labels/val/open-images-test-78e10542b065219e.txt,public_v2,331aa583ddf4e481d7e983003914a31840a45b0ed30370797d7a8774191f62c3,7e78538755ee347db05d39854434224c50bcf17f2265df982e1e8f37ba71062f,af8d8042dee07b39,13,person,source_verified,
open-images-test-7a699acc3915ae9e,open_images:test:7a699acc3915ae9e,open_images,7a699acc3915ae9e,,,,duplicate-e95a994bc3e0f24c722c,positive,train,images/train/open-images-test-7a699acc3915ae9e.jpg,labels/train/open-images-test-7a699acc3915ae9e.txt,public_v2,815285a00950ed049dc9f900e364ea4e9f9e3e26c992c7bc01d738eed68ec34a,53f945a0b08fc3d921b0735553dd97755a732bc5077160a460c3423969d2059a,9edfd22306b54998,3,motorcycle;person,source_verified,
open-images-test-7a6b277a334a1596,open_images:test:7a6b277a334a1596,open_images,7a6b277a334a1596,,,,duplicate-baa19585aaac6ae46423,positive,train,images/train/open-images-test-7a6b277a334a1596.jpg,labels/train/open-images-test-7a6b277a334a1596.txt,public_v2,5c88559b921e5607f0602a43ca612a69767b0baa61387cc90f8b55b3463d7285,c5aeeed3d6c05895f3d81597724cd5c2c6a3b0318d0b235c9e93713a172fc89a,d1fc01d17e11fe12,3,person,source_verified,
open-images-test-7a70cee165246048,open_images:test:7a70cee165246048,open_images,7a70cee165246048,,,,duplicate-d679de0818b1ab2f2538,positive,train,images/train/open-images-test-7a70cee165246048.jpg,labels/train/open-images-test-7a70cee165246048.txt,public_v2,e1b15f10f207fd434a972cfb37b27a0c83120dc84b74ebd63e97f1bd93ab5ccb,49df99a0c4c5101ebb6028085ec8b464210246493a959701c665fe6477c2d186,85ce9c31436c9cf5,5,bicycle;car;person,complete,
open-images-test-7a91dbb1b8abba72,open_images:test:7a91dbb1b8abba72,open_images,7a91dbb1b8abba72,,,,duplicate-688b8bd1f665a5455e9d,positive,train,images/train/open-images-test-7a91dbb1b8abba72.jpg,labels/train/open-images-test-7a91dbb1b8abba72.txt,public_v2,63e3b2daecf8798dc02b5f2205a1372ea704a92abba169feeba0ae3bf8c90e73,41cc91e5a9de75f36ef970ee391b9192c24d0fa5d3b4857c70e0b9c6dc12b9e5,a5f2d2cf4f0a50d4,7,person,source_verified,
open-images-test-7b147cc39b111c19,open_images:test:7b147cc39b111c19,open_images,7b147cc39b111c19,,,,duplicate-c39b9a9dabc17e891015,positive,train,images/train/open-images-test-7b147cc39b111c19.jpg,labels/train/open-images-test-7b147cc39b111c19.txt,public_v2,2d1f26ed5c6aec65a65eb0cfffbf636c8b5abe79061f709f8d39885adf5dced4,1e18252fff9ab810e4a28fe496d358e782e4ac809641d9bc892f2213d1c7a4d7,95654b9e683cf831,1,person,source_verified,
open-images-test-7b184e93e7551aa1,open_images:test:7b184e93e7551aa1,open_images,7b184e93e7551aa1,,,,duplicate-2e0ba775f1faa7d4ecab,positive,train,images/train/open-images-test-7b184e93e7551aa1.jpg,labels/train/open-images-test-7b184e93e7551aa1.txt,public_v2,fe14050f9a4021efc47342ff92da170fbb767b675ecfd2cea6bc159be98e4783,dde8e617c7d548decc9beb046fabb1604ca66bb2b30a4ef7ff5136ee69281e7a,85e07c3f9bc1e226,1,person,source_verified,
open-images-test-7b8c5496c929e26a,open_images:test:7b8c5496c929e26a,open_images,7b8c5496c929e26a,,,,duplicate-06c98eeb63b92fffa9b0,positive,train,images/train/open-images-test-7b8c5496c929e26a.jpg,labels/train/open-images-test-7b8c5496c929e26a.txt,public_v2,82bda16074d58d96cf1d05f3640bad376c749114c5d9602b7da63427c0350831,821150ebc32ef54d3a48674bbd55fd300d5b4901d2e27754dacd250b9de67850,c8708bc732f873c3,9,person,source_verified,
open-images-test-7c8540c748002cc0,open_images:test:7c8540c748002cc0,open_images,7c8540c748002cc0,,,,duplicate-2cfe343ee397767a711a,positive,train,images/train/open-images-test-7c8540c748002cc0.jpg,labels/train/open-images-test-7c8540c748002cc0.txt,public_v2,cad19bd7d94d5819fa886d5dc155974c291d8a62449af02df22586fd5f711bc8,9d0bee0fa68b6a1f58e657369f810c7be1da8c03ef9605578f29d1a0410bed72,aa95d958873594cb,8,car;person;truck,source_verified,
open-images-test-7cbda66283a4fa8f,open_images:test:7cbda66283a4fa8f,open_images,7cbda66283a4fa8f,,,,duplicate-e02f50aa742cd51b78b0,positive,train,images/train/open-images-test-7cbda66283a4fa8f.jpg,labels/train/open-images-test-7cbda66283a4fa8f.txt,public_v2,a17f1be3e0ddf2cf6cd22af045858b4bcffe4df596ea7450fd675df067f08d3d,e0112198fbb6295223f655d855c72b972271c7979f7ecc9d4a56f2a48ed7c3ef,d9d9d49494b6a3a1,10,person,source_verified,
open-images-test-7dd6a5d1dc4ab0b8,open_images:test:7dd6a5d1dc4ab0b8,open_images,7dd6a5d1dc4ab0b8,,,,duplicate-4ed5d4806ee2984af2d5,positive,train,images/train/open-images-test-7dd6a5d1dc4ab0b8.jpg,labels/train/open-images-test-7dd6a5d1dc4ab0b8.txt,public_v2,f65d30e98b56b55aef9ccb97ee37bcd77ad5621304e427be2a5514cfa6ddc535,7d7b88058fb4d994cd3d5c1387e01121d1a5327532fbd5812539dec086d8cc4e,87a7e8c8908de43f,3,car;truck,complete,
open-images-test-7e0e4e005e9d4476,open_images:test:7e0e4e005e9d4476,open_images,7e0e4e005e9d4476,,,,duplicate-87d7e046c93c5d6f6039,positive,train,images/train/open-images-test-7e0e4e005e9d4476.jpg,labels/train/open-images-test-7e0e4e005e9d4476.txt,public_v2,41393c5652b7102bedc54ed4c5cf65249c7ea55830c4cd132e5b3325f7c3f293,05658b2385b624057e53e1b1163c393df22eb16db4749b28cd2c8c920bf404b7,dafce55388645784,3,bus,complete,
open-images-test-7e4ca50f2f309c9b,open_images:test:7e4ca50f2f309c9b,open_images,7e4ca50f2f309c9b,,,,duplicate-4bdaeca2a36f46065a00,positive,train,images/train/open-images-test-7e4ca50f2f309c9b.jpg,labels/train/open-images-test-7e4ca50f2f309c9b.txt,public_v2,478147e6bd309ff106a652084f3457a5176a0bade5485428b6411a136c70216f,61fca371097dfc6cb21feffcb9b458f904de8480f22da56f0b9c359f9cbed331,f7f0c3c19826b41e,3,person;truck,source_verified,
open-images-test-7e4f94776a3b4db8,open_images:test:7e4f94776a3b4db8,open_images,7e4f94776a3b4db8,,,,duplicate-a956d695f9a393a55910,positive,train,images/train/open-images-test-7e4f94776a3b4db8.jpg,labels/train/open-images-test-7e4f94776a3b4db8.txt,public_v2,19a40fd3bddd08ba48a1da1abc5f07df177fc8af8beb90aca1726e64e2d6be1f,ef1f785bcfb303c879d5655da5115c7d5e8b715e725d75f3978f569be34b4f74,8a2598f1eb0d45ee,6,bicycle;person,source_verified,
open-images-test-7e8cce00ad460513,open_images:test:7e8cce00ad460513,open_images,7e8cce00ad460513,,,,duplicate-827bd262f0d184822b0b,positive,train,images/train/open-images-test-7e8cce00ad460513.jpg,labels/train/open-images-test-7e8cce00ad460513.txt,public_v2,b3b21ad5eea2ae204a559d33f5b0d7bdea6d4929d4f29c7d4043d9f4674bec94,ede0772741732692a5392b4e52d90bb8115844848bb3282716c08a60ed620889,c893e299d7625927,1,truck,complete,
open-images-test-7ea79b41d75e6935,open_images:test:7ea79b41d75e6935,open_images,7ea79b41d75e6935,,,,duplicate-5e91dbaf8918e0e5024d,positive,train,images/train/open-images-test-7ea79b41d75e6935.jpg,labels/train/open-images-test-7ea79b41d75e6935.txt,public_v2,3aed49d4e2e3f0ead68806a0cd031e0d750c9ed552f161fc679210c4f9b2c9be,016699c943950e5234827b532e1c7705e0503ecd051cb4fe8869b87540f52235,bbd74016dc2a926b,6,person,source_verified,
open-images-test-7eb2436fc3b37017,open_images:test:7eb2436fc3b37017,open_images,7eb2436fc3b37017,,,,duplicate-7141a75a0aa48e1e1f35,positive,val,images/val/open-images-test-7eb2436fc3b37017.jpg,labels/val/open-images-test-7eb2436fc3b37017.txt,public_v2,ec59a77c4655f22a6645d650a32f8ecf04a24ec4eaded8081b24885d214680f7,451eca73869f23138c3b9c67203c98a44b0315baaa738c1d8c369e92138a8d1a,d0263e5975fe8185,1,person,source_verified,
open-images-test-7ec946c300edc26f,open_images:test:7ec946c300edc26f,open_images,7ec946c300edc26f,,,,duplicate-b028834a38aab5b72649,positive,train,images/train/open-images-test-7ec946c300edc26f.jpg,labels/train/open-images-test-7ec946c300edc26f.txt,public_v2,b350f82176b60486dadbd0066f17308311e3e83434f0c647db2e8a1eb2867b61,b9df1a37b8b641ee89f9506217e4dfa89ef0162af95f6883a9f186a7bcdb424e,e3e2be99190e8a53,3,person,source_verified,
open-images-test-7ecf536f88270a93,open_images:test:7ecf536f88270a93,open_images,7ecf536f88270a93,,,,duplicate-513ebb769fe496c829b6,positive,train,images/train/open-images-test-7ecf536f88270a93.jpg,labels/train/open-images-test-7ecf536f88270a93.txt,public_v2,23b1c2cfa2ab0a23104774d7392dd59a8ac247bef401a3144a806d6dd70b5809,2cd292e201027c1028f7904e099151cff2671f26acb342b60e7827332f0e0fa5,cccc3e393139cd2c,1,person,source_verified,
open-images-test-7f0a6e98bff798e5,open_images:test:7f0a6e98bff798e5,open_images,7f0a6e98bff798e5,,,,duplicate-c47fe0a70d3d57fc0e99,positive,train,images/train/open-images-test-7f0a6e98bff798e5.jpg,labels/train/open-images-test-7f0a6e98bff798e5.txt,public_v2,8658c541739a8e88c08eae06cbd39bc7d30b42de37f640266cfef0d75c27fef9,039de785a37a3f404db58b64349a62d620757aec1cfc877e5d5e1cda1f68f5d3,d4812b6653bce653,17,person,source_verified,
open-images-test-7f254ff14d741f32,open_images:test:7f254ff14d741f32,open_images,7f254ff14d741f32,,,,duplicate-9657113d93c07242b10c,positive,train,images/train/open-images-test-7f254ff14d741f32.jpg,labels/train/open-images-test-7f254ff14d741f32.txt,public_v2,d5907cd506f0771b608d1722675ab85fc2d5ab0b8dfcf86644d721033bc30371,b71b9683e94c9ef0e99d5cc0a51cf44b7a8ef4bbde39def28b8ab55f80267586,fc84d34a748ccca7,2,person,source_verified,
open-images-test-7fa571a289f811f5,open_images:test:7fa571a289f811f5,open_images,7fa571a289f811f5,,,,duplicate-660ed37069e3fb425798,positive,val,images/val/open-images-test-7fa571a289f811f5.jpg,labels/val/open-images-test-7fa571a289f811f5.txt,public_v2,83e1cd484bf5a536c8e6e86aec0e78275e97a28d1f7029d6c8e8aa508fc81436,062fdaa1a11d940ffe0551316144050a05a12f40c7fd50f443e16587d68ac1c7,a52ae5ca5959c696,1,person,source_verified,
open-images-test-7fca6a4eeb6c69e6,open_images:test:7fca6a4eeb6c69e6,open_images,7fca6a4eeb6c69e6,,,,duplicate-f995cb19a34513433b58,positive,train,images/train/open-images-test-7fca6a4eeb6c69e6.jpg,labels/train/open-images-test-7fca6a4eeb6c69e6.txt,public_v2,d17e7b519c833734ef26fa01296e32af576e04d77c79adcb9b5a6b247f28483d,855989ab014b1bcdd57c8f0ba91f9ed117442596ac53b726ae7f6e3dc7f5e757,a717d3bbc2c029d1,1,car,source_verified,
open-images-test-7ffc52d9669e0d61,open_images:test:7ffc52d9669e0d61,open_images,7ffc52d9669e0d61,,,,duplicate-e924c65911e532c365ad,positive,train,images/train/open-images-test-7ffc52d9669e0d61.jpg,labels/train/open-images-test-7ffc52d9669e0d61.txt,public_v2,ec19d965430108ccee47528a85fdd13afbd016b43e6d846f4ad53428deaf05a5,d428e493c96d83d083c942135b6261409ae029fc8bca36334022109501aaca5b,c6ca16d59175a52d,1,person,source_verified,
open-images-test-8043c740a9af8fcf,open_images:test:8043c740a9af8fcf,open_images,8043c740a9af8fcf,,,,duplicate-bb0274a12d775fb4d954,positive,train,images/train/open-images-test-8043c740a9af8fcf.jpg,labels/train/open-images-test-8043c740a9af8fcf.txt,public_v2,7bda9a230de624b84d676025b9a984ab6a67d6aa127802f6c1913df695865c6c,b2ef490fdc3ae113291c83dfdc6d54dd90b2e75d50167dba692ad97297c28dfc,e1cd4ca39c3a780f,2,car;truck,source_verified,
open-images-test-806280b1985dd9c5,open_images:test:806280b1985dd9c5,open_images,806280b1985dd9c5,,,,duplicate-3cf83ffb27ba46598fa9,positive,train,images/train/open-images-test-806280b1985dd9c5.jpg,labels/train/open-images-test-806280b1985dd9c5.txt,public_v2,08ff7a8f44c830c8240eeb51d89d90f66dbc0301ea3eb63fc2ac2a67a9b6a34e,bdfaf8a0bcab4c01c4b2b52ec6b0842108a5e6aca8f6d4cd9229c552c1aa2562,a88cb42c8ebefab0,3,car;truck,source_verified,
open-images-test-809033477cf65090,open_images:test:809033477cf65090,open_images,809033477cf65090,,,,duplicate-0380da878e1cb26eb990,negative,train,images/train/open-images-test-809033477cf65090.jpg,,public_v2,2a158dd8e4c42450a951f3b23055ce2826571b98569c8070ff840910abcfc0c2,788163b0ae8b343c2b3064910918486f9b57c86684b05eff102e68791ad3d1e5,9496ae89cbcccc56,0,,accepted_negative,
open-images-test-816a226fc911d86d,open_images:test:816a226fc911d86d,open_images,816a226fc911d86d,,,,duplicate-96591c92392d78ed3a30,positive,train,images/train/open-images-test-816a226fc911d86d.jpg,labels/train/open-images-test-816a226fc911d86d.txt,public_v2,bf2ee6f1b0877738fc4e0fe5ace72ffacdd622d4032a3a567b52e7fed96284f4,aa7061f8f479ca6ab91f0a39cf7bd464c141922e1c9ad55101d3af4a5c112959,f1d1ce16c93ec861,2,car;truck,complete,
open-images-test-8213aeaa03fb8583,open_images:test:8213aeaa03fb8583,open_images,8213aeaa03fb8583,,,,duplicate-c15960b35c48fe55613d,positive,train,images/train/open-images-test-8213aeaa03fb8583.jpg,labels/train/open-images-test-8213aeaa03fb8583.txt,public_v2,adff3b2983a334a965241ac1c2c0fa58cecb9bb8bd425ca93238c3ef954780f9,487d058ecd8e6d33c11a271bdf6e51950f54a389be2edc3a3de407bd98303325,b5945a6ba5b56294,2,person,source_verified,
open-images-test-821ab6d359527262,open_images:test:821ab6d359527262,open_images,821ab6d359527262,,,,duplicate-91c9aec8b4c9c9fcce84,positive,train,images/train/open-images-test-821ab6d359527262.jpg,labels/train/open-images-test-821ab6d359527262.txt,public_v2,306a58169507d40e4506c639e2546d77c01eaea52de482db69a3f7cb8da94652,cd4bfcd6083cbfbd7b162788ea9aa79af1d8a70145eb100deb11a66ab87b641b,91e03dd8f58ac6a3,3,motorcycle,source_verified,
open-images-test-8241e1e1535003e6,open_images:test:8241e1e1535003e6,open_images,8241e1e1535003e6,,,,duplicate-22e9c64efca1bd490903,positive,train,images/train/open-images-test-8241e1e1535003e6.jpg,labels/train/open-images-test-8241e1e1535003e6.txt,public_v2,f9bb18ec5d55c1b7a39bf50f8269fb862602083d0a3e964f67d5826677409e07,4a95808073adabace87a4071a102bd65b9cc354eb74cb12252be1fe2e7b0dcaf,98a11c5bec9ae3ac,21,car;motorcycle,source_verified,
open-images-test-82832ccff3f4ff21,open_images:test:82832ccff3f4ff21,open_images,82832ccff3f4ff21,,,,duplicate-896c562c0552046ab7c0,negative,train,images/train/open-images-test-82832ccff3f4ff21.jpg,,public_v2,f387057cc1bacec87751cacf4f4f6e79220d028ed45538dcf397126f34f29a89,9446341fa6a02fe604e59ee351dcfa8606e4a01a015a7ea5e1cfe521b10346c3,9e49717707c1385b,0,,accepted_negative,
open-images-test-830fb42b03caadea,open_images:test:830fb42b03caadea,open_images,830fb42b03caadea,,,,duplicate-bb2f89b65c4b2aa728a4,positive,train,images/train/open-images-test-830fb42b03caadea.jpg,labels/train/open-images-test-830fb42b03caadea.txt,public_v2,219ba0147e599d0e065a2a1134225b0083d866451395b521ddc6d07f703894b8,122b06de53e95102b30322b2fa6d2e29a89b92ee95520e43b17d72d1fd06e36a,aa9795d457626835,1,car,source_verified,
open-images-test-8310c76fcd136f36,open_images:test:8310c76fcd136f36,open_images,8310c76fcd136f36,,,,duplicate-d370bccbeca0ec6832a6,positive,train,images/train/open-images-test-8310c76fcd136f36.jpg,labels/train/open-images-test-8310c76fcd136f36.txt,public_v2,6836d0c54d33194837d148b56c8c636e646adea8de406c43eed44bf53017d307,63c714597d76cb600bb8b7c8fddca5e8c26e4f9ee624cd41cb273693168ec7cc,acc693396cc7921e,2,bicycle;person,complete,
open-images-test-834036dc99577447,open_images:test:834036dc99577447,open_images,834036dc99577447,,,,duplicate-b6f4cefc56e401c7b8c0,positive,train,images/train/open-images-test-834036dc99577447.jpg,labels/train/open-images-test-834036dc99577447.txt,public_v2,d3271369dd1e7e9283d6f82d3e0a674cecac010577398c852cee2c5532b13ef8,60d7cfa63c6efa3650bd3cd33cbf2c059615db1b8f7b3534517c7c8c97995a56,c09bb72ac0f5c17a,4,car;truck,complete,
open-images-test-83cf22aeb78c0852,open_images:test:83cf22aeb78c0852,open_images,83cf22aeb78c0852,,,,duplicate-b14c7b92ad36a3197437,positive,train,images/train/open-images-test-83cf22aeb78c0852.jpg,labels/train/open-images-test-83cf22aeb78c0852.txt,public_v2,fa8f7f96a8fd8ceba221fc792bf2ffe166d06751fce0360c0e8767266ab08e77,c3f3bbb2af5135787390585fe6d93b0fec9d77590876a0f16094072be99e104f,d825864dedda494d,12,person,source_verified,
open-images-test-842dc0f35985f5a8,open_images:test:842dc0f35985f5a8,open_images,842dc0f35985f5a8,,,,duplicate-7a3310f0b39bb170f83f,positive,train,images/train/open-images-test-842dc0f35985f5a8.jpg,labels/train/open-images-test-842dc0f35985f5a8.txt,public_v2,78a43b9401c13e624ee2b971272dbb31a87ce1e28338a1e3f237e0ea378a3c4a,e08dd07eda95e1b10b2462b3e855186f65993c6d34d7f8e86b351d8ffd882f0d,f4132df5114f35b0,1,person,source_verified,
open-images-test-84c2c90d0b713aae,open_images:test:84c2c90d0b713aae,open_images,84c2c90d0b713aae,,,,duplicate-97ba24b51224eb44f958,positive,val,images/val/open-images-test-84c2c90d0b713aae.jpg,labels/val/open-images-test-84c2c90d0b713aae.txt,public_v2,aa625679c76e0eaa4bcf19b18b98395c5b1013cab29d4f8a6abce527fadbeda3,fe331ac202727b4ae8f6552936d9a9281ee976f18560cab7235b10b7f19a2060,e0b68d5972b856cc,12,person,source_verified,
open-images-test-85643b29584c963f,open_images:test:85643b29584c963f,open_images,85643b29584c963f,,,,duplicate-8d7d1670d35f7432f92d,positive,train,images/train/open-images-test-85643b29584c963f.jpg,labels/train/open-images-test-85643b29584c963f.txt,public_v2,f89281bc3c5ae16a6d147435447cb35fac8f055b11330da46d087db5a09cc5e1,f4661b42e18b454001651fb2db3e4b4376f755631260419e3b0bf6575f8abddd,b043c338dcf306de,3,motorcycle;person,source_verified,
open-images-test-86401ad43b4f7652,open_images:test:86401ad43b4f7652,open_images,86401ad43b4f7652,,,,duplicate-3a4b4cd3995815400b1f,positive,train,images/train/open-images-test-86401ad43b4f7652.jpg,labels/train/open-images-test-86401ad43b4f7652.txt,public_v2,da4116196b5e8f9d4cc5f2e72e7a628c6b00acd05988e82547d17d57c41dd510,db8340baf01ce0d0bb354862cf8c5592e85e5732cb9a1a9696a586923a9ce76b,bc9bc7667a345811,3,person,source_verified,
open-images-test-86bf350c0e44f9c5,open_images:test:86bf350c0e44f9c5,open_images,86bf350c0e44f9c5,,,,duplicate-9da591a1864d9140d3da,positive,train,images/train/open-images-test-86bf350c0e44f9c5.jpg,labels/train/open-images-test-86bf350c0e44f9c5.txt,public_v2,232f1f1a8992d8c74edb6293eaa68c934527fc3dfd84fd2f98aed3c14fa67599,6df1245a479457037c1bb424dd6630865e8ddad94deaf743c43bb6604c412cc8,f52481836f6c956d,1,motorcycle,complete,
open-images-test-86ec67bd63a288c1,open_images:test:86ec67bd63a288c1,open_images,86ec67bd63a288c1,,,,duplicate-c16233f1e8f4a878ab3f,positive,train,images/train/open-images-test-86ec67bd63a288c1.jpg,labels/train/open-images-test-86ec67bd63a288c1.txt,public_v2,e65f795747219a769eb7c34d92d8add045aef009d3a4cdc562c0120f24090107,1ba9f554070f1d6ae7ff4ef19f612287d00f436cbf8706c5881b2324188c088f,81786b8d94e39ed2,1,car,source_verified,
open-images-test-8771957ad490adf7,open_images:test:8771957ad490adf7,open_images,8771957ad490adf7,,,,duplicate-1e842a04f813eaf1ac18,positive,train,images/train/open-images-test-8771957ad490adf7.jpg,labels/train/open-images-test-8771957ad490adf7.txt,public_v2,cbcbda939d5e3d057feda234f474edd03298d3a7afb85871375d03606e8c6f50,53349f9fe08721da14aab0cfc2e602014d90ffb789b312c0915adefcd7f7061a,ed6acb133284cd36,13,person,source_verified,
open-images-test-8821f8b83cf803a0,open_images:test:8821f8b83cf803a0,open_images,8821f8b83cf803a0,,,,duplicate-30054af351a7b60c939e,positive,train,images/train/open-images-test-8821f8b83cf803a0.jpg,labels/train/open-images-test-8821f8b83cf803a0.txt,public_v2,190bd784e4482621ea3271830ac41a64ba65c51a9394f1ff5aa7bfed06f271d7,15106325510b2fce86bf3ed218568d5d4c5b39489511a1720dfe41834c2b9f6e,c6eef9d1826e94c0,9,bus;person,complete,
open-images-test-886cc8e801379e1d,open_images:test:886cc8e801379e1d,open_images,886cc8e801379e1d,,,,duplicate-16143d93c74b0ae5809a,positive,train,images/train/open-images-test-886cc8e801379e1d.jpg,labels/train/open-images-test-886cc8e801379e1d.txt,public_v2,f4139cb536af67ae757b0597fc0f757c3597358b5968e487bbdc90871550b5d1,fa4e4bacec6ba58c8e56616c8039e9a28d09486608379fc3a931278ad09af5ad,d410c07f8ed637c3,1,car,source_verified,
open-images-test-88b6713a97d9eefa,open_images:test:88b6713a97d9eefa,open_images,88b6713a97d9eefa,,,,duplicate-0206bd87e405717bed41,positive,train,images/train/open-images-test-88b6713a97d9eefa.jpg,labels/train/open-images-test-88b6713a97d9eefa.txt,public_v2,3b66ce3ebe5e472adf2903a2c14b5863a38087137cb928077a0f73214eb3cfbf,b4ca30b8402b35504089d7952029ddbaac6a00e2a36d5e683506c6c939717088,95ac6ad3f92cc215,3,bus;car,source_verified,
open-images-test-88ca93dc1016468d,open_images:test:88ca93dc1016468d,open_images,88ca93dc1016468d,,,,duplicate-55b3329ba3f1cc296249,positive,train,images/train/open-images-test-88ca93dc1016468d.jpg,labels/train/open-images-test-88ca93dc1016468d.txt,public_v2,e8bcb4b1460bd3c94e804794553b5862bafd3a5919544b2216d9cdd56c1075e0,7333707f39382c50625bfef75c998c65cb0d9eb1785ffe181b9588cb698c5f25,8893b7d1554e716a,4,car;person;truck,source_verified,
open-images-test-893c449444eb7d9d,open_images:test:893c449444eb7d9d,open_images,893c449444eb7d9d,,,,duplicate-3d03a2802e47d5617e60,positive,train,images/train/open-images-test-893c449444eb7d9d.jpg,labels/train/open-images-test-893c449444eb7d9d.txt,public_v2,d59e8af93b595db72be2fa8ced54030a3440d1f02e887b21f72c95ee07d84b22,a5738fc3466cfafeb4e2844c415557bded3c15b10497341df3f2ce6bc9503a30,df7c95cf90115099,4,bicycle;person,source_verified,
open-images-test-899634b2f4c15bfa,open_images:test:899634b2f4c15bfa,open_images,899634b2f4c15bfa,,,,duplicate-2b7118c2a6b840a15dc7,positive,val,images/val/open-images-test-899634b2f4c15bfa.jpg,labels/val/open-images-test-899634b2f4c15bfa.txt,public_v2,5bc0c36aacda6599c0c404e6d0ce9c6cfdd8bae0cfe83572c25d30f4c8046d8e,4cd3546c1bc531ce977f4e7fb1928f0fe1fbf427d101c63f498b018c87bfc172,ed85c1ba9e649691,2,bus;car,source_verified,
open-images-test-89cb097b9a7c719b,open_images:test:89cb097b9a7c719b,open_images,89cb097b9a7c719b,,,,duplicate-7508f6aa02d92f750cda,positive,train,images/train/open-images-test-89cb097b9a7c719b.jpg,labels/train/open-images-test-89cb097b9a7c719b.txt,public_v2,62786df86b4c807a937b9f33146f39142d355016e43d0697f85842d5296f9f2b,0b6fd4111a462213e7808c841f31eb150836f8d47f382d2f01199a7b320ff6a4,cdbb64d2e1896926,2,person,source_verified,
open-images-test-8a8965ef47ef0984,open_images:test:8a8965ef47ef0984,open_images,8a8965ef47ef0984,,,,duplicate-02f7b38ee2b15a0b3e78,positive,train,images/train/open-images-test-8a8965ef47ef0984.jpg,labels/train/open-images-test-8a8965ef47ef0984.txt,public_v2,5e7562d55301724de1a836feade218778f390834ce685406a7e0e32c1a6d51dc,cf0fdbfe2809a78ec5856e7f0196f20cb9f28a1aa2bbdfc762a87edc1623d727,89a6d8d8fe297115,17,person,source_verified,
open-images-test-8ac86d89522a3a74,open_images:test:8ac86d89522a3a74,open_images,8ac86d89522a3a74,,,,duplicate-8b5fbb56940dca428039,positive,train,images/train/open-images-test-8ac86d89522a3a74.jpg,labels/train/open-images-test-8ac86d89522a3a74.txt,public_v2,d4a15c05221a818064755941225a8e2fd93b7e421d06e69e14404a604fbcab63,ed4b845ca1e5c1f484216d680e9d8959798df13fd44686c78349ee91671108ac,c8c8cbc18f9a7d34,6,person,source_verified,
open-images-test-8c1782a5b7781f5b,open_images:test:8c1782a5b7781f5b,open_images,8c1782a5b7781f5b,,,,duplicate-3bd6f6372c632c798236,positive,train,images/train/open-images-test-8c1782a5b7781f5b.jpg,labels/train/open-images-test-8c1782a5b7781f5b.txt,public_v2,a3b3fa3a695c0c92a3da8e6d57346bb7a24c61cd8b38a8e44643ac79f3aaf8c7,67f1f5ba66bf3aa5e6feaf3253aaded27b2816bf6ef427f33c6785838fccd846,c1194e16b9e49f55,5,car;person,source_verified,
open-images-test-8c99275bcad62fc8,open_images:test:8c99275bcad62fc8,open_images,8c99275bcad62fc8,,,,duplicate-8b278da7988e46c7100b,positive,val,images/val/open-images-test-8c99275bcad62fc8.jpg,labels/val/open-images-test-8c99275bcad62fc8.txt,public_v2,bde8c4f329a42e34e99d93c00d20d1d4c2f1abc2c342319925a23727a69926d3,2eb001a94122ffbe552ccf543331ee56e0562c562c504b0a2e1de43b6f1d0f65,a6a2c230372baf97,2,bus,source_verified,
open-images-test-8cb614f192cc9717,open_images:test:8cb614f192cc9717,open_images,8cb614f192cc9717,,,,duplicate-fe5eeb219ce7ade151d5,positive,train,images/train/open-images-test-8cb614f192cc9717.jpg,labels/train/open-images-test-8cb614f192cc9717.txt,public_v2,20fdcbd4a8590989674012a120e50c3d40e38ccd4c0ab49afc29a7392fe5b07b,726ebfcd005826fd2dd30046b91ebf53a5714213716589960c1b5e470ba649ba,aacbeda4d1d99602,1,truck,complete,
open-images-test-8d73119de5779d44,open_images:test:8d73119de5779d44,open_images,8d73119de5779d44,,,,duplicate-5f52d19e0e2e1631a555,positive,train,images/train/open-images-test-8d73119de5779d44.jpg,labels/train/open-images-test-8d73119de5779d44.txt,public_v2,408f14ac81ca8d88bd58cf5e594e368a8505c363b7164941ab50ea51c670ee58,ac15096147e26dfbfb042da4982f5e934a0003e05c63d9ccf53a8916d2aa28e0,87cb6f18dc0b116d,3,car;truck,source_verified,
open-images-test-8e0486b14d9e5ce9,open_images:test:8e0486b14d9e5ce9,open_images,8e0486b14d9e5ce9,,,,duplicate-10e123096ace915167a7,positive,val,images/val/open-images-test-8e0486b14d9e5ce9.jpg,labels/val/open-images-test-8e0486b14d9e5ce9.txt,public_v2,d682fa58edc9f712c6acc9ad66121277e06195f569c97beada4ef8e60578441a,a11f5bf9676b74390fda3ffc1d1e38c7dcae008c4f7b65a963009fb689c3fe02,9c4c636971b2f28e,1,person,source_verified,
open-images-test-8e39415ca2f5f2b4,open_images:test:8e39415ca2f5f2b4,open_images,8e39415ca2f5f2b4,,,,duplicate-d1a10846db7401112b5c,positive,val,images/val/open-images-test-8e39415ca2f5f2b4.jpg,labels/val/open-images-test-8e39415ca2f5f2b4.txt,public_v2,34e0b5a5210b0abd721a8cbb0ca7e7bd169a1c5ebceaf357dae936ca22590ac1,ba4b68e3d2a92ac7bb69e5cd98f638adb8c89284de507dc8c345e1cccf4cbe5a,c43a6cc57a653996,2,bus;car,source_verified,
open-images-test-8f749dfde958de9b,open_images:test:8f749dfde958de9b,open_images,8f749dfde958de9b,,,,duplicate-032cf8bd968dc2d0a4bf,positive,train,images/train/open-images-test-8f749dfde958de9b.jpg,labels/train/open-images-test-8f749dfde958de9b.txt,public_v2,1b7e755457654cc0bd86abe4f02eb596f0dc80a720f3ca185cb627e6a612884a,7e3eb9fbf5a8eb2b691debd28bfd422e0d05b5dccc6c02a0fef3e2960f406d9c,855f55a6c668b24b,8,person,source_verified,
open-images-test-8fa3e7a609c23c11,open_images:test:8fa3e7a609c23c11,open_images,8fa3e7a609c23c11,,,,duplicate-fb383f6aade430d9c0f7,positive,train,images/train/open-images-test-8fa3e7a609c23c11.jpg,labels/train/open-images-test-8fa3e7a609c23c11.txt,public_v2,940ac53b84f23496ec8ca0845228d3f99d72b81b99ceaa5f4e57c171e347ef61,9508e21588be33a8f3bc865a740b20dd73560eb681918de6dbb0fb106d49f78d,b5b5f5353222a2f0,6,bicycle;car,source_verified,
open-images-test-8fb92915f42917fe,open_images:test:8fb92915f42917fe,open_images,8fb92915f42917fe,,,,duplicate-5b5453fd482c963c06ce,positive,val,images/val/open-images-test-8fb92915f42917fe.jpg,labels/val/open-images-test-8fb92915f42917fe.txt,public_v2,a56b5e530378f2e3a27c28ff4dc953438bd85e03f0e88e43ffd4e7632b4c200f,05e361f9bcbee61d12b57124283085dc8e10abd33e7912371f3548db1eed785f,956e3b119c634b69,3,person,source_verified,
open-images-test-8fece22aa243bf60,open_images:test:8fece22aa243bf60,open_images,8fece22aa243bf60,,,,duplicate-c71b51b1ff9a692144f3,positive,train,images/train/open-images-test-8fece22aa243bf60.jpg,labels/train/open-images-test-8fece22aa243bf60.txt,public_v2,182684945d3a0a3504b9054ce0ba6c647d33069b8f917a36095266118838ae5c,462f788dbd4d692eed672a51a59acf98809ea5e7d7dfcde5922150aca7479d3b,e4b18de6b3d85a41,2,car;truck,source_verified,
open-images-test-902792e4e890be58,open_images:test:902792e4e890be58,open_images,902792e4e890be58,,,,duplicate-33f9725af4019b82873e,positive,train,images/train/open-images-test-902792e4e890be58.jpg,labels/train/open-images-test-902792e4e890be58.txt,public_v2,0a499e0f80ec99b1f55f268fed76da4612d433cdf9d81627eac3448bf80e48ef,02e63bca158a439af114bd7f4faeae66581769787e5e9ecb62c817a45ac871a1,b193ce26a3590a6f,2,person;truck,source_verified,
open-images-test-9104bcc6457fe170,open_images:test:9104bcc6457fe170,open_images,9104bcc6457fe170,,,,duplicate-1dba702ba33f52cac274,positive,train,images/train/open-images-test-9104bcc6457fe170.jpg,labels/train/open-images-test-9104bcc6457fe170.txt,public_v2,87917935eb8743ad4f4322fd47dbf80b5ae238a9ae2376fc4e1801740f635489,7e6ac8b33240985fe663bdeff510396b37a42b0a96621da777dc47ecd5a1900f,e52d9358eb40647d,1,bicycle,source_verified,
open-images-test-9183e29974bac45c,open_images:test:9183e29974bac45c,open_images,9183e29974bac45c,,,,duplicate-46b18a2e7740b77afbf8,positive,train,images/train/open-images-test-9183e29974bac45c.jpg,labels/train/open-images-test-9183e29974bac45c.txt,public_v2,f5866c6510a5b79df9ea21fbc7a2558226fd5fc76e55c21cba7d1410a010ec42,a4595c1e207c88dd239e58bd8f879f0bb933efa721fbef75e37ae7407cb63f4f,884813bfbebe3930,10,bicycle;person,source_verified,
open-images-test-91dae34da82b33a6,open_images:test:91dae34da82b33a6,open_images,91dae34da82b33a6,,,,duplicate-11ec430b78905585dae6,positive,train,images/train/open-images-test-91dae34da82b33a6.jpg,labels/train/open-images-test-91dae34da82b33a6.txt,public_v2,0cf2cf9df07d78eef3bbe95f8e7c3a64e4c5abe44b21d065e41b440e8fc5ae5d,2a9922c1a623c4b26b50676af17bea9fe88e4deedc4fc39e9c38325733f54086,df43f93c198964a4,3,bicycle;person,source_verified,
open-images-test-9222df85f131e07b,open_images:test:9222df85f131e07b,open_images,9222df85f131e07b,,,,duplicate-b651e1b8f16f1d38965b,negative,val,images/val/open-images-test-9222df85f131e07b.jpg,,public_v2,f04e1c62a067e69c6a5d348a80aeec02bb0345bcaa5a3cbad73e7a5a2d609f10,c88acacc7ef12824b948a9d27fd7cc6d2898c34c74e1f506d6a81f84bad6fd63,ef1b943d9bc4c0e0,0,,accepted_negative,
open-images-test-922ea9c0d11b109e,open_images:test:922ea9c0d11b109e,open_images,922ea9c0d11b109e,,,,duplicate-f2e1d4a83d2b4d8271a1,positive,val,images/val/open-images-test-922ea9c0d11b109e.jpg,labels/val/open-images-test-922ea9c0d11b109e.txt,public_v2,e0b9145c961af332ee5806833216f44a06ad862ee5ff6712806a439c0e46fabf,e3667d3c1720d99191de81d4a851386c725753b482a999359148ae9e7bdb08aa,89b4b2933e83c35b,2,bus,source_verified,
open-images-test-925166eae5cde2c8,open_images:test:925166eae5cde2c8,open_images,925166eae5cde2c8,,,,duplicate-4f377c079a67ed10f123,positive,train,images/train/open-images-test-925166eae5cde2c8.jpg,labels/train/open-images-test-925166eae5cde2c8.txt,public_v2,13a17e3d3aff4f2d685804b6b941365cfef5ac9458106ea9840eb8de6a86829d,132d03ac5ade39fe074dd277d3b829dc37e5db28ce1c712088f2a36257755d12,9938c6c60f297cf2,1,person,source_verified,
open-images-test-926e1343cc64c32f,open_images:test:926e1343cc64c32f,open_images,926e1343cc64c32f,,,,duplicate-098c85cb3563eb26e7fe,positive,val,images/val/open-images-test-926e1343cc64c32f.jpg,labels/val/open-images-test-926e1343cc64c32f.txt,public_v2,34c6dce8d472c57e70ae8e682b5f850053a47312c1a47bc00e05aecbdaf4796b,bc0f176da1d704419df4879bee278ab122a88a649e2ccd7e66a36edaf1a057de,ccc113beec91136e,3,person,source_verified,
open-images-test-929259e2e8d84141,open_images:test:929259e2e8d84141,open_images,929259e2e8d84141,,,,duplicate-999a53759432f4079661,positive,train,images/train/open-images-test-929259e2e8d84141.jpg,labels/train/open-images-test-929259e2e8d84141.txt,public_v2,eb43039791b459ecf1b5e996d321b791fe2fb9a86ffbdaaf6d95fa9ab4c8267b,4cb480cbbb25b9a3dcdaf52ff5c43985bbeb1f1e24255a8444f310719aedb512,84e8a647cdad72d8,4,bicycle;person,source_verified,
open-images-test-92ab01243730ed3a,open_images:test:92ab01243730ed3a,open_images,92ab01243730ed3a,,,,duplicate-0415100cfaeabd1e966c,positive,train,images/train/open-images-test-92ab01243730ed3a.jpg,labels/train/open-images-test-92ab01243730ed3a.txt,public_v2,bac6a7561ed0a4c22fae11bc49875243d547a5200526404a65a7e7d2e8aa827a,d24f58da0ebd75a9d262572cdfec200b632620db6fa3c7850d5c873cb1a75958,c79ba0c69b6d460b,1,car,source_verified,
open-images-test-93352b1318fc01a1,open_images:test:93352b1318fc01a1,open_images,93352b1318fc01a1,,,,duplicate-1c4c2b9d717bb6cd3e09,positive,train,images/train/open-images-test-93352b1318fc01a1.jpg,labels/train/open-images-test-93352b1318fc01a1.txt,public_v2,020788663ef5a36220fbdd625ef6b9d24796ac386a9206f1c2bb2e57aecac363,c267e8a7dd08c584e1397f0629de22a73bafbda9fa8091fcd006a287136b545e,8890d1e76ddb3296,9,person,source_verified,
open-images-test-93a6000d3121517a,open_images:test:93a6000d3121517a,open_images,93a6000d3121517a,,,,duplicate-f0b327e427bb2fe84616,positive,train,images/train/open-images-test-93a6000d3121517a.jpg,labels/train/open-images-test-93a6000d3121517a.txt,public_v2,aff34c318cbba9c0dee2e662e99d1ec0c76be8fca6d34c785e938bd737dfc854,75f776d233f170474fb936bd526ca6eaf52acda4ae66356c33610d97c977dbc5,f6df881c54ad45c2,6,person,source_verified,
open-images-test-93adca5a02b22caa,open_images:test:93adca5a02b22caa,open_images,93adca5a02b22caa,,,,duplicate-3377c35d9cb8bb21ab01,positive,train,images/train/open-images-test-93adca5a02b22caa.jpg,labels/train/open-images-test-93adca5a02b22caa.txt,public_v2,1bdd7767056d9000d9a51ea15f7ed4201583d53d250c945b42ed557ef50abd70,703c0b6c7acf760ee6d35528b60d26c77b7a5d705e3fc2b2edb33d9dbbbf8f0a,ad2952535accac37,2,motorcycle;person,complete,
open-images-test-942d13da6bf3587b,open_images:test:942d13da6bf3587b,open_images,942d13da6bf3587b,,,,duplicate-7012dc1d97f8ff843595,positive,train,images/train/open-images-test-942d13da6bf3587b.jpg,labels/train/open-images-test-942d13da6bf3587b.txt,public_v2,a08a67ec68dad8baee6347c09b49f289aad1d9ff6be0a1cda0f528fe98699e6f,3cc33fa4f9bc79cd18952c092b3375655a783df740a6c8b2deb92ce5820cd317,9c3a03073e38f0fb,1,person,source_verified,
open-images-test-945db74f86b90441,open_images:test:945db74f86b90441,open_images,945db74f86b90441,,,,duplicate-e96ac24ff4b454ca3017,positive,train,images/train/open-images-test-945db74f86b90441.jpg,labels/train/open-images-test-945db74f86b90441.txt,public_v2,b9230c144f7a352d8a4d4ee26a0a168a2b21e5525e0daacb0a4dae8a9ce691d7,3bbe7f23e60c7814e73f06660bcb463daae1dacd80ab720836b05abd6f052c48,e0fad705852dac78,18,person,source_verified,
open-images-test-94625a43a00702f6,open_images:test:94625a43a00702f6,open_images,94625a43a00702f6,,,,duplicate-8165d312a981e4d7c86c,positive,val,images/val/open-images-test-94625a43a00702f6.jpg,labels/val/open-images-test-94625a43a00702f6.txt,public_v2,b8f59033b45c4d2b3c1747efa5f42ec4dde1712b3ed569a464eab68859a2f77b,61186b11addefdd7e2ea95dee745e240e3ea7958317f7096c925d34f54dba572,bfd2c06d931e2c70,5,person;truck,complete,
open-images-test-9534dcd470194472,open_images:test:9534dcd470194472,open_images,9534dcd470194472,,,,duplicate-050a61d360632e95a1ee,positive,train,images/train/open-images-test-9534dcd470194472.jpg,labels/train/open-images-test-9534dcd470194472.txt,public_v2,e95bb11fd76f9791e4de270f079870c0bc68fc5295f61b488e4fb71d40e7c589,a192294619ff472d34f5559242487ef6570bd90c2d61464fe0f1b2e3fde0b774,e2479436359dde30,13,bicycle;person,complete,
open-images-test-9567350a63e9493e,open_images:test:9567350a63e9493e,open_images,9567350a63e9493e,,,,duplicate-6191b02930ac4af19e6a,positive,train,images/train/open-images-test-9567350a63e9493e.jpg,labels/train/open-images-test-9567350a63e9493e.txt,public_v2,2b8173aec1aeeaf23135325c3040d1de782709647b86501a44e7fb2908a877e3,cc16351f6ea393a29519fe297c8e5111e1fc71a9bdaa4f3cfc54231b361f2ba3,ef81900a6bb535cb,1,truck,complete,
open-images-test-95e434e31e417427,open_images:test:95e434e31e417427,open_images,95e434e31e417427,,,,duplicate-a1d2ae403d96f860c65f,positive,train,images/train/open-images-test-95e434e31e417427.jpg,labels/train/open-images-test-95e434e31e417427.txt,public_v2,40e8828440e7d44252a533c9fc25549fb7f11a5d5ee7f67f363c3fbfc61ed0fa,df7d93f222aa7b185816ff433821bdf62e1594a4b5a8f28d1956276e461d2034,ff6b844b170b30c9,3,person,source_verified,
open-images-test-95f48f32cf193818,open_images:test:95f48f32cf193818,open_images,95f48f32cf193818,,,,duplicate-330fab2c25585694c1b6,positive,train,images/train/open-images-test-95f48f32cf193818.jpg,labels/train/open-images-test-95f48f32cf193818.txt,public_v2,d28284e3169a20b68f97df121c46ecbdd9c6a31c12c4d8b1e73d4bcf3ebb7dd1,677784d18cdcbb338a5be1bca60d2b86df5326055509c72632ad9f33ffe488da,fe0550a6915e7c39,4,car;truck,source_verified,
open-images-test-98397892729dc07a,open_images:test:98397892729dc07a,open_images,98397892729dc07a,,,,duplicate-0c14742679b002d74e46,positive,train,images/train/open-images-test-98397892729dc07a.jpg,labels/train/open-images-test-98397892729dc07a.txt,public_v2,1b094b3b7ab9f4f262a0450cf541da7cae3ceb7a08ac469890d0a723b6c356b5,b06eb70bba09e3573e4ba5f0149ef6271f17390a712b1d887612505471f534e9,c8d5d16cb60bc94d,1,person,source_verified,
open-images-test-98cdfe101c7fbc9c,open_images:test:98cdfe101c7fbc9c,open_images,98cdfe101c7fbc9c,,,,duplicate-405ed51102460dd52ddb,positive,train,images/train/open-images-test-98cdfe101c7fbc9c.jpg,labels/train/open-images-test-98cdfe101c7fbc9c.txt,public_v2,8415609ec3667eb0f2847593ff6d6eb40a6af3c5e1e3dcb123020f4af383195f,99e6bbc9c4c2d37395d6892e683e775df27eed4568142275a7a1eb1465ea3ce7,9ce361584c72f393,1,car,source_verified,
open-images-test-998afb47ead80fe3,open_images:test:998afb47ead80fe3,open_images,998afb47ead80fe3,,,,duplicate-037365469a7b43a45839,positive,train,images/train/open-images-test-998afb47ead80fe3.jpg,labels/train/open-images-test-998afb47ead80fe3.txt,public_v2,f70110961154801621adf7a2c91e77b93c43d4838f37b43423f31a36941955ab,46af7dc56355a96ee22828aab66cf5bf6956da2b3fec96cd4bde848bdeb0d9ab,859cfdc9d8c25a58,3,motorcycle;person,complete,
open-images-test-99e0c8f0e494eb14,open_images:test:99e0c8f0e494eb14,open_images,99e0c8f0e494eb14,,,,duplicate-3182a6d6e20883397787,positive,val,images/val/open-images-test-99e0c8f0e494eb14.jpg,labels/val/open-images-test-99e0c8f0e494eb14.txt,public_v2,e548855b53d0c633c2b07604e636626cac9219ab943720210d8a061cb02a8f5c,138e3c39b31d9ddc6b18cfd35d31ee3985aa2e7804020a466cc3e2aa64d5dd97,87a929a51c497f33,1,person,source_verified,
open-images-test-99f0dd5463c20978,open_images:test:99f0dd5463c20978,open_images,99f0dd5463c20978,,,,duplicate-934d1e63838c3b962cbc,negative,train,images/train/open-images-test-99f0dd5463c20978.jpg,,public_v2,203de482cc97eeb07e94d5b7b7842d4b85727a09e7b36212c7ca43f403548a1d,caa95b3eeccd4de8a5b0fb92fecfff1b134a69377fe3a1b632e98701097cd108,a565059579aba7d0,0,,accepted_negative,
open-images-test-9a13fe495bcf1836,open_images:test:9a13fe495bcf1836,open_images,9a13fe495bcf1836,,,,duplicate-262efaed5078b713b253,positive,train,images/train/open-images-test-9a13fe495bcf1836.jpg,labels/train/open-images-test-9a13fe495bcf1836.txt,public_v2,01b724df92a5ccba6040b4d74380c33adb17369a1fd24a490d9040de4a1da298,db4e204a5898e6cab78433956e3ad4f7246039e644551893fb77998134787efa,a29dbcde711ad809,3,bus;car,source_verified,
open-images-test-9a284f20e81f56a0,open_images:test:9a284f20e81f56a0,open_images,9a284f20e81f56a0,,,,duplicate-2ce7c7fd342a332a7d00,positive,train,images/train/open-images-test-9a284f20e81f56a0.jpg,labels/train/open-images-test-9a284f20e81f56a0.txt,public_v2,d4d04103d8531a8c0f7065d93a08d84fc13bda7dcdf9b146bc6f3cdeda32cc23,91a184bab88966d52557a0e3529f712b69ca4422f148eab1ecb66ab65858e801,fd69cce8828ae362,2,bicycle;person,complete,
open-images-test-9a3e046a13b4671c,open_images:test:9a3e046a13b4671c,open_images,9a3e046a13b4671c,,,,duplicate-34e250b27f438765f015,positive,train,images/train/open-images-test-9a3e046a13b4671c.jpg,labels/train/open-images-test-9a3e046a13b4671c.txt,public_v2,19e2342a43f30fa1f680f6b222ff4f80358699e5dd4a2777e566615f4b6804dc,901567ba5ab15b28e84352e4ef98b7b1d99415070a15f37dfb50b5d875e7e20b,e4146a8c8dcfcf49,1,truck,complete,
open-images-test-9aebb4b4af4ddca2,open_images:test:9aebb4b4af4ddca2,open_images,9aebb4b4af4ddca2,,,,duplicate-d960165fc892e8ece945,positive,train,images/train/open-images-test-9aebb4b4af4ddca2.jpg,labels/train/open-images-test-9aebb4b4af4ddca2.txt,public_v2,abdafe87631deb27e888c7cd121d97b90ae736de1e9150197d65c0fd22df5811,9a9cdcdb3381ad2d3344b10bf28846147c647fe88332a913a4f6b8402227c397,8dc96da4a172cce9,2,bicycle,source_verified,
open-images-test-9bd8bc85bddc8624,open_images:test:9bd8bc85bddc8624,open_images,9bd8bc85bddc8624,,,,duplicate-bfb88d147bd350fcd8a1,positive,train,images/train/open-images-test-9bd8bc85bddc8624.jpg,labels/train/open-images-test-9bd8bc85bddc8624.txt,public_v2,25c87fa800c12dbeb5fc1dfbe8577b2b118ec6585b9a5ec49e14241b80bcb3c2,2da534a9c0fcb150b91adc27df8e43de90516c35bf84fd89743539d37eceb508,bc49678ff43d8920,1,person,source_verified,
open-images-test-9beddb68dcf8e63b,open_images:test:9beddb68dcf8e63b,open_images,9beddb68dcf8e63b,,,,duplicate-ec8f82bcd8437782ab38,positive,train,images/train/open-images-test-9beddb68dcf8e63b.jpg,labels/train/open-images-test-9beddb68dcf8e63b.txt,public_v2,6754e2cd984ed233f25107d477e9cd6ed30128df51f1e110cdac132411fc3825,55612571658375710e72dac6583de18030c2ea13a886ff478c5d1da9ac152b22,cdd991668bac25d1,1,car,source_verified,
open-images-test-9c173be3fa4d5aff,open_images:test:9c173be3fa4d5aff,open_images,9c173be3fa4d5aff,,,,duplicate-0e7ba8d7524131ec18cd,positive,val,images/val/open-images-test-9c173be3fa4d5aff.jpg,labels/val/open-images-test-9c173be3fa4d5aff.txt,public_v2,29767396db482b4278fefe1220bf6b09435f664c40cd92939ca2e72e32f6f4a9,4cd55f0cd690bbb9c7733f707f4f3f9bf0b326305da3643f0a56305b2fca49de,efc3709c604f8d2a,1,bus,complete,
open-images-test-9c425a14863ba98b,open_images:test:9c425a14863ba98b,open_images,9c425a14863ba98b,,,,duplicate-1ebc4ef74b6b74b4a3ef,positive,train,images/train/open-images-test-9c425a14863ba98b.jpg,labels/train/open-images-test-9c425a14863ba98b.txt,public_v2,427b0789589ec4e004b509499df9b64024beab03394fecebecefcbc7df79bb26,8bf92b43f616a6af1da672fcd49b94b97393bdc152b7cfd4d91cb8b216b7e72c,c5d5b8ba234b48d6,1,car,source_verified,
open-images-test-9c564ac244634de7,open_images:test:9c564ac244634de7,open_images,9c564ac244634de7,,,,duplicate-a9b096a5c420de4a4747,positive,train,images/train/open-images-test-9c564ac244634de7.jpg,labels/train/open-images-test-9c564ac244634de7.txt,public_v2,15ad5c022ea90506db93da3266e4fdb6b39d5bfbf597b952fec83db26d75e79c,f448e72c962a917e0547a239adcbbd44317db7d9d347d2fc943a6067dfb701c1,dd2490bca8db5363,2,bicycle,source_verified,
open-images-test-9c878cc886b6f3fd,open_images:test:9c878cc886b6f3fd,open_images,9c878cc886b6f3fd,,,,duplicate-5c20809588afbd61ce26,positive,train,images/train/open-images-test-9c878cc886b6f3fd.jpg,labels/train/open-images-test-9c878cc886b6f3fd.txt,public_v2,ea8f65fa42bf7860c773358fc787d843267468dea3608b548416fbeb9c07f2d4,49ea2bc59ad6cc3a7700db31d394744baf0d2ede570f896862cf269c6eeef8b9,a453f2c9072f427e,3,car;truck,source_verified,
open-images-test-9c9d02fb4d42adeb,open_images:test:9c9d02fb4d42adeb,open_images,9c9d02fb4d42adeb,,,,duplicate-00e61eccf28956c128e4,positive,train,images/train/open-images-test-9c9d02fb4d42adeb.jpg,labels/train/open-images-test-9c9d02fb4d42adeb.txt,public_v2,030d5f76e270ae2c50a4e02ebb7aa0d331963c91a8702ff430f8e751d92ff5e4,cdb647b849b0c31bd79cdaf7372c775977fb8c6eb54b4cab7ba2c79709f06102,dda8d56a236583ca,1,person,source_verified,
open-images-test-9cd654ace535902c,open_images:test:9cd654ace535902c,open_images,9cd654ace535902c,,,,duplicate-497880fdffeada06b25b,positive,train,images/train/open-images-test-9cd654ace535902c.jpg,labels/train/open-images-test-9cd654ace535902c.txt,public_v2,3f9db81d73dac9f3d19e435a65b92fcd866c6d428d712c566e171a270c700294,d61fd252fd32fd7a3204aa069f753337b74f35661c6e96ca355e953d0f201a44,f76cf344d40b82a6,1,truck,complete,
open-images-test-9ce40ce5c9a6c128,open_images:test:9ce40ce5c9a6c128,open_images,9ce40ce5c9a6c128,,,,duplicate-3728d767aac838868b0f,positive,train,images/train/open-images-test-9ce40ce5c9a6c128.jpg,labels/train/open-images-test-9ce40ce5c9a6c128.txt,public_v2,76c37661c8971bba41ed23ef703e0c05a35cb8fc6b2ee7b7433fc25ef5d0e35d,017fe7b6668df6d7f70fc82e748593a8451f23dedfb6f9bccd07c7e8292cfcc0,fc7ce292254097ba,1,car,source_verified,
open-images-test-9cf8ead1a1e22901,open_images:test:9cf8ead1a1e22901,open_images,9cf8ead1a1e22901,,,,duplicate-3f7789432baf2eddabcb,positive,train,images/train/open-images-test-9cf8ead1a1e22901.jpg,labels/train/open-images-test-9cf8ead1a1e22901.txt,public_v2,5ccfd55a6ae9444ccfc41533f68bbf230b2d9ee5e375199c4680913c1a121139,5b0133400b51d55932230e7fda42ed7f88892416a09d0b8b115aef7fbf348c28,9e4ca9314d6d32da,8,car;motorcycle;person,complete,
open-images-test-9d434300818e7078,open_images:test:9d434300818e7078,open_images,9d434300818e7078,,,,duplicate-c824f8737c87fc8571e3,positive,train,images/train/open-images-test-9d434300818e7078.jpg,labels/train/open-images-test-9d434300818e7078.txt,public_v2,e4fe6ae4eb40f048142ac890f403db54ad14d96e1e111592f188fc086e36e52b,09f7984c5d788c34d06ddc2e423491670afbc4594a6d0d18f815c36ce92dd6b9,cd88286b97370dce,1,car,source_verified,
open-images-test-9d4bb5d19da0aa84,open_images:test:9d4bb5d19da0aa84,open_images,9d4bb5d19da0aa84,,,,duplicate-097e84a407f1a17944c5,positive,train,images/train/open-images-test-9d4bb5d19da0aa84.jpg,labels/train/open-images-test-9d4bb5d19da0aa84.txt,public_v2,b6e313ad737e61a1fea533a4e44148d9ca0ee5dde684d94470daa4b10af3f973,9e60ebddeb91b43a0e0a0d081097456c1f7103ef9c51b955fa0df2851e33afb5,8ed5b94a15ea62a5,6,person;truck,source_verified,
open-images-test-9d78ee70e5a75833,open_images:test:9d78ee70e5a75833,open_images,9d78ee70e5a75833,,,,duplicate-816ba392fd42ca9d572f,positive,train,images/train/open-images-test-9d78ee70e5a75833.jpg,labels/train/open-images-test-9d78ee70e5a75833.txt,public_v2,66d2511018707ec2066550e14dc2122295b20b11b22d93f7f52d0f48ff7825a6,d6a64730ad83542989bc3f781c059234b6dc5bdf67a4dc3a65d526c158b1f528,929026eee5a1d379,4,car,source_verified,
open-images-test-9d8dd493d686f5e5,open_images:test:9d8dd493d686f5e5,open_images,9d8dd493d686f5e5,,,,duplicate-8bbda34f1ca826a33d5a,positive,train,images/train/open-images-test-9d8dd493d686f5e5.jpg,labels/train/open-images-test-9d8dd493d686f5e5.txt,public_v2,faf602b7df562756641ad28a024765e479d16bc371b0078b0d446455edafed17,b0d70f4e431afb9d85063ed906d41267dc5516b9d6672a66151aeb0dc324b1ef,a4f468b9d4b4954b,1,person,source_verified,
open-images-test-9d9662fee7ad82b7,open_images:test:9d9662fee7ad82b7,open_images,9d9662fee7ad82b7,,,,duplicate-fb2b975a0fce0293e394,positive,train,images/train/open-images-test-9d9662fee7ad82b7.jpg,labels/train/open-images-test-9d9662fee7ad82b7.txt,public_v2,607f4ba27e7823b1b269987a4ba059d55ec4a8bdd37ae3cd699069ff407e8239,786c5b55ffad5844fd4f06714733d2d744e047a3149be7255c2b6f64be70412a,e8239f589fc24935,6,person,source_verified,
open-images-test-9dc9994693e4e5cb,open_images:test:9dc9994693e4e5cb,open_images,9dc9994693e4e5cb,,,,duplicate-9644daabea2659a37ef6,positive,train,images/train/open-images-test-9dc9994693e4e5cb.jpg,labels/train/open-images-test-9dc9994693e4e5cb.txt,public_v2,46f100a876fa7446b5010fc87d5d06b5919da6e5bdbb3293d5decd7a63a37bc9,4035d960f5267abd687a87024ec3bd56c4900537aa17073c5c8b54132dc1f63c,a5dbce2c99521965,4,motorcycle;person,source_verified,
open-images-test-9e1e6fe8d1961218,open_images:test:9e1e6fe8d1961218,open_images,9e1e6fe8d1961218,,,,duplicate-ca62a015814c5beca31d,positive,train,images/train/open-images-test-9e1e6fe8d1961218.jpg,labels/train/open-images-test-9e1e6fe8d1961218.txt,public_v2,7fd772a60a322db723948c2838bef7371de506ee990ba5a38e2cbc4ecd77a133,7843f4c5e5f158565cbb4f66011b3ed75a25b8cf811ae99e3c8e172b4bd297f8,99abe07f129b4686,2,person,source_verified,
open-images-test-9e84a2921fb91102,open_images:test:9e84a2921fb91102,open_images,9e84a2921fb91102,,,,duplicate-4d8770aac199496f24c6,positive,train,images/train/open-images-test-9e84a2921fb91102.jpg,labels/train/open-images-test-9e84a2921fb91102.txt,public_v2,7e263efbe51beebe8f4b600d88980a3005658f0cdf92bb14ba488e5a6eb61060,dbaa4cbb0312660b4bc259abd964aebcc9f20366f967d56105c937e2a94f13ea,ee50f92ed423acc4,1,car,source_verified,
open-images-test-9e91b067e242c407,open_images:test:9e91b067e242c407,open_images,9e91b067e242c407,,,,duplicate-d452d75fd65c8205e1be,positive,train,images/train/open-images-test-9e91b067e242c407.jpg,labels/train/open-images-test-9e91b067e242c407.txt,public_v2,2503bea778cd5dfb950f63aecbac0b0bc789acefe9126917974ec9ede4ee50c9,3ca9379924994dc38a3ea97c66663cf092496c75188bc8cfec6b9d85a3407174,a314fab396989c17,1,person,source_verified,
open-images-test-9eb53899d8c6ed75,open_images:test:9eb53899d8c6ed75,open_images,9eb53899d8c6ed75,,,,duplicate-48e79dc772b63ed77523,positive,val,images/val/open-images-test-9eb53899d8c6ed75.jpg,labels/val/open-images-test-9eb53899d8c6ed75.txt,public_v2,28f4801b5fb9ff52316ceb40b7b83dfb6cf2ceb98631a1dacc010c3bdf17f7d5,20dd3e7d3042cc6e9980674584c69f3986c506cd0310a7d97b89a63c1b37f8df,bead85b4ccc4c58c,1,person,source_verified,
open-images-test-9f445cb9912a58ee,open_images:test:9f445cb9912a58ee,open_images,9f445cb9912a58ee,,,,duplicate-e58df5257f3262e0f971,positive,train,images/train/open-images-test-9f445cb9912a58ee.jpg,labels/train/open-images-test-9f445cb9912a58ee.txt,public_v2,0be70aa467cdfbdc62c778a3e15599331094e8add41e98e9c02923b710219767,a1dfff3e10fdc8c96ead39a1311e26d9ff27edf8dd48e4ea05399b7c0cfd5d4d,83fc736d3f038219,10,person,source_verified,
open-images-test-9f60c8a1f706c80e,open_images:test:9f60c8a1f706c80e,open_images,9f60c8a1f706c80e,,,,duplicate-ae2ea00e3d41ed636abe,positive,train,images/train/open-images-test-9f60c8a1f706c80e.jpg,labels/train/open-images-test-9f60c8a1f706c80e.txt,public_v2,651e03b743e7f4af82e00260b036863745456594fab77c7a2fc1f5342d706f78,a730ae87246e5c589d788568ab7c1ba73a03be7da845106d374f15b366baf7e3,dcd4832b68b0974f,12,person,source_verified,
open-images-test-9fbedb343a5d02bf,open_images:test:9fbedb343a5d02bf,open_images,9fbedb343a5d02bf,,,,duplicate-f944e4cf6ad23d494dc5,positive,train,images/train/open-images-test-9fbedb343a5d02bf.jpg,labels/train/open-images-test-9fbedb343a5d02bf.txt,public_v2,89e6d291699370a00d2f52ab4df88f87c5bf745fc188ac68523003e74f5ad3bf,749874f1235f47f878374a39d0447aea538df6cc012a2b02f12e9eb4008dccbe,8cca33268c5c3de7,1,person,source_verified,
open-images-test-a122ef737e3227a7,open_images:test:a122ef737e3227a7,open_images,a122ef737e3227a7,,,,duplicate-89efa41c22b8bbcf70af,positive,val,images/val/open-images-test-a122ef737e3227a7.jpg,labels/val/open-images-test-a122ef737e3227a7.txt,public_v2,0133a87fba4ae04e8d19b2549ef22f1b4b6d0076c798a6bcbf002a640738489e,717cc65211b21a7f005802e55e9d74c9e2a74465bab7e9839da4aebc0d4a1748,fd0a92fdcfc0c412,4,car;truck,source_verified,
open-images-test-a141f13b47a19cbf,open_images:test:a141f13b47a19cbf,open_images,a141f13b47a19cbf,,,,duplicate-0487d2b801817c08160c,positive,train,images/train/open-images-test-a141f13b47a19cbf.jpg,labels/train/open-images-test-a141f13b47a19cbf.txt,public_v2,17dabfd7563e79fc90af2ba86f59ad743c9a4346c95d201c626179b1d07df7d7,45632da9b27f613b861e8fe9e3f20c176e5242f7ac79676458048e6aac9878ef,b4d90cd6f90644f9,1,person,source_verified,
open-images-test-a189f2012c4c74ee,open_images:test:a189f2012c4c74ee,open_images,a189f2012c4c74ee,,,,duplicate-d101e54a540f4560e5e9,positive,train,images/train/open-images-test-a189f2012c4c74ee.jpg,labels/train/open-images-test-a189f2012c4c74ee.txt,public_v2,75dc2c42c498d437a91a4e0d60eb48b3f4399477c8f25ed5d093c6b115966660,4ce32239f57425204be6e90acf1fcad0f95e723035146cac39d01a01e11f2221,a0a0a18797d65e5f,1,car,source_verified,
open-images-test-a2744efa4d6f1b2b,open_images:test:a2744efa4d6f1b2b,open_images,a2744efa4d6f1b2b,,,,duplicate-5a414852235480b36f01,positive,train,images/train/open-images-test-a2744efa4d6f1b2b.jpg,labels/train/open-images-test-a2744efa4d6f1b2b.txt,public_v2,944f0133cb84aa0ed2c45a5fdad3739f66c4b72383185df2521fa3497e82ef7c,dfab0df88cf71a9355c27c06cca146579c0e147060d95db6b179eac351918c2e,8d95f0688716e96d,4,person,source_verified,
open-images-test-a28f38439a7f71fa,open_images:test:a28f38439a7f71fa,open_images,a28f38439a7f71fa,,,,duplicate-8c2f7dc77d47002d2f5b,positive,val,images/val/open-images-test-a28f38439a7f71fa.jpg,labels/val/open-images-test-a28f38439a7f71fa.txt,public_v2,5e63bf54a0f98a6c9fe019c3f941d9b4c62cf9db6283c7ee2dfcb6020de7e205,f638f6e555bba23bd7b4ed33f1bed480b6d4a4e843851331e8e1f6e71d044522,b7fabd4c40214aa7,31,person,source_verified,
open-images-test-a2d44c9a273d758d,open_images:test:a2d44c9a273d758d,open_images,a2d44c9a273d758d,,,,duplicate-efcc099823c744e5f57c,positive,train,images/train/open-images-test-a2d44c9a273d758d.jpg,labels/train/open-images-test-a2d44c9a273d758d.txt,public_v2,6aa0c67c1997c005fffec1d21677d52e7ebb9162e5a4160aea97fc45bcf3f05c,660931c5693df28466c970196b6e33d49c3dbe41ef770ec383956b0b74b2e83e,aac4e7b6ce1311a9,5,motorcycle;person,complete,
open-images-test-a2d9eb14f009e59e,open_images:test:a2d9eb14f009e59e,open_images,a2d9eb14f009e59e,,,,duplicate-e7ce4b8004387aa82539,positive,train,images/train/open-images-test-a2d9eb14f009e59e.jpg,labels/train/open-images-test-a2d9eb14f009e59e.txt,public_v2,ba7ac1380e265e34c7fac15bddd3363ad6fee398bbbaed320919badf430d6fbb,c6b4cff5302f1a4ee569828ffd26e3b377ea41a3d5795a7ed9fcc52e0e58ce4b,d51e2aa5fd3e8282,1,truck,complete,
open-images-test-a2ffeb7675acf4c8,open_images:test:a2ffeb7675acf4c8,open_images,a2ffeb7675acf4c8,,,,duplicate-6196e6aa941132f41126,negative,train,images/train/open-images-test-a2ffeb7675acf4c8.jpg,,public_v2,50590e569e0dd538c7a404feb165ea635e11fcba8f94bbc05f4718abc0b84f60,0ef3742a816b2af4f1026610b21eeaf01f4e15d1954b565b436a387b77e14735,bb3b47d114a388ec,0,,accepted_negative,
open-images-test-a308642e4d4791c6,open_images:test:a308642e4d4791c6,open_images,a308642e4d4791c6,,,,duplicate-f4525e43499aff411673,positive,train,images/train/open-images-test-a308642e4d4791c6.jpg,labels/train/open-images-test-a308642e4d4791c6.txt,public_v2,884c95fc291b92efbaab81b7002e786610ba8c3eb3610d018b21b186c5b45db1,d7cc36e5a8b191c46a3e3e35f29d2eec297e419043754b800c99a7314f035e7c,93ccbc63e3603663,2,bicycle;person,complete,
open-images-test-a3318765b8a2e674,open_images:test:a3318765b8a2e674,open_images,a3318765b8a2e674,,,,duplicate-d14c629ed6d89243c7d7,negative,train,images/train/open-images-test-a3318765b8a2e674.jpg,,public_v2,1192610b23684afc851d15f1543a74a443c86a0467cd89ae34b4bb7edce92ca1,9d99edba2cc83c90127b0ed4a50fd98cf1f0c24f56993af0f935eb671c689f34,e6b7926971928c4b,0,,accepted_negative,
open-images-test-a4e94e1f640fc545,open_images:test:a4e94e1f640fc545,open_images,a4e94e1f640fc545,,,,duplicate-bea62b987c42e25e09c2,positive,train,images/train/open-images-test-a4e94e1f640fc545.jpg,labels/train/open-images-test-a4e94e1f640fc545.txt,public_v2,a31c8662e765e2a4b6fe0002206e25e8ec0d6a5138ba1acf08cbfc7a7a8b0f7f,360b8418dc496a4c8c0eed07cf3b368a775dfe5d1a753e9ee385c13abb6247a5,cc3373cc2f70c40f,9,person,source_verified,
open-images-test-a54f93c489fad430,open_images:test:a54f93c489fad430,open_images,a54f93c489fad430,,,,duplicate-601a248b4d5600f77acc,positive,train,images/train/open-images-test-a54f93c489fad430.jpg,labels/train/open-images-test-a54f93c489fad430.txt,public_v2,836486e82384adff618720f6211ad07788e2d2f96409fabf8f6beea83981add8,511a3e9e9f5f4f2d887dfdddf5e27b84570d154f2c1be0ca620a98f007f41dd6,8101ce7ef72a71f0,1,motorcycle,complete,
open-images-test-a57b9565a9aa4bd0,open_images:test:a57b9565a9aa4bd0,open_images,a57b9565a9aa4bd0,,,,duplicate-664c518a0a2f5b4fa91f,positive,train,images/train/open-images-test-a57b9565a9aa4bd0.jpg,labels/train/open-images-test-a57b9565a9aa4bd0.txt,public_v2,ccd0342f70b256a2d29731f453e8706105fcaa0555021ba9a00795f33a0338f0,c9b346ec44575a8770b6270aafe3daaf8ba1375f8e49007f8441d698561e8178,c3c2da6e8666e4a3,1,bus,complete,
open-images-test-a59617ff465dc5f8,open_images:test:a59617ff465dc5f8,open_images,a59617ff465dc5f8,,,,duplicate-04b8d94b5329eee64d2e,positive,train,images/train/open-images-test-a59617ff465dc5f8.jpg,labels/train/open-images-test-a59617ff465dc5f8.txt,public_v2,30cfd21beeb194e8abd5dff839e16674d8b260c05dcbbb93eb35f381abc3ec5e,6db18787f9c6d7f61db7470933d23d095b9643bf6fab64e5e53f74dc4a8161be,d8671ae1a479a56a,4,bicycle;person,source_verified,
open-images-test-a5f304d93cc2c149,open_images:test:a5f304d93cc2c149,open_images,a5f304d93cc2c149,,,,duplicate-b1ca21d46b8f5b7057cd,positive,val,images/val/open-images-test-a5f304d93cc2c149.jpg,labels/val/open-images-test-a5f304d93cc2c149.txt,public_v2,ed2da7e15949fd3291d4d6259f685f57ec75b9bd62917335d011d4e9d9cd14e6,3fd7f3c5210f27bd32e6ac3fbf3914ef1c37a1578562670e79ed434df4e9e47d,f781d96c862263d9,1,person,source_verified,
open-images-test-a62aa3a75564a08f,open_images:test:a62aa3a75564a08f,open_images,a62aa3a75564a08f,,,,duplicate-ce9f0f0baa9bec5c0d79,positive,train,images/train/open-images-test-a62aa3a75564a08f.jpg,labels/train/open-images-test-a62aa3a75564a08f.txt,public_v2,a8d30619de7032bcc1166a6078e2d849d386b5e23bd69abac53445bb7777a2c5,10e9dbaa77bd0cb40143f77ad55050bbb2598982f32995cdc8f7e00bfd6575c5,bcb007e6fc5d6184,14,person,source_verified,
open-images-test-a641327295292814,open_images:test:a641327295292814,open_images,a641327295292814,,,,duplicate-fee96cff3e3d8f572b5d,positive,train,images/train/open-images-test-a641327295292814.jpg,labels/train/open-images-test-a641327295292814.txt,public_v2,c5ef8dd33ca7919787b5bb3d932404b21659ac7130705ba36d5b1d1c42de46ce,631ba658d7ecec0f72f2cef1e60129a5361816a60e423fe61cf454132e1395f6,91ccc6bfac5888cd,1,person,source_verified,
open-images-test-a64706fc3a48d8cb,open_images:test:a64706fc3a48d8cb,open_images,a64706fc3a48d8cb,,,,duplicate-0a1737d548ef249399aa,negative,train,images/train/open-images-test-a64706fc3a48d8cb.jpg,,public_v2,59a5b4a4139bb983f60104073a3bdd74c036aed45cb5b10d2dece8a13bf664db,ee7981794a325f3a3d67d51804cae053d51a9e4e8503dc9a2447398ce7bd39d0,ffd5d485a2e025c1,0,,accepted_negative,
open-images-test-a68b86dbfa92bb40,open_images:test:a68b86dbfa92bb40,open_images,a68b86dbfa92bb40,,,,duplicate-6a4955745b690716296e,negative,train,images/train/open-images-test-a68b86dbfa92bb40.jpg,,public_v2,191ce542e365c7164b26256fb40d5d8917120e3e00104a9e6f30add4025b2381,cd58108063618b2bf168c360d88889764a4f3e0ad72777e5c7ed4ccb06b568be,da23c35ca53b38c6,0,,accepted_negative,
open-images-test-a6badd72ba29dab4,open_images:test:a6badd72ba29dab4,open_images,a6badd72ba29dab4,,,,duplicate-0196d5144f9778ed8597,positive,train,images/train/open-images-test-a6badd72ba29dab4.jpg,labels/train/open-images-test-a6badd72ba29dab4.txt,public_v2,bd9f0e232d3aa45f7ffbbfef5cba954a182f5ebbc4972cb47e5ad49a5ae664a1,a117246a7341c96a38417595fc05d720843895cc0a1221139f137095b8b7933a,f8fefa87858061c8,2,bus,source_verified,
open-images-test-a6c322881a01d7dc,open_images:test:a6c322881a01d7dc,open_images,a6c322881a01d7dc,,,,duplicate-71209376ee03cf134521,positive,train,images/train/open-images-test-a6c322881a01d7dc.jpg,labels/train/open-images-test-a6c322881a01d7dc.txt,public_v2,8c22dc88c405ec2113f6648a1a5536ef1731d8ef9b56063cebac1f8a8159f7e2,9b49505eb1d974cd3356e7bf4dd8498ec8038e459d7e04c951814ad1c6a33ecf,e15597e9e18361b8,2,car;truck,complete,
open-images-test-a6cff7d33b841d2f,open_images:test:a6cff7d33b841d2f,open_images,a6cff7d33b841d2f,,,,duplicate-1c803af5979e53f2b09e,positive,train,images/train/open-images-test-a6cff7d33b841d2f.jpg,labels/train/open-images-test-a6cff7d33b841d2f.txt,public_v2,dea1b84e49d3363adb71ea3a3648e71ee914c3ac47d15e6dd395e9a4a9dc2939,ebce102917b7c9bb15c3739e5783d99cb1b480487ec74587005a69fc965f4588,9a25c56a42fda0eb,4,bicycle;person,source_verified,
open-images-test-a7157a32c782e319,open_images:test:a7157a32c782e319,open_images,a7157a32c782e319,,,,duplicate-35516b8b840f3156d66b,positive,train,images/train/open-images-test-a7157a32c782e319.jpg,labels/train/open-images-test-a7157a32c782e319.txt,public_v2,916773967c44053cee794f2cb03fdbb17ae9a56c2efe383316511a3336840880,661c9f6924081d9f1db817ed0f0ba2b7eed5cefa37671e5ad66fb02928f537e8,de83e07e8e61b08e,4,person,source_verified,
open-images-test-a72ca692b73ff43d,open_images:test:a72ca692b73ff43d,open_images,a72ca692b73ff43d,,,,duplicate-97a24f8fb81b692fef10,positive,train,images/train/open-images-test-a72ca692b73ff43d.jpg,labels/train/open-images-test-a72ca692b73ff43d.txt,public_v2,0365645b18805b91bc3eb5738e4f8cb4f9ea60436b1a1327ec0712ad04e4023e,b539eb2c15034a299551941a84341b738f439f545c056f8631f6651649be1eb5,f2b987cd4078a387,1,car,source_verified,
open-images-test-a76a8cac686a52ad,open_images:test:a76a8cac686a52ad,open_images,a76a8cac686a52ad,,,,duplicate-c0ee0068d01199902f35,positive,train,images/train/open-images-test-a76a8cac686a52ad.jpg,labels/train/open-images-test-a76a8cac686a52ad.txt,public_v2,acf3bc50da542b0bee28a079423e14d2bf2db3e303dcbe8b78f1c24458e59df9,cb15d4e2ab8583931172a534b9ab0435f5a5603632da65fb44c3a1278f757575,cc0c1ccf8a3ff087,1,person,source_verified,
open-images-test-a7c50f13b01348b7,open_images:test:a7c50f13b01348b7,open_images,a7c50f13b01348b7,,,,duplicate-cab4938c672b0c3c47e4,positive,train,images/train/open-images-test-a7c50f13b01348b7.jpg,labels/train/open-images-test-a7c50f13b01348b7.txt,public_v2,d5a363ca013bf724a7d1c5a8a83fd69a9e9407716a91469d11e98320367d1d81,97a4cedf9d86d392568f17bcbe68d25d1e3c5d36f191fb24b395b3a71a1e0f0d,f694896874d689e9,5,car;person;truck,source_verified,
open-images-test-a7d18766265ad07e,open_images:test:a7d18766265ad07e,open_images,a7d18766265ad07e,,,,duplicate-e72c50a49fb397e24246,positive,train,images/train/open-images-test-a7d18766265ad07e.jpg,labels/train/open-images-test-a7d18766265ad07e.txt,public_v2,9f8dfa4310ceb93b2cef53e7590b0c32ec26d2df915a89cb2c410a8598ab0d13,5503552165c10228ac3090743de06cb0cffef4afdffa1b6893f5023abff7dd5b,a6c545b291f16b35,1,bus,complete,
open-images-test-a7d200d36546e577,open_images:test:a7d200d36546e577,open_images,a7d200d36546e577,,,,duplicate-2f420c0b6035fd59df14,positive,train,images/train/open-images-test-a7d200d36546e577.jpg,labels/train/open-images-test-a7d200d36546e577.txt,public_v2,943bc2ca4b122cf5b303a8083c32902987ef812b2d1e4f84cae0b2f75b578c4f,81f772023a7eeaafc3a3bd22fc08344790f440f9d2d9ffeb29c57114d9c7c379,bf04c40f9b83379a,2,bus;person,source_verified,
open-images-test-a8f274564b578e38,open_images:test:a8f274564b578e38,open_images,a8f274564b578e38,,,,duplicate-28da4dd28b438fbe4f16,positive,val,images/val/open-images-test-a8f274564b578e38.jpg,labels/val/open-images-test-a8f274564b578e38.txt,public_v2,a5e5fb38cdaaf1b27bdf13f9bca3a249a5d468a252d54220881336fc12be3c27,85e4a37589ab6a3423ddcfd25239e47176492ecbc3a3b2a9abd62acec2f0fac1,ffc0861ad06761c7,1,car,source_verified,
open-images-test-a91cb7ce01de462a,open_images:test:a91cb7ce01de462a,open_images,a91cb7ce01de462a,,,,duplicate-e1bbb0a1641bf47a4eff,positive,train,images/train/open-images-test-a91cb7ce01de462a.jpg,labels/train/open-images-test-a91cb7ce01de462a.txt,public_v2,39ec551c40b9cc39c9a56e89969d4ae75fe859b6420e5b1841e3a8a0d0f5cd2f,e2bd79a5f0c727b0fa88bfa78dc2547cc9c207ac8f77a38498361ae494f5ee73,94614b5ae70c5b73,3,person,source_verified,
open-images-test-a92da28f481d9511,open_images:test:a92da28f481d9511,open_images,a92da28f481d9511,,,,duplicate-e5e2a17f8f5eff4ec4db,positive,train,images/train/open-images-test-a92da28f481d9511.jpg,labels/train/open-images-test-a92da28f481d9511.txt,public_v2,475a233923750baa007eab41a15b1f97ebf64f1aa6f23cedbd434e47161460ad,052f3e1d9986ab500f652a325134674ac2b4e45eed6948baf6f0a10006ca8198,ed1b93a4126ee919,2,person,source_verified,
open-images-test-a933056634b841fb,open_images:test:a933056634b841fb,open_images,a933056634b841fb,,,,duplicate-0f5bcf35584f2c6f36de,positive,train,images/train/open-images-test-a933056634b841fb.jpg,labels/train/open-images-test-a933056634b841fb.txt,public_v2,72e9a166cbf0a7aef70ef6bff8a24d7a824177094c94cad3a04e5ce3e07e4b11,95d496b0259a633916da842a46e0c62d720a6bfcae032d6adcd469ee449ac1ef,afe0c08be762a8ad,5,car;person;truck,complete,
open-images-test-a98b048bbe1adcf4,open_images:test:a98b048bbe1adcf4,open_images,a98b048bbe1adcf4,,,,duplicate-fbf782b5ea286e80aff1,positive,train,images/train/open-images-test-a98b048bbe1adcf4.jpg,labels/train/open-images-test-a98b048bbe1adcf4.txt,public_v2,62d51370887ee8b7254d693b826e5a6ece032ab91e93afb1d1e61f1fdae77aba,5b15b816f9a5f52eb58855943b002280eee24219404ecd978bf0216fbb2cb361,b11e0ce4d3bbc51c,1,person,source_verified,
open-images-test-a9ccac707f145b2d,open_images:test:a9ccac707f145b2d,open_images,a9ccac707f145b2d,,,,duplicate-e67597975c21c96e36d6,positive,train,images/train/open-images-test-a9ccac707f145b2d.jpg,labels/train/open-images-test-a9ccac707f145b2d.txt,public_v2,83eed0e0c54ac83f69eb935b314db7f09ce8b6afba0f142e4ddc95bd42106a18,6d2a33ea049dcbb24f851999799a083a1b892c4062450ec0cc1847d672d8818d,c0d62a28dd4b6be3,1,car,source_verified,
open-images-test-aa0a1551758ae072,open_images:test:aa0a1551758ae072,open_images,aa0a1551758ae072,,,,duplicate-69b0b294773b5e1dea6e,positive,train,images/train/open-images-test-aa0a1551758ae072.jpg,labels/train/open-images-test-aa0a1551758ae072.txt,public_v2,3c4633e39b28c1ec94545aab03a8ba8861a4426b045eb306aab98c19fdcd25c0,33da541235e61ad444bb3836d61d05922ca0572f19814988f4c6df45ae33b65d,f38b86544cf3c38c,1,truck,complete,
open-images-test-aa2cbbf4c462540b,open_images:test:aa2cbbf4c462540b,open_images,aa2cbbf4c462540b,,,,duplicate-62bd747df4a4b51294ca,positive,train,images/train/open-images-test-aa2cbbf4c462540b.jpg,labels/train/open-images-test-aa2cbbf4c462540b.txt,public_v2,f31312058239279b62d55ae1f91989d4a148aeb0d818d101ba5e8f8e16444662,4ce8642037b027171b0867b0b8f6658bed78af8fde3ae11db0f48d92049ec33c,ecc99716c12ade45,1,person,source_verified,
open-images-test-aa634c1c56c2613b,open_images:test:aa634c1c56c2613b,open_images,aa634c1c56c2613b,,,,duplicate-076b3720e30909c3acaf,positive,val,images/val/open-images-test-aa634c1c56c2613b.jpg,labels/val/open-images-test-aa634c1c56c2613b.txt,public_v2,18d983dfa01d18fbecc78abba5a12e9f25edf559ade18c80d5beb9820b52e93f,f26799e314cb8a158aea598495e05ab12341f8408824eab401dbc887355d8667,94c76a79a5c65e0c,3,person,source_verified,
open-images-test-aa842f15d02689a5,open_images:test:aa842f15d02689a5,open_images,aa842f15d02689a5,,,,duplicate-52372c11abd0adb2b609,positive,train,images/train/open-images-test-aa842f15d02689a5.jpg,labels/train/open-images-test-aa842f15d02689a5.txt,public_v2,a4953d398ec29f08bcc1c4f8946812635721c0458cfd936c867b45ca194ea81e,1b92b6e3c0961a46d39a7d7259d8c03c1767b5f740772028b560d4cc13cfbaa9,ce9931e66823ceb8,1,car,source_verified,
open-images-test-aabb92ebc1aa049c,open_images:test:aabb92ebc1aa049c,open_images,aabb92ebc1aa049c,,,,duplicate-5bace792b51b7a9b35bf,positive,val,images/val/open-images-test-aabb92ebc1aa049c.jpg,labels/val/open-images-test-aabb92ebc1aa049c.txt,public_v2,13148a72d5470dc8547bce3e4db48c1b771ffcbbfe88b9cbf2b2a43587c62396,ad44e858546d186c444ed1f4e2d332f2a8fc37efec58f6aa787566ea5fa412b2,809c2a6dc7e56b87,3,bus;car,complete,
open-images-test-ab2aabb4c16cb9f0,open_images:test:ab2aabb4c16cb9f0,open_images,ab2aabb4c16cb9f0,,,,duplicate-2c8c8cfa8dbdb851b8b7,positive,val,images/val/open-images-test-ab2aabb4c16cb9f0.jpg,labels/val/open-images-test-ab2aabb4c16cb9f0.txt,public_v2,fbe2fadc0b6e62137ec49390a0f73206de405ecbfa377faf6fc262c9a2e10918,f0ee53249c26a9d757b94856ad5a33bd0a17a88013402ced91d103518fe222e1,abe1316d968ec493,1,person,source_verified,
open-images-test-ab7134e5ef4ee4bd,open_images:test:ab7134e5ef4ee4bd,open_images,ab7134e5ef4ee4bd,,,,duplicate-ac58ab5e766ed5136a78,positive,train,images/train/open-images-test-ab7134e5ef4ee4bd.jpg,labels/train/open-images-test-ab7134e5ef4ee4bd.txt,public_v2,c1a0edf08f4f8fb9c62fdcccf8805201e8908b2f0ec9c0d889352e23dc3081bd,7fb362870728fe64e0fa9149f5bcda9d3a78d5bda4b108f44bcf3c79621496d6,e9c9c7c6ccc12738,1,person,source_verified,
open-images-test-ab7633a6f88c9ebe,open_images:test:ab7633a6f88c9ebe,open_images,ab7633a6f88c9ebe,,,,duplicate-5f020e2214fc6d292361,positive,train,images/train/open-images-test-ab7633a6f88c9ebe.jpg,labels/train/open-images-test-ab7633a6f88c9ebe.txt,public_v2,9710c1b2fffb81376040ee3a03e43f3f53175b7bbbf89541ddf0fbcc9930aa31,17b89f3a8a9b571bb6eaf49d754b52cfd5d135a06d000ae461c69ff65c9696b8,939bad15d808e74b,12,bus;car;person,complete,
open-images-test-aba986a09822b4e6,open_images:test:aba986a09822b4e6,open_images,aba986a09822b4e6,,,,duplicate-6a47c4acfb15d07e2819,positive,train,images/train/open-images-test-aba986a09822b4e6.jpg,labels/train/open-images-test-aba986a09822b4e6.txt,public_v2,45bd600f72a4acc31a67d8da1552ee47bb85dc7d2a27c947be92440917c7c5d6,76feb6335e95fc08aa3711c3ca0f7e76d8d6970428d8352e3e8fb2c681b71089,8459f14ef6a74b48,2,motorcycle;person,complete,
open-images-test-abc436f8778e1a82,open_images:test:abc436f8778e1a82,open_images,abc436f8778e1a82,,,,duplicate-d94be27a5e73bc25729b,positive,val,images/val/open-images-test-abc436f8778e1a82.jpg,labels/val/open-images-test-abc436f8778e1a82.txt,public_v2,646f4f56e5a0512af8275e3b1bfa1fc90201d8b6aead6120c985aabbb3a6d263,61ff5ffbb62361f9d0ee051cd99a7ff2d78835b902077a578a0defbff673c9b5,d4795a7128e8f19c,9,bicycle;person,source_verified,
open-images-test-ac3ff16ad40fc51a,open_images:test:ac3ff16ad40fc51a,open_images,ac3ff16ad40fc51a,,,,duplicate-5a3749e9cc15608086de,positive,train,images/train/open-images-test-ac3ff16ad40fc51a.jpg,labels/train/open-images-test-ac3ff16ad40fc51a.txt,public_v2,afed94ed3e257546f5b0432d5e8a1af9a8b0f4efc73c6782bfb56b279b9024d8,2e3ca8e5f9974394d7cdee42cfb9586a6c82ab059836501c5e653ace0ffe10bc,c347a4c4e5d6d83c,1,person,source_verified,
open-images-test-ac816089395f4f9b,open_images:test:ac816089395f4f9b,open_images,ac816089395f4f9b,,,,duplicate-4268ffdc37ffc824247c,positive,val,images/val/open-images-test-ac816089395f4f9b.jpg,labels/val/open-images-test-ac816089395f4f9b.txt,public_v2,8ed978e21b6271239069d20f4ba744b976f40ac364d8e98c5904e9a70c892d3a,e0f9c08a46a6062d4cbfb4b25ac8acb7504639005a2fa9e051eff7a756e89063,9a9ad2524beb2ccc,2,car;truck,complete,
open-images-test-ace5f9fb88a393aa,open_images:test:ace5f9fb88a393aa,open_images,ace5f9fb88a393aa,,,,duplicate-78562eb6a871441635ba,negative,val,images/val/open-images-test-ace5f9fb88a393aa.jpg,,public_v2,ce380ac4d627cdc2aee2c41cbbb290cfccb920b6e255b594eae4c5f7cb61d6e2,b30249b14f7aef52cd22358ee3c69abdef21d481123495d100270cf8ee9de62d,8d1e6a41471f3e6c,0,,accepted_negative,
open-images-test-acfb617c862eb62b,open_images:test:acfb617c862eb62b,open_images,acfb617c862eb62b,,,,duplicate-6f70db9ce5e933b659dc,positive,train,images/train/open-images-test-acfb617c862eb62b.jpg,labels/train/open-images-test-acfb617c862eb62b.txt,public_v2,752228a65f9a5cba34739bb728ec3b9ea4db127cc674ec72462b0fa86fe4a071,eb3f65e2ba252d85b6b7335bb359f042034a162297661f6303bba674518e5cad,c463e2e4c8e7744b,1,car,source_verified,
open-images-test-ad1b5b92aa448a44,open_images:test:ad1b5b92aa448a44,open_images,ad1b5b92aa448a44,,,,duplicate-8b0ec7dca99571cd3e19,positive,train,images/train/open-images-test-ad1b5b92aa448a44.jpg,labels/train/open-images-test-ad1b5b92aa448a44.txt,public_v2,af3470662aaa2a2e31f033ff3198a7b32fa4cd7854ebf889208dfe4e3b826cb9,7f768f73c2e22da4768591993e50f15718bca241d829ee7b85a75f174e050307,8e9e9c8c8d29e873,4,bus;person,source_verified,
open-images-test-ad6c618f561b2068,open_images:test:ad6c618f561b2068,open_images,ad6c618f561b2068,,,,duplicate-2813d4f993192e268af4,positive,train,images/train/open-images-test-ad6c618f561b2068.jpg,labels/train/open-images-test-ad6c618f561b2068.txt,public_v2,f6ef9c2679be1ff28585f31e12dab278c3f6d937711f631b5e7ca037968693a7,52917891450d4f9bb9ecb556811f62efdebce146d449277d1a6210822d1886cd,9c9e50b1a55c9aad,5,person;truck,source_verified,
open-images-test-ad97675075d033c1,open_images:test:ad97675075d033c1,open_images,ad97675075d033c1,,,,duplicate-c899b0607f8b1c59ec42,positive,train,images/train/open-images-test-ad97675075d033c1.jpg,labels/train/open-images-test-ad97675075d033c1.txt,public_v2,b9cf339a452dc8d05c51fb9d01063c523c92a1dae967f13936ee7516d9ca3ac7,0fdfa5294aa90fa7de0aff45dfe6e548e78b13dce237a4f6af0a234310be12c2,baeccc929e0df890,1,person,source_verified,
open-images-test-ae6ce06268ee9794,open_images:test:ae6ce06268ee9794,open_images,ae6ce06268ee9794,,,,duplicate-47d1d1fb5f49f4237b1d,positive,train,images/train/open-images-test-ae6ce06268ee9794.jpg,labels/train/open-images-test-ae6ce06268ee9794.txt,public_v2,b66587db3e24e9b1a1f95e000bb00cec69d6718802b54c3ee3d9bdc4629622ff,24a15182f560309b71dc127403168e57914c0bbb596d65e9395e38aeca13c369,8386b8c1f178f23e,1,truck,complete,
open-images-test-aede3a4a5bd187c8,open_images:test:aede3a4a5bd187c8,open_images,aede3a4a5bd187c8,,,,duplicate-404cebacbc5ce6e3b301,positive,train,images/train/open-images-test-aede3a4a5bd187c8.jpg,labels/train/open-images-test-aede3a4a5bd187c8.txt,public_v2,d821cc2a03f386b8fd386e0993141197e1802a8c0797d936522cfbd83556abe8,3e7eabef9a4d8cd50f673a644b778f2b3ea7118256600f38cebacbba05f8dc01,999a90fa591cc63e,1,car,source_verified,
open-images-test-af12793a05c405d4,open_images:test:af12793a05c405d4,open_images,af12793a05c405d4,,,,duplicate-5f59746a349b61a949b5,positive,train,images/train/open-images-test-af12793a05c405d4.jpg,labels/train/open-images-test-af12793a05c405d4.txt,public_v2,de4be598683a193400da31d5697592bf41fc366dc5a579fe47f4115b4d1110ab,0847b403e6cedb2052c2d3b2541a7f9e08fc1d29e72f07b6977e5f1a88bfb639,e5989b674e4cb2a1,1,person,source_verified,
open-images-test-af81b2024950c0a6,open_images:test:af81b2024950c0a6,open_images,af81b2024950c0a6,,,,duplicate-981456ae270c520434ed,positive,train,images/train/open-images-test-af81b2024950c0a6.jpg,labels/train/open-images-test-af81b2024950c0a6.txt,public_v2,3653cd46ae4e90c98e0d894de1a087e5653a9ef27667b635c138c2a208b008dc,5d9d93d312137365ed854b5fb06955ae6e27e83f7746ae9dd04ae1d72618efc9,f363cccc313322ce,3,motorcycle;person,complete,
open-images-test-af871d4962827eeb,open_images:test:af871d4962827eeb,open_images,af871d4962827eeb,,,,duplicate-b404a633cc7be02fd530,positive,train,images/train/open-images-test-af871d4962827eeb.jpg,labels/train/open-images-test-af871d4962827eeb.txt,public_v2,a5962d266c653b51f38f5c80d0427fe08fa574520e4dfdb46831b9403a73959f,abc1db1a89a9a4382fefccc770d488295402405cc8646caa3fc0fc678e4ead56,85153b6ac297ad5c,1,car,source_verified,
open-images-test-afdd06a5b46b8fd0,open_images:test:afdd06a5b46b8fd0,open_images,afdd06a5b46b8fd0,,,,duplicate-6ba5eab9c4f026e723e0,positive,train,images/train/open-images-test-afdd06a5b46b8fd0.jpg,labels/train/open-images-test-afdd06a5b46b8fd0.txt,public_v2,e49a46391cc0232949d6f257f83b0733a4f54f505ea239611b4ad97f1c33b09e,97e7df1e6a930a89f98c422d3d3960ee9a3af305cbbca858a3b82ac7a562a73f,bc98d4b89a66782e,2,person,source_verified,
open-images-test-aff2e5f544a90d0c,open_images:test:aff2e5f544a90d0c,open_images,aff2e5f544a90d0c,,,,duplicate-f01d14a3783a03bbe846,positive,train,images/train/open-images-test-aff2e5f544a90d0c.jpg,labels/train/open-images-test-aff2e5f544a90d0c.txt,public_v2,b85a9e9bcce66f9385e76925f6100e5f39286a7781bc8d7d4e6daf6c29f871c9,d9bfe291d17602d94aae529a64641e00896bc827d1c6aeadff9862e1ef7e8a7f,939c40f19f047d9b,2,person,source_verified,
open-images-test-b124efa526cea8d0,open_images:test:b124efa526cea8d0,open_images,b124efa526cea8d0,,,,duplicate-022a9c8d546f54aa340e,positive,train,images/train/open-images-test-b124efa526cea8d0.jpg,labels/train/open-images-test-b124efa526cea8d0.txt,public_v2,0a930259e8ff6e49b8cf9e88f61c806e3ad840bc0e5b6faa6066a966ea3fd2ff,96a76736c19dd16ec8c640a82d33bf0a945f2032dfef01525b61175e05e66f6a,d0d2172f791af10e,1,person,source_verified,
open-images-test-b1706c316c717429,open_images:test:b1706c316c717429,open_images,b1706c316c717429,,,,duplicate-b663a67fe6dfe56a7d27,positive,train,images/train/open-images-test-b1706c316c717429.jpg,labels/train/open-images-test-b1706c316c717429.txt,public_v2,778412c6a640b4c35f21bf53d514b31dc7b1eed399955ff0c30a0c2a6dff64e3,59b2c30583f410eb209c26846f8b2c5cd43e7ac86a24a98eb67285a9f970f287,fab8f50c8afa3038,1,truck,complete,
open-images-test-b199eeb7b7cd9718,open_images:test:b199eeb7b7cd9718,open_images,b199eeb7b7cd9718,,,,duplicate-779e27d9bcfe33969310,positive,val,images/val/open-images-test-b199eeb7b7cd9718.jpg,labels/val/open-images-test-b199eeb7b7cd9718.txt,public_v2,951d65576136207d6d442f6467f3e422d35674372cfb3dd06be42f24110a93b9,e8f28fb69ade996ec9e1fb30ad5c155f6c3fc898f7ad8f8408ad1ae72fceaa10,a4d5252bd629d695,1,truck,complete,
open-images-test-b1d2077a4db8670c,open_images:test:b1d2077a4db8670c,open_images,b1d2077a4db8670c,,,,duplicate-b23a15a1bed709464bf8,positive,train,images/train/open-images-test-b1d2077a4db8670c.jpg,labels/train/open-images-test-b1d2077a4db8670c.txt,public_v2,d2a627f6ab284501aa52166a7dbabdb0eac18ddac9905b914bbd36b365b83ec7,d37e5215cc81cbad17a001932a572eb6d2975019d39655574ec2f3ba64a4ed2c,8598c2a76a59e57a,6,person,source_verified,
open-images-test-b25bb88a65483541,open_images:test:b25bb88a65483541,open_images,b25bb88a65483541,,,,duplicate-3b265294cf0405f53b0e,positive,train,images/train/open-images-test-b25bb88a65483541.jpg,labels/train/open-images-test-b25bb88a65483541.txt,public_v2,4a9edddfd698bd8125384a610d1ec94c8c4526f54196f3005a31b673cafc6648,81897e519317f247e00f561bee70940ac9ba361e0909927a23b9d816cc39100d,93993b99919585d6,1,car,complete,
open-images-test-b28d174f4f76a752,open_images:test:b28d174f4f76a752,open_images,b28d174f4f76a752,,,,duplicate-85ca8d6d3b1b8e30f27f,positive,train,images/train/open-images-test-b28d174f4f76a752.jpg,labels/train/open-images-test-b28d174f4f76a752.txt,public_v2,78058742df3fe5e9aeef1004d09deecaa28009f318f5c94dc0fe72ec4cd6ae73,83f1e5bf7f76b13003b19db11c9732a9c7b378d1ae4d1c0d01cac3cd4cb80d68,fbf5898f4250e24a,2,bicycle;car,source_verified,
open-images-test-b2cae83ca59a3300,open_images:test:b2cae83ca59a3300,open_images,b2cae83ca59a3300,,,,duplicate-fdfc11939eafeabadeb0,positive,val,images/val/open-images-test-b2cae83ca59a3300.jpg,labels/val/open-images-test-b2cae83ca59a3300.txt,public_v2,d0babd45f25f0daa49d13845cf84a6ed35b1f06cc80102ef1b524b3652663d5d,4e9a1e15c38a64ab388db9264d54e3de1bc3ec46f8f46ca97a0ee4dfc352dc04,e8f8480f1797a6a6,1,truck,complete,
open-images-test-b2dad5af0d8efb3f,open_images:test:b2dad5af0d8efb3f,open_images,b2dad5af0d8efb3f,,,,duplicate-ec52591dd138c0b41f2b,positive,train,images/train/open-images-test-b2dad5af0d8efb3f.jpg,labels/train/open-images-test-b2dad5af0d8efb3f.txt,public_v2,def0304039881ff23f540d40de6259125423a14663563a538dc18ec1d83da110,8dc97317988f13ef20f3851e98d82e062b7278fb445e6f5df43d8b43002c3418,cb7407eab54ab524,24,person,source_verified,
open-images-test-b33cf2f723a91197,open_images:test:b33cf2f723a91197,open_images,b33cf2f723a91197,,,,duplicate-0eabb825234f87844552,positive,train,images/train/open-images-test-b33cf2f723a91197.jpg,labels/train/open-images-test-b33cf2f723a91197.txt,public_v2,f5d76d4ac6c958c5adeff935e982e20beab0939ead78ad0f89306a136d7914fe,bbbfcfbb9008f1476a1674c57b6a116470bf49c8e9f83e6ce4d04004000fbd6e,b652e9cb2529d42d,4,bus;car;person,source_verified,
open-images-test-b38501bc7f5bb125,open_images:test:b38501bc7f5bb125,open_images,b38501bc7f5bb125,,,,duplicate-9adc47cc98c3bfba25eb,positive,train,images/train/open-images-test-b38501bc7f5bb125.jpg,labels/train/open-images-test-b38501bc7f5bb125.txt,public_v2,e97536a80d60cb61c811cc0b411bbdcf724d225941b7b29b4c560b05e1916c6d,dc31694b9253a2bb91f4b00d26410c5d4b6e11f9d27fab3f5e1d542158715b4d,97dd2e52d4693838,6,bus;car;person,source_verified,
open-images-test-b3b641e691d6850a,open_images:test:b3b641e691d6850a,open_images,b3b641e691d6850a,,,,duplicate-7695396640423c786833,positive,train,images/train/open-images-test-b3b641e691d6850a.jpg,labels/train/open-images-test-b3b641e691d6850a.txt,public_v2,e79fc20a864e122af015df753486c20b30fc5db7d8695b5068d09f4f146b2d12,6a8c6a917606730a548b591ebaeab065efb15ae315846daaf0324d437fdc7fa4,a091a38f1a787767,3,car;truck,source_verified,
open-images-test-b4031e32974bd9a2,open_images:test:b4031e32974bd9a2,open_images,b4031e32974bd9a2,,,,duplicate-1e18878f11e91b966a47,positive,train,images/train/open-images-test-b4031e32974bd9a2.jpg,labels/train/open-images-test-b4031e32974bd9a2.txt,public_v2,ed3beacf0fe094eb46be97d168ddf10dfb349c4396c05fb18093d95b59f4bf56,1bcbbc6cfafc0411201b62ab052962e1a3b150536971d9ed78c3a5ce8f9eb94e,df88417b1d2649d3,13,person,source_verified,
open-images-test-b44d8f176b21c088,open_images:test:b44d8f176b21c088,open_images,b44d8f176b21c088,,,,duplicate-fbbc72cba4458857e44a,positive,train,images/train/open-images-test-b44d8f176b21c088.jpg,labels/train/open-images-test-b44d8f176b21c088.txt,public_v2,cec115061af88a7670a1ff5d87f808e10a0bd86bda285dec6514f6acbaf8d989,3bd293cee88c1e40d6c4b16e0de1f1e54ba79de846d0c5622f76e63f53df8d7a,d6da38c386f1d14c,5,car;truck,complete,
open-images-test-b450214d1a427aec,open_images:test:b450214d1a427aec,open_images,b450214d1a427aec,,,,duplicate-b0eded56261115269e99,positive,train,images/train/open-images-test-b450214d1a427aec.jpg,labels/train/open-images-test-b450214d1a427aec.txt,public_v2,8969991e021945bf6143cc919d963dc9c9bbdf16195074ff43e874b428b48234,dc367ad780ab979503d237a4363d437c712716ece785f367ee20700032b269f9,b331e96527b406da,5,car;person;truck,source_verified,
open-images-test-b4aade53f7e11d9e,open_images:test:b4aade53f7e11d9e,open_images,b4aade53f7e11d9e,,,,duplicate-b6ec259b6bf609e64a9a,positive,val,images/val/open-images-test-b4aade53f7e11d9e.jpg,labels/val/open-images-test-b4aade53f7e11d9e.txt,public_v2,f47d3483eefbbf8df49aacd43636743b36a9492b92af70455646b9cc8df24087,40063aee89be066685fec8a858dc7d44335f0dc760ae3cec756a63da207903f9,acbb5390f34c305e,3,car;person;truck,source_verified,
open-images-test-b4c032b32c271bb6,open_images:test:b4c032b32c271bb6,open_images,b4c032b32c271bb6,,,,duplicate-8b9e4355cb572cd4055a,positive,train,images/train/open-images-test-b4c032b32c271bb6.jpg,labels/train/open-images-test-b4c032b32c271bb6.txt,public_v2,0a0696e89d81aa8e0b51312375d8c8ebe872aa20e4c9b63de421bae6702a9b82,588f5eaed21448bdeeb4e8e5ff8c0cad798813fe3e6035811d8c338dfdefdf09,b4c3cf7c0931b98c,2,motorcycle;person,source_verified,
open-images-test-b50f056b235cd718,open_images:test:b50f056b235cd718,open_images,b50f056b235cd718,,,,duplicate-fcf916f5454f37ad7e9d,positive,train,images/train/open-images-test-b50f056b235cd718.jpg,labels/train/open-images-test-b50f056b235cd718.txt,public_v2,3779c5845784dc0989a1d177ef2fcf38c5a9673dd1f66d6386ef8eafd8b9776f,65dfcc23f9f97efa3d8d9e2b5452653ad87411ac31f2570a11c7595c870d5fc0,d8d23cc9933cd8d2,1,car,source_verified,
open-images-test-b51df4e755a889f3,open_images:test:b51df4e755a889f3,open_images,b51df4e755a889f3,,,,duplicate-f68882c645264c94ee42,negative,train,images/train/open-images-test-b51df4e755a889f3.jpg,,public_v2,1c1aac0107e6b533fcc8e6ad360573fbb82af1b3a9d1d8c9b86c2a6b373c4cae,ca8919f513182e850f16f90d85a3e1944626d48339e9bf3ee013c4761a6dfbc3,9685dd71703a2e3c,0,,accepted_negative,
open-images-test-b5531a74a70b88fb,open_images:test:b5531a74a70b88fb,open_images,b5531a74a70b88fb,,,,duplicate-02ddbf88df6d031d0b31,positive,train,images/train/open-images-test-b5531a74a70b88fb.jpg,labels/train/open-images-test-b5531a74a70b88fb.txt,public_v2,772cd7f9304f155f8140a24e0d5b12349952e3edcf4c3847e61e2c7a0b31724f,80d23cc32b58a3901045dbc0fe32ce6a69871320ead95fe18defcce8c7a812dd,e9bed1c22d64823e,20,person,source_verified,
open-images-test-b58cb1c2215e162e,open_images:test:b58cb1c2215e162e,open_images,b58cb1c2215e162e,,,,duplicate-390b32a74654e6e1a686,positive,train,images/train/open-images-test-b58cb1c2215e162e.jpg,labels/train/open-images-test-b58cb1c2215e162e.txt,public_v2,a3a5d44256440c981907b5c54ff80f3ac0f5bc96284c4f2f2755699c02533e32,b7f1237b14f24d31dc24592fb287d0b3957954b90c470c6d8063e1a7c13dc256,b35b4c8ca1b334b5,2,person,source_verified,
open-images-test-b5a13ea39f870755,open_images:test:b5a13ea39f870755,open_images,b5a13ea39f870755,,,,duplicate-284c2ae58c12b1498eb6,positive,train,images/train/open-images-test-b5a13ea39f870755.jpg,labels/train/open-images-test-b5a13ea39f870755.txt,public_v2,dd9776fba2e777c41e9d45ad6b038dd1b4c9b63a4597ede356907b1bc54b2c0c,81f1edae1af272b6318ae08370c77f2b1131c0f7469fc51c2e98aa833d40467f,9f88687295d5e06b,1,truck,complete,
open-images-test-b5cf33bde38c7df9,open_images:test:b5cf33bde38c7df9,open_images,b5cf33bde38c7df9,,,,duplicate-ff9b7903a2733509fd3f,positive,train,images/train/open-images-test-b5cf33bde38c7df9.jpg,labels/train/open-images-test-b5cf33bde38c7df9.txt,public_v2,d97ca7524713f11db5784fdffe196fbe4c4b1e96ec46eab01aae4abaeb1a3704,8e163b65b272092ac205f86b3230c0f0722d8f83fd066b00c61b0619998e2132,d493c31c3ec1c33e,1,person,source_verified,
open-images-test-b5d71968f8a9b012,open_images:test:b5d71968f8a9b012,open_images,b5d71968f8a9b012,,,,duplicate-2b67d51a8f27950cf318,positive,val,images/val/open-images-test-b5d71968f8a9b012.jpg,labels/val/open-images-test-b5d71968f8a9b012.txt,public_v2,1a10e7757446c894afb9429a6d73c38229038cdfb06e777cf3ae0d4be1e49254,e02684dbc5aa9d2ba736bfd5505ef98604c1a7a306108ebbdb5a348349796e33,e1edadd41606b2d2,1,person,source_verified,
open-images-test-b660e7fca4d06b2e,open_images:test:b660e7fca4d06b2e,open_images,b660e7fca4d06b2e,,,,duplicate-f580ae8dae2556da5e48,positive,train,images/train/open-images-test-b660e7fca4d06b2e.jpg,labels/train/open-images-test-b660e7fca4d06b2e.txt,public_v2,dbd2711634a62ddd1f136252f71fc45635fdda146f90ddf440b6b0c02e4b2ed7,a99e1a2d48d86642ba49e256f88ca55a143e2bedc5aa0aafc455178a75db192d,bff180c517879e03,2,truck,source_verified,
open-images-test-b682454ab7d4a7f3,open_images:test:b682454ab7d4a7f3,open_images,b682454ab7d4a7f3,,,,duplicate-5b21d021d857653aecb3,positive,train,images/train/open-images-test-b682454ab7d4a7f3.jpg,labels/train/open-images-test-b682454ab7d4a7f3.txt,public_v2,39730df1244634cdb245dd28535795361cbc8fc3d6ee4c2859bb97c1aa480ec5,79ef74f9d10a79a5217e3a26219449f71da7ccbbf24bc97285ad193437a9e80f,dec3319a821cbe3a,3,car;person;truck,source_verified,
open-images-test-b6cfc17f85c1d46e,open_images:test:b6cfc17f85c1d46e,open_images,b6cfc17f85c1d46e,,,,duplicate-a8fc129d5aa43476f96e,positive,val,images/val/open-images-test-b6cfc17f85c1d46e.jpg,labels/val/open-images-test-b6cfc17f85c1d46e.txt,public_v2,e011c7d5cb8ccf921ca9c7716d0c6e2cf3a05653f2e4e648b29b1020701b985c,4b263557b3a187d00839f6df8c908daddff245c3699c15b52cf77cb91688e9d1,a744594b36b969a6,1,person,source_verified,
open-images-test-b6dadee54ce9edc3,open_images:test:b6dadee54ce9edc3,open_images,b6dadee54ce9edc3,,,,duplicate-85b587c1d2d8b5bc8345,positive,train,images/train/open-images-test-b6dadee54ce9edc3.jpg,labels/train/open-images-test-b6dadee54ce9edc3.txt,public_v2,26c509778c6bb6f70a4c650ba3b8c6fb074415d7b55d1775b1351d350d01184f,29d0c820a96f3987f6ca01b23110d3c16590a91c9f890f81b1f19c7d5a328f19,ad7255514b9595a6,20,person,source_verified,
open-images-test-b6ec227210305285,open_images:test:b6ec227210305285,open_images,b6ec227210305285,,,,duplicate-021bb9a48b1b2b3dc243,positive,train,images/train/open-images-test-b6ec227210305285.jpg,labels/train/open-images-test-b6ec227210305285.txt,public_v2,8cbae2aab628e1e2b235e0b5b92abd23a424743666074351299ae8a22db0b3ca,2601b1010f7a39c1ce6f71d36e5bb70ad1a1417f7cd30132a7f8631caa269a6e,c87633cc896633d9,1,person,source_verified,
open-images-test-b71c9f3c7c57ee19,open_images:test:b71c9f3c7c57ee19,open_images,b71c9f3c7c57ee19,,,,duplicate-864e28772c555eef070f,positive,train,images/train/open-images-test-b71c9f3c7c57ee19.jpg,labels/train/open-images-test-b71c9f3c7c57ee19.txt,public_v2,f03b8846568c0f0a77409cfff1ddaa2f0c0f4095c1f39326f95570f7e1911375,a847db7d5318ceb441dcaf503da65e00cfb8e6a44ee6564791c02b132c8e8fa9,c09f49f38619ee31,1,truck,complete,
open-images-test-b74e1cc75fec4500,open_images:test:b74e1cc75fec4500,open_images,b74e1cc75fec4500,,,,duplicate-c6f7116ceaf3d395eca4,positive,train,images/train/open-images-test-b74e1cc75fec4500.jpg,labels/train/open-images-test-b74e1cc75fec4500.txt,public_v2,553ad0f7b358cafa47c1f7e5c8023dce4958e8e3d7da7561e22bce90607309b6,8f3344471e26b7d965af5a82da62f7146e9810d765b066e05ff32f37206bc0c2,f2f28d0dccd0ce0d,3,person,source_verified,
open-images-test-b777fe7c516515a3,open_images:test:b777fe7c516515a3,open_images,b777fe7c516515a3,,,,duplicate-bdf55f3c1b86d41337e4,positive,train,images/train/open-images-test-b777fe7c516515a3.jpg,labels/train/open-images-test-b777fe7c516515a3.txt,public_v2,8846f3e609ae9d10e0888a6550abc52e4dd6df718bb252707b4fe3adee2c0167,b504751b240397ff03f5bf1d79c071de4914621f8b49317e693448ebd9b18915,bff0aa0bd52f80b0,1,car,source_verified,
open-images-test-b7cce1b84d6c1f72,open_images:test:b7cce1b84d6c1f72,open_images,b7cce1b84d6c1f72,,,,duplicate-43306dfff5e481926157,positive,train,images/train/open-images-test-b7cce1b84d6c1f72.jpg,labels/train/open-images-test-b7cce1b84d6c1f72.txt,public_v2,dd166b22e132d4d6eeb157f184081718ed015de56597a4df054614296a00ca2f,311efa2256ce5484433f4acdd855d2044d60c8c91c14362cfe71bfaddffb4e19,bddbbd8a91314894,3,bus;car,source_verified,
open-images-test-b81bc3a1b37bf837,open_images:test:b81bc3a1b37bf837,open_images,b81bc3a1b37bf837,,,,duplicate-984041828347cfc5dc66,positive,train,images/train/open-images-test-b81bc3a1b37bf837.jpg,labels/train/open-images-test-b81bc3a1b37bf837.txt,public_v2,b1ae86ee3abbc6077be610e7279c9525a52c7612edebad0016d39300f91a7afd,3157deb8e37217d786c779317e893430e84ab08e6107928a879535719621325b,fcc184ff81a18ea6,79,person,source_verified,
open-images-test-b87e74743a07bacf,open_images:test:b87e74743a07bacf,open_images,b87e74743a07bacf,,,,duplicate-764707536be05fc397cc,positive,train,images/train/open-images-test-b87e74743a07bacf.jpg,labels/train/open-images-test-b87e74743a07bacf.txt,public_v2,34ea409f143f83deac626900721edabcf04032d0dd26fb38359db52ab4d4e835,643b03db4d6bcc60b4be25866f53f239cc4b5f2795c620ca550eb3051287cc71,e453661b193e2d2d,3,bicycle;person,source_verified,
open-images-test-b88d340f907a2495,open_images:test:b88d340f907a2495,open_images,b88d340f907a2495,,,,duplicate-89213ae9611a7b81c851,positive,train,images/train/open-images-test-b88d340f907a2495.jpg,labels/train/open-images-test-b88d340f907a2495.txt,public_v2,eebf205ee28d63a643be523b20267c6be7f4de41f6eaef071f5400d3e66a6d38,b3814a68a90314b7ea6ab469b00250482a48de7880a5341e1fb31d46e3bdff7a,c4527a3c95d26b8d,2,car;truck,complete,
open-images-test-b91ff38d2168dbef,open_images:test:b91ff38d2168dbef,open_images,b91ff38d2168dbef,,,,duplicate-6eed593613ff1a132816,positive,train,images/train/open-images-test-b91ff38d2168dbef.jpg,labels/train/open-images-test-b91ff38d2168dbef.txt,public_v2,86384fca852fd3df8cf0864aa57c39074c1b74d0f3e69e7b0230bbc3fd01a453,77b80c67a135e27f2a2e8eeed2e69e09ea2ac2b32e40df2d69137456c632d472,90dcaf7381431e5e,2,bus,complete,
open-images-test-b98dfd66887d2b7c,open_images:test:b98dfd66887d2b7c,open_images,b98dfd66887d2b7c,,,,duplicate-7c2dce1fe20c9f48b034,positive,train,images/train/open-images-test-b98dfd66887d2b7c.jpg,labels/train/open-images-test-b98dfd66887d2b7c.txt,public_v2,b17e3cdd9e723b7dc406b82f6c7177dbc9cf201ae4064f39584957ef21d0b91a,e095321d7b13d2d2352dde8ae4b87b7b830e921235ea8ef8a7283c440ec48c95,afe5b429c2d2e4a1,4,car;truck,source_verified,
open-images-test-ba84a6604674b106,open_images:test:ba84a6604674b106,open_images,ba84a6604674b106,,,,duplicate-793f6b0380278e18ffad,positive,train,images/train/open-images-test-ba84a6604674b106.jpg,labels/train/open-images-test-ba84a6604674b106.txt,public_v2,6f38a10c7f4e866f2e6aa9e9889031b4ab7ee9994a3e7196291cfda9976dd56b,c61b2c95b237692e1507ab3ebf1800f55cb89fa5409f26c1998ab01584c7fc97,be94953df002ca6e,6,car;person,source_verified,
open-images-test-bb1c46582c815f39,open_images:test:bb1c46582c815f39,open_images,bb1c46582c815f39,,,,duplicate-24661ca5fc7d64f7814c,positive,train,images/train/open-images-test-bb1c46582c815f39.jpg,labels/train/open-images-test-bb1c46582c815f39.txt,public_v2,48b51f9a59e6564b32417c2acfef5618947ff696a718e9c7e687eaec18e44289,de7418c07af5e5ee461f467fd49863795ed6221f42cd664d6fee79229d89acd2,e89fd671880c32f3,6,person,source_verified,
open-images-test-bb422b44e6048b73,open_images:test:bb422b44e6048b73,open_images,bb422b44e6048b73,,,,duplicate-1c22efc28dd214427877,positive,train,images/train/open-images-test-bb422b44e6048b73.jpg,labels/train/open-images-test-bb422b44e6048b73.txt,public_v2,01b66a190664d3e5ff7e65fc6ebd04996254e2629c5c1bf7d09774d4bf6b65f7,b3a40288a480dc79e8d4b8823d018c6b58e7c47bf2f357caa036b7cc998f593b,a7bf3b6a4ac0681a,4,car;truck,complete,
open-images-test-bbb0689b6b4f5bea,open_images:test:bbb0689b6b4f5bea,open_images,bbb0689b6b4f5bea,,,,duplicate-21a521dd658c0f2ff7d5,positive,train,images/train/open-images-test-bbb0689b6b4f5bea.jpg,labels/train/open-images-test-bbb0689b6b4f5bea.txt,public_v2,aef15332811f8a8c58535ce7c6436a3014bacc2d87cba3d599f757d5670a9a32,fe346fe827bed576735953917d3f435b4d04bf902e53e6cd850ffd6d7af77cb1,e9c99e5a40649e67,4,car;truck,source_verified,
open-images-test-bc3508d1cecc3a71,open_images:test:bc3508d1cecc3a71,open_images,bc3508d1cecc3a71,,,,duplicate-f789ba7de60cf3effbe2,positive,train,images/train/open-images-test-bc3508d1cecc3a71.jpg,labels/train/open-images-test-bc3508d1cecc3a71.txt,public_v2,d620238ac626c574b6f5e763629360a64c4951cf5ad2f1bbdf9de0dad59670b3,a7779d582eb94d0ac5430ec491a488164f67dcbe97a18fea5531b24f5032d545,e358942d6fe4c41b,1,car,source_verified,
open-images-test-bcc4c40953079648,open_images:test:bcc4c40953079648,open_images,bcc4c40953079648,,,,duplicate-7e4cb29aab0cbbaeec03,positive,train,images/train/open-images-test-bcc4c40953079648.jpg,labels/train/open-images-test-bcc4c40953079648.txt,public_v2,45b5deba4712607d360fadeba68468080f661c0405461ba89a93ece2ad29cb86,e4873121f80e97d9085ad6c78587ed8ca12e8efc7f5c12f5ae38c41d689f1bda,a32ed506fa433c63,1,bicycle,source_verified,
open-images-test-bd6c53877e1bc52f,open_images:test:bd6c53877e1bc52f,open_images,bd6c53877e1bc52f,,,,duplicate-b9b73dcf01db7ecf1312,positive,train,images/train/open-images-test-bd6c53877e1bc52f.jpg,labels/train/open-images-test-bd6c53877e1bc52f.txt,public_v2,3d9e33a4d3d56fb97d13488559067624dc3dbf88de75f206cac7d60c8aac7241,00899bf631da002e31b8b2165d094560632031378b7c9cddae3c1aa2411b3334,8c8d68c6f93a87b1,3,car,source_verified,
open-images-test-bde2b914d8fa9892,open_images:test:bde2b914d8fa9892,open_images,bde2b914d8fa9892,,,,duplicate-f130506a57a53d2b1b37,positive,train,images/train/open-images-test-bde2b914d8fa9892.jpg,labels/train/open-images-test-bde2b914d8fa9892.txt,public_v2,445abf07e7879d84cd06d22c735b9a3680f071df87dd4519c5326b6793a63122,1b6937794f8292b2f468801f5c64c608e44676cf294fbf13c4d5f8dd2f5a52df,e7c7f26688283593,1,car,source_verified,
open-images-test-bdef8c31596624da,open_images:test:bdef8c31596624da,open_images,bdef8c31596624da,,,,duplicate-9545ed8faf7a5a69e4c6,positive,train,images/train/open-images-test-bdef8c31596624da.jpg,labels/train/open-images-test-bdef8c31596624da.txt,public_v2,de949b5fbe9bb1db568ae0519643f7ef1f42fa331b31ab60e8913449e1c44bc0,8fc455dc457df82a7190732c9eb683ff6b43a3a2f6b85bff8a705a62f0938390,f4c0ba4a2ab5953d,2,bus;car,source_verified,
open-images-test-be62940ec79fa944,open_images:test:be62940ec79fa944,open_images,be62940ec79fa944,,,,duplicate-944716272bdfa9835080,positive,train,images/train/open-images-test-be62940ec79fa944.jpg,labels/train/open-images-test-be62940ec79fa944.txt,public_v2,d18321b9df308438051d6d4b0a20ded99095f13e9508be7f31615cc26802a756,6f425e6e55a0ca7d60d4fc6f23698d8c02de820ddd48f3e21fd2ca2c8e6fdc0a,a0b2d72e0df77019,3,car;person;truck,complete,
open-images-test-bec134ec324342ff,open_images:test:bec134ec324342ff,open_images,bec134ec324342ff,,,,duplicate-f1daa4701e0d406cd1be,positive,train,images/train/open-images-test-bec134ec324342ff.jpg,labels/train/open-images-test-bec134ec324342ff.txt,public_v2,ed3fff0970cdb87906ab62e6b21b8c8a7f78d2f3e24ba970758c94b00668de96,f4314f1d8f06a782aa3bc2e4abcf7ecaf364c0a7c342002803f9354718e05fc7,a841deaad5cab52a,6,bus;car,complete,
open-images-test-bf4e46a4e79e13cd,open_images:test:bf4e46a4e79e13cd,open_images,bf4e46a4e79e13cd,,,,duplicate-52c5ddcfc4fa47011f11,positive,train,images/train/open-images-test-bf4e46a4e79e13cd.jpg,labels/train/open-images-test-bf4e46a4e79e13cd.txt,public_v2,4347305db53408a680e46e96a1fdfece6935fe1b87e983e3f5c8d075bb624236,ba2e28299f0d6d920a2d1eb31e1a7b3b184bf611863df6fd0cc478295fdbd73e,a0d9b1e5f09d4b38,4,car;person;truck,complete,
open-images-test-bf6dfd44c226665e,open_images:test:bf6dfd44c226665e,open_images,bf6dfd44c226665e,,,,duplicate-1779b57847b707f172ab,positive,train,images/train/open-images-test-bf6dfd44c226665e.jpg,labels/train/open-images-test-bf6dfd44c226665e.txt,public_v2,c00397949799bfd4a7dbe569f9ee81cb56092b65a8a26d7fa446dbce48a0f1a2,d9997a19897da9080c70ea4ac3dab3fe54268c906ca5c226fb53cbb1485e65e1,bd05425a33c3a3fc,17,bicycle;person,source_verified,
open-images-test-bfaeec2ce318d17e,open_images:test:bfaeec2ce318d17e,open_images,bfaeec2ce318d17e,,,,duplicate-e85a5f3a8f762750b600,positive,train,images/train/open-images-test-bfaeec2ce318d17e.jpg,labels/train/open-images-test-bfaeec2ce318d17e.txt,public_v2,e4e393e8256e4a0665551298c172483d86cb3b135606c57657a8dc200311219a,bdba7a209dcb9485e33495298811ad9b334ae096eafadb614e1df115e73407c1,a994f66ac7713185,1,car,source_verified,
open-images-test-bff6969d46b739a7,open_images:test:bff6969d46b739a7,open_images,bff6969d46b739a7,,,,duplicate-c8090467198c23e37b1c,positive,train,images/train/open-images-test-bff6969d46b739a7.jpg,labels/train/open-images-test-bff6969d46b739a7.txt,public_v2,709d1ad9b917993114593c3ae29050b5230a8efb141c1b3dd3c825146dd23604,cb6a0c41b2375b4eef6cb893112cce07a6828355cace309951c3b6c9daae96f8,b6c98de2e568706c,2,person;truck,complete,
open-images-test-c0af8a2d2a6b9be4,open_images:test:c0af8a2d2a6b9be4,open_images,c0af8a2d2a6b9be4,,,,duplicate-65fbbe7ad51030b414c8,positive,train,images/train/open-images-test-c0af8a2d2a6b9be4.jpg,labels/train/open-images-test-c0af8a2d2a6b9be4.txt,public_v2,958b6e68aa9fddfb21546ec5669b99d49f339361a52d3a8dc10d55043330d3c9,a7084e7c45b00b8007233c12e739a908fa4db84f7bc5c7d44cab6b03ca70a9e6,eaca951a62603eeb,8,car;truck,source_verified,
open-images-test-c0b6b053b12e220d,open_images:test:c0b6b053b12e220d,open_images,c0b6b053b12e220d,,,,duplicate-9b48a7b9900fe403cf6e,positive,train,images/train/open-images-test-c0b6b053b12e220d.jpg,labels/train/open-images-test-c0b6b053b12e220d.txt,public_v2,7194978a27817fe8108c02f29bb0b35c8d7c04a0e9921d422e060761c2aed0ae,7dbdef01c5667e484b3a78e8644bca3aaf880f933b83481afde92646e2aab1fc,a59598b0dc2ff2e0,5,bus;person,source_verified,
open-images-test-c0d1fed32e530aeb,open_images:test:c0d1fed32e530aeb,open_images,c0d1fed32e530aeb,,,,duplicate-3e623b2e72b2c141a941,positive,train,images/train/open-images-test-c0d1fed32e530aeb.jpg,labels/train/open-images-test-c0d1fed32e530aeb.txt,public_v2,5e0c3050fa26b91c13a47b22ebabd31b2805c0cd6bc5e9c1d377c77c89fdc5e1,7d7f86dd01abb0e5b84554f1278d2b63b0d78bc4f4f557c0e3f8f7e7744f9d68,b14c5b57b471a90e,2,motorcycle;person,source_verified,
open-images-test-c0d35a1125277007,open_images:test:c0d35a1125277007,open_images,c0d35a1125277007,,,,duplicate-c04cf9a60fe5166c13cf,positive,train,images/train/open-images-test-c0d35a1125277007.jpg,labels/train/open-images-test-c0d35a1125277007.txt,public_v2,1620379c62e34abc2a5607c5d6c22db230f27fba74a74672e3662a6ea31afc90,f6e4af8469cb61fa8a45754222ce7569b326b398805231ab14f840203e90ec46,bb91912eee26614e,2,bus,source_verified,
open-images-test-c0e5701725d7c91b,open_images:test:c0e5701725d7c91b,open_images,c0e5701725d7c91b,,,,duplicate-8686b56b8f31ed7dba8c,positive,train,images/train/open-images-test-c0e5701725d7c91b.jpg,labels/train/open-images-test-c0e5701725d7c91b.txt,public_v2,8e1c2d0a0662b257e040e9e6418fb9f0f82cc32675c6b4529d874d1444a573e2,e5075b45e1f9846c03774b6379679cc446a74a0f63255db971a3a5b9799afc61,fd448379d5ae7102,17,person,source_verified,
open-images-test-c118bc35e9b3bd4d,open_images:test:c118bc35e9b3bd4d,open_images,c118bc35e9b3bd4d,,,,duplicate-e8c402cf2263c39c6888,positive,train,images/train/open-images-test-c118bc35e9b3bd4d.jpg,labels/train/open-images-test-c118bc35e9b3bd4d.txt,public_v2,20dae12de7858318b1a87cf285b7b8983a66a73074fe1db95fb4616fb123bec8,5db3d7491f444e6599fa2da457c44dcdd31e77ee77174d684cc26d9ff21931b1,e04396589af8d9d6,1,motorcycle,complete,
open-images-test-c16f173432a1939a,open_images:test:c16f173432a1939a,open_images,c16f173432a1939a,,,,duplicate-5790b64a2a8914d393ce,positive,train,images/train/open-images-test-c16f173432a1939a.jpg,labels/train/open-images-test-c16f173432a1939a.txt,public_v2,217c162d92eb3d3a94def071fe4c9d124ece03fa11608e71163561daeb095044,25774719248c97b3e964e909501241867388665553dd28a66717b59b32fd3357,911a46e53e4ae13f,1,car,source_verified,
open-images-test-c218f6192c6e75ef,open_images:test:c218f6192c6e75ef,open_images,c218f6192c6e75ef,,,,duplicate-761bf1d5a6bbeadb71bf,positive,val,images/val/open-images-test-c218f6192c6e75ef.jpg,labels/val/open-images-test-c218f6192c6e75ef.txt,public_v2,9f827bde11a15e056d1c8ddc6411e8b659a0b94fed35f77538bdd3418cfd308a,95e1f57a0e7c1fef81c62aebe82678d97746e2078af66cfb1ab63b63dcbee2eb,a3d0e47f8f401597,12,person,source_verified,
open-images-test-c222fdd102d22c4c,open_images:test:c222fdd102d22c4c,open_images,c222fdd102d22c4c,,,,duplicate-4ca5d3b8492bf0aa310f,positive,train,images/train/open-images-test-c222fdd102d22c4c.jpg,labels/train/open-images-test-c222fdd102d22c4c.txt,public_v2,41d28836a44960ffae2a83d8a97eef3aba0e2b6f6b370a614a5eef3ee94a67de,0afcd38e4a8b2013d4f5eb9b7e4d22f8c75bbff50ba3eeb4b090172fcbb9d1f4,a1c1951e999c6ef8,1,truck,complete,
open-images-test-c22e6a130cbef460,open_images:test:c22e6a130cbef460,open_images,c22e6a130cbef460,,,,duplicate-92ee7881badc9353b238,positive,val,images/val/open-images-test-c22e6a130cbef460.jpg,labels/val/open-images-test-c22e6a130cbef460.txt,public_v2,92eef761c5a7bee8eb3981d61b369b7c37b5217b34921832193ca9ee70120fb7,1bc5080c32d4ba2f92159ca52f6bc9b310f0de47e1cbd1cd24ee362c627abc3f,9b195dd9214d1c6e,1,person,source_verified,
open-images-test-c24c18a9d3fea836,open_images:test:c24c18a9d3fea836,open_images,c24c18a9d3fea836,,,,duplicate-8c192899ed61f9b430ea,positive,train,images/train/open-images-test-c24c18a9d3fea836.jpg,labels/train/open-images-test-c24c18a9d3fea836.txt,public_v2,d7e55558d48cb0f6a21737c3603626d38969ecb5af6b8329566a1701e8911def,1037291d1b06bbb40ef7b888ef95f5c66c33312fa1e38e623bdf9ce107a662d6,86d83942cf996ca7,7,person,source_verified,
open-images-test-c29d3a4861627c23,open_images:test:c29d3a4861627c23,open_images,c29d3a4861627c23,,,,duplicate-214f9af72700267865dd,positive,train,images/train/open-images-test-c29d3a4861627c23.jpg,labels/train/open-images-test-c29d3a4861627c23.txt,public_v2,ecad77c1b944cf9c1974e8a0d1f584ee007829b6327e76ae9e69c7e6e169bff0,a6cad341a4af8b31f407ed2a48b018feb02aacee8a0768e90bcab809cfdeb551,ce66e2a69d991919,4,car;truck,complete,
open-images-test-c2e909b790522675,open_images:test:c2e909b790522675,open_images,c2e909b790522675,,,,duplicate-5b8184f589f9c756866a,positive,val,images/val/open-images-test-c2e909b790522675.jpg,labels/val/open-images-test-c2e909b790522675.txt,public_v2,4a3fd0913e0a2f132406195f47dda9d86e30d5b51f74c2eed5d07da3e6566d7b,209d3cc4e3caa3a9aae11ee887eeb1ade951fcc63901be043c57d22b45d4064c,a36d6c3c96d62893,4,bicycle;person,source_verified,
open-images-test-c2eedaee38f1e237,open_images:test:c2eedaee38f1e237,open_images,c2eedaee38f1e237,,,,duplicate-f87c0786f3f2424f0e79,positive,train,images/train/open-images-test-c2eedaee38f1e237.jpg,labels/train/open-images-test-c2eedaee38f1e237.txt,public_v2,3730ada22bf7285848202a1878cf7ec2229e63e2485483585907069ba17863b4,5caadfe2bae25dcc00e8a2bc389426aab8b8b2ca77bf5446f8ae8499885b87d5,b34cb43426bb27d1,1,person,source_verified,
open-images-test-c3262329f6afb579,open_images:test:c3262329f6afb579,open_images,c3262329f6afb579,,,,duplicate-03c853b45366ee4d12c3,positive,train,images/train/open-images-test-c3262329f6afb579.jpg,labels/train/open-images-test-c3262329f6afb579.txt,public_v2,f9b943765afd7a8b66d3dc9676a7d885923a24ca4f95a5d70094d8b4cc709300,7a6517418f23940be2186f6d84b3832837fc259ea99e1ad265212c07b4312f7c,c714a16b9d63743c,6,car,source_verified,
open-images-test-c37b27e8c262c7d4,open_images:test:c37b27e8c262c7d4,open_images,c37b27e8c262c7d4,,,,duplicate-a97b18b25bcc66ed847d,positive,val,images/val/open-images-test-c37b27e8c262c7d4.jpg,labels/val/open-images-test-c37b27e8c262c7d4.txt,public_v2,be7db38d8ba208cc4cd2ef33fe2d53a336291c286c4f35e37506d8433c9c4217,74129ab6ccc1173d4439485689761aa5253cdc4f8d7d840603e84bd069b067b2,eb95c46a3ed15113,5,car;truck,source_verified,
open-images-test-c4457da8eb52aa92,open_images:test:c4457da8eb52aa92,open_images,c4457da8eb52aa92,,,,duplicate-f00af24d2a528a87a6a8,positive,train,images/train/open-images-test-c4457da8eb52aa92.jpg,labels/train/open-images-test-c4457da8eb52aa92.txt,public_v2,3aa2b3e3b5c1a03aaf95a14e2ef05918b7b9899b2abd8470c3e5fa294a49ecac,e4d98060e70822b115bdbd810fe5074e8b7df4357907fb9d381995d169036cb0,ca3aa585b26bcb38,1,person,source_verified,
open-images-test-c4c0ac4151fe5bd8,open_images:test:c4c0ac4151fe5bd8,open_images,c4c0ac4151fe5bd8,,,,duplicate-ef2dce5a9eb830d0e4d8,positive,train,images/train/open-images-test-c4c0ac4151fe5bd8.jpg,labels/train/open-images-test-c4c0ac4151fe5bd8.txt,public_v2,daf6e7299ceeb5a2710394a399326cf475bb58062a9352e95c4a08ef39084fb1,5f4947c6a6608896f5897de1168d230dbf071241193be54c34cbd0d1fc7353c3,bc0494716cccfce9,1,car,source_verified,
open-images-test-c503c9934e4e09a1,open_images:test:c503c9934e4e09a1,open_images,c503c9934e4e09a1,,,,duplicate-82b103538730c3019a43,positive,train,images/train/open-images-test-c503c9934e4e09a1.jpg,labels/train/open-images-test-c503c9934e4e09a1.txt,public_v2,b19f75ada54717a4b857cbc55369cc61c2005b0c4f75bb2225a79d73f72479de,98ba3c0fca59401f074db8f571f0f89eb9584df1c8a62dcb342c90529a921fee,99f704a76f90314e,10,person,source_verified,
open-images-test-c510ef1132929eb1,open_images:test:c510ef1132929eb1,open_images,c510ef1132929eb1,,,,duplicate-e0a584d3b3d1e276f4ad,positive,train,images/train/open-images-test-c510ef1132929eb1.jpg,labels/train/open-images-test-c510ef1132929eb1.txt,public_v2,ca90239f40be706830e37bbcfc9c9b67cc331c4899dcae8ef7ae8cec97111ff7,342b7bd1d7c19d9b4243459c50e974c86c591204fea129bdf5c3be9e92357166,95a5d2eca3e2291e,23,person,source_verified,
open-images-test-c531ebf846ff1c7d,open_images:test:c531ebf846ff1c7d,open_images,c531ebf846ff1c7d,,,,duplicate-6a0a924a6c5c896cc732,positive,train,images/train/open-images-test-c531ebf846ff1c7d.jpg,labels/train/open-images-test-c531ebf846ff1c7d.txt,public_v2,55d9c6934e776a4a7818dbf920969638063b284738c7ea91087cc2c340dff4c8,3a24928231e9fc77f4276ec8f299341b9cceed05443b8d6899e601591234998d,d14a2f95667a95c8,2,bus;person,source_verified,
open-images-test-c53bea194533f584,open_images:test:c53bea194533f584,open_images,c53bea194533f584,,,,duplicate-f6e95e763e17bce7fdb4,positive,train,images/train/open-images-test-c53bea194533f584.jpg,labels/train/open-images-test-c53bea194533f584.txt,public_v2,df54b902298d3f79000f2b7e2c54aa3e1ab172ec0d563b35bf8e121078ea3cb7,c37c99c131ced28362b06e8c6d32922064689cd8bca212322b56e6019081548f,d9cb07b455433aa6,4,motorcycle;person,complete,
open-images-test-c63e2e6baf554407,open_images:test:c63e2e6baf554407,open_images,c63e2e6baf554407,,,,duplicate-3b5d1222bf1f5ea2142c,positive,train,images/train/open-images-test-c63e2e6baf554407.jpg,labels/train/open-images-test-c63e2e6baf554407.txt,public_v2,b48725249d5cf4b8212a81056a87e436294e82303834044018d159db9f359a2c,a0b6fffbd6bf240cc05203d6fd53190c548f2b1dda658fb0461ac75056917e33,88e1a12d73cfa54b,5,bus;person,source_verified,
open-images-test-c669621d409077d7,open_images:test:c669621d409077d7,open_images,c669621d409077d7,,,,duplicate-28dd18d681a37cb52f37,positive,train,images/train/open-images-test-c669621d409077d7.jpg,labels/train/open-images-test-c669621d409077d7.txt,public_v2,0cc33784db36be6c72a811d18ca1407c7d99d92d5b34e1be65c7a02f9d26df68,891efdc1fd19353c6b24aacb1b4e8cbc742a355ff1a3a64731ea2579af80535c,a0ce4b35968b3c79,1,bicycle,complete,
open-images-test-c66d6d3fb5f48f82,open_images:test:c66d6d3fb5f48f82,open_images,c66d6d3fb5f48f82,,,,duplicate-d03f981b22b17db20f87,positive,train,images/train/open-images-test-c66d6d3fb5f48f82.jpg,labels/train/open-images-test-c66d6d3fb5f48f82.txt,public_v2,9718b52e41582499c42a34e4d49a9ee7fb06e6cf6b321d8dc0362f9a2ea187c8,8b8f6e1f38f516a8243c3196aa5a3630acd259117e77fd3c529d78459fa4dbd1,d836f3f83cf0c860,1,person,source_verified,
open-images-test-c67891dfe0185b82,open_images:test:c67891dfe0185b82,open_images,c67891dfe0185b82,,,,duplicate-72555a1e18bdec24e6f2,positive,train,images/train/open-images-test-c67891dfe0185b82.jpg,labels/train/open-images-test-c67891dfe0185b82.txt,public_v2,dc25c42640a2a6f637f7fabb604c6269c5b5e6830d59b700f8cb0438ed0c991e,52a95107585938bb6a00b4b5a04a18f4351d98897319f8d90373a341554eb18c,c606fc709b69339c,3,bicycle;car,source_verified,
open-images-test-c6941ea62dfea2a0,open_images:test:c6941ea62dfea2a0,open_images,c6941ea62dfea2a0,,,,duplicate-a5f505d299bdd2869d99,positive,train,images/train/open-images-test-c6941ea62dfea2a0.jpg,labels/train/open-images-test-c6941ea62dfea2a0.txt,public_v2,ca96dc0033e1bb88cc1186a116f042987a98292039f70c827bba36dc0d33b826,90cee1f74b73bd5076512a0b3961e7378fd5e98bbca0c4720b58e7b1256e8e79,94a26fba4a95698d,2,bus;person,source_verified,
open-images-test-c6ec75ae1f23af9d,open_images:test:c6ec75ae1f23af9d,open_images,c6ec75ae1f23af9d,,,,duplicate-bea878ad06f5095368e2,positive,train,images/train/open-images-test-c6ec75ae1f23af9d.jpg,labels/train/open-images-test-c6ec75ae1f23af9d.txt,public_v2,0629cc2097fb4aa0407125bdf6f283a1f29938e01ad33d25b8d8ef9a019855dc,7ffb1b3a3ed4e55121a0cbd3658e4e27668c9b77846735f4640adbd0520c4f91,be50516b835f1aa9,2,bicycle,source_verified,
open-images-test-c6f45567204cc8de,open_images:test:c6f45567204cc8de,open_images,c6f45567204cc8de,,,,duplicate-51c15441629261e82140,positive,train,images/train/open-images-test-c6f45567204cc8de.jpg,labels/train/open-images-test-c6f45567204cc8de.txt,public_v2,3ae5dfb8240e7618abb2aa2e2b5aac6d53af6f555b54e3db20997a98fbf9d435,3b4311447eb23e2221c9b195e5b62dfd4e6ef96961f693b678ccb0fe5d13604d,be155595b5948791,2,car;motorcycle,source_verified,
open-images-test-c7b8e7dad15e3d75,open_images:test:c7b8e7dad15e3d75,open_images,c7b8e7dad15e3d75,,,,duplicate-0e49ea1ba3a099990deb,positive,train,images/train/open-images-test-c7b8e7dad15e3d75.jpg,labels/train/open-images-test-c7b8e7dad15e3d75.txt,public_v2,3cbaf9cfc36598769c4c64bff9eedd82fe850e91f6b03bcf99be90fc9c396048,28676255b8f34dc5c5cc26a555a5dbc8926b32047b9b7f8abf43909b139d1eab,d7cb10346aad70ce,3,bicycle;motorcycle;person,complete,
open-images-test-c905e5c43b272998,open_images:test:c905e5c43b272998,open_images,c905e5c43b272998,,,,duplicate-277e9fba79dfccc63fb9,positive,train,images/train/open-images-test-c905e5c43b272998.jpg,labels/train/open-images-test-c905e5c43b272998.txt,public_v2,eef2d747b86c82f9527be50391b200c7e0ecdf76098e11e7824fbf49510c40e3,074e621cecfb9bdfafdb1f5ec63b39a7535322c29d7fa9141cb077f4dfa94c1c,8f96943cd869d3a8,2,person;truck,source_verified,
open-images-test-c92d7b72d350cbfe,open_images:test:c92d7b72d350cbfe,open_images,c92d7b72d350cbfe,,,,duplicate-41591378152b0c3d5383,positive,train,images/train/open-images-test-c92d7b72d350cbfe.jpg,labels/train/open-images-test-c92d7b72d350cbfe.txt,public_v2,fff19b658797326f6ec1ca172263d31227e55232f3f2ea6184ed79fac89b3ac3,07e2d3353d1f25134c81f56fd09ac8da159777880f54fb6e1a1f589b95211173,8d91f03b4e936559,4,car,source_verified,
open-images-test-c935e912925712f5,open_images:test:c935e912925712f5,open_images,c935e912925712f5,,,,duplicate-66f7d5f7a88a5840a8d2,positive,train,images/train/open-images-test-c935e912925712f5.jpg,labels/train/open-images-test-c935e912925712f5.txt,public_v2,5123e02b013c6dad4b266aa0bc2c6e9a2498b8f73662db0bfbd51885bd36c276,9139f984ba7313c508ecc6588e026242229b30e11fde9b165da0e95934fe4581,e8e8f07d072795c4,6,bus;person,source_verified,
open-images-test-c9451a15cb5db45e,open_images:test:c9451a15cb5db45e,open_images,c9451a15cb5db45e,,,,duplicate-8d7d0afb592039230758,positive,train,images/train/open-images-test-c9451a15cb5db45e.jpg,labels/train/open-images-test-c9451a15cb5db45e.txt,public_v2,55cc1ce86e731a7d7d19ff8402bfa3d7bd3120f5fd5971ba247f635c3731c7e1,479756b33d21266dda7f7531399643ccf4747ffb256839624f963e7dd815ba18,ae189d6dc1b05f83,3,person,source_verified,
open-images-test-c995fdcae02d3235,open_images:test:c995fdcae02d3235,open_images,c995fdcae02d3235,,,,duplicate-c2bfbd0194857bc1ebfe,positive,train,images/train/open-images-test-c995fdcae02d3235.jpg,labels/train/open-images-test-c995fdcae02d3235.txt,public_v2,b91ee537630f03979dc2e674fd48f27fdc13e65c94226613c9c28c2de4bee0cc,0e2f6f6a6c86e31cd742859f05727bf846fa010d19d4b6fdffe0ff619153def9,ef8f006a0e2939be,1,car,source_verified,
open-images-test-c9b1f0c5c808b21e,open_images:test:c9b1f0c5c808b21e,open_images,c9b1f0c5c808b21e,,,,duplicate-61c15a4e45bcb4bd76de,positive,train,images/train/open-images-test-c9b1f0c5c808b21e.jpg,labels/train/open-images-test-c9b1f0c5c808b21e.txt,public_v2,023847a51e2982d1cfb2a50e4ab5c33131aa5f33e2419199179985db61c7ea4e,a4f4b460a7a1e0ea8958d1bec26add131ccdcd9f64e018f48f7529de06634eda,b4f1934e8c5eb0b1,14,person,source_verified,
open-images-test-c9d9a5d8dfca9d3c,open_images:test:c9d9a5d8dfca9d3c,open_images,c9d9a5d8dfca9d3c,,,,duplicate-949f1c32a36a91db7c7f,positive,train,images/train/open-images-test-c9d9a5d8dfca9d3c.jpg,labels/train/open-images-test-c9d9a5d8dfca9d3c.txt,public_v2,8e2d0151ace3f3b935d71bcf0c8a7d7e8943c7cec560c73aa6733ef4203c917a,00c60d9e623377af1720eb042ed420edd354651336fa50176ce0d115513ee046,cbe264b1730c837b,1,person,source_verified,
open-images-test-ca100fdb289b88fe,open_images:test:ca100fdb289b88fe,open_images,ca100fdb289b88fe,,,,duplicate-455724fb6df3abfb55cb,positive,train,images/train/open-images-test-ca100fdb289b88fe.jpg,labels/train/open-images-test-ca100fdb289b88fe.txt,public_v2,175f8bc1082e5a00d95a9ab65efdeba4429cb2d5d909639620c2c4770defcdff,f017898485589694aa0d5d2b967971323c664504e58ea9a66295cb4cb3a369db,a9ec03c3edb246e1,1,person,source_verified,
open-images-test-ca1943d5450df3cb,open_images:test:ca1943d5450df3cb,open_images,ca1943d5450df3cb,,,,duplicate-898f2786025727d86084,positive,train,images/train/open-images-test-ca1943d5450df3cb.jpg,labels/train/open-images-test-ca1943d5450df3cb.txt,public_v2,37322a47a5b98481c5ed80d5eb3dc792c1829269b97d625f02b13e67e8fae9a5,e93ea4dcce14bdb326c9a4fbc183c7fd04af041d831356de5c7664be072a8369,8c919cb3d6ce93a8,1,person,source_verified,
open-images-test-ca373df4972d97ba,open_images:test:ca373df4972d97ba,open_images,ca373df4972d97ba,,,,duplicate-d2f4c3e7a45434990eba,positive,train,images/train/open-images-test-ca373df4972d97ba.jpg,labels/train/open-images-test-ca373df4972d97ba.txt,public_v2,2e70ab99036d36eb50f6f137669b418d53b65aaa49eafa11128acec784eca1e8,a237f05b0b08a274e0e69dd9fbd5e90ef8a4b6fdc32dfdd86e4628c8ed8a7e66,8587e0f8786e0797,11,person,source_verified,
open-images-test-caa2c96ddcd88c7b,open_images:test:caa2c96ddcd88c7b,open_images,caa2c96ddcd88c7b,,,,duplicate-cb54a8c736fe4b86218a,positive,train,images/train/open-images-test-caa2c96ddcd88c7b.jpg,labels/train/open-images-test-caa2c96ddcd88c7b.txt,public_v2,5243d23338513b7e08353716b8468f17664e2d6852800446d7bed6b5f639a072,7df22dbb69685f50fbba477f42c95c0ceffb7b25ddea0b8b0698eacce2b9e1d8,8f68a54a3163b9c7,13,person,source_verified,
open-images-test-cb79b6c428b8be67,open_images:test:cb79b6c428b8be67,open_images,cb79b6c428b8be67,,,,duplicate-14b0978d8321d02732cb,positive,train,images/train/open-images-test-cb79b6c428b8be67.jpg,labels/train/open-images-test-cb79b6c428b8be67.txt,public_v2,bfea113e17df921244de7a5b0b2d43910ad10e753571a089fbde965e9295caf8,51ead83094fa0ae58a1bc3571702859975607920e6f96834e01150c31129ff72,89c2e6986a75f3a8,1,person,source_verified,
open-images-test-cbcbdd7df1831e1a,open_images:test:cbcbdd7df1831e1a,open_images,cbcbdd7df1831e1a,,,,duplicate-287168f84c08285f0647,positive,train,images/train/open-images-test-cbcbdd7df1831e1a.jpg,labels/train/open-images-test-cbcbdd7df1831e1a.txt,public_v2,344251624005b34efb4ebea81e58fcc3d1a7a009f0e5c5286d56c2968d021b86,77f5f8dae1f9b3d4764c36a6d726a5bc4a7f40ffbb4b716d0315715efa5cd9e5,96a6f999c6521965,3,motorcycle;person,source_verified,
open-images-test-cbd4e2d5f4ba8746,open_images:test:cbd4e2d5f4ba8746,open_images,cbd4e2d5f4ba8746,,,,duplicate-913b2d5950a6fd04da89,positive,train,images/train/open-images-test-cbd4e2d5f4ba8746.jpg,labels/train/open-images-test-cbd4e2d5f4ba8746.txt,public_v2,81bc8bce5141fe8f4feecf39829688a1db0e6a02303c118fdc9a70c0e25e0b8f,b147a08f2af01c58b058dcbdcfcb220c194ad9bf1d53edd95a1652750fd7818b,c8849682e1b73e7b,14,person,source_verified,
open-images-test-cbdeefac3a77dd73,open_images:test:cbdeefac3a77dd73,open_images,cbdeefac3a77dd73,,,,duplicate-15e91e2245fff69490ff,positive,train,images/train/open-images-test-cbdeefac3a77dd73.jpg,labels/train/open-images-test-cbdeefac3a77dd73.txt,public_v2,daccc87024fc29f0bb953af9e44e3020799629abb8d24c10a521276207997066,c6e723ac0b1135bca9054d560589d05fff832f3e78286e889179288643d65308,8c856accd5ceac2d,2,bus;car,source_verified,
open-images-test-cbe292d3627f3599,open_images:test:cbe292d3627f3599,open_images,cbe292d3627f3599,,,,duplicate-42ed084c6fc443359bb7,positive,train,images/train/open-images-test-cbe292d3627f3599.jpg,labels/train/open-images-test-cbe292d3627f3599.txt,public_v2,b3ca92c1af8c0aeb3069e5ba4ad7bd24978ee2ea3b8bcd76adc584f892f0f677,37071e17e85592c88e743f8509115d501890b9edd9e366a166da71b6b72fc487,947e72c76ad90c62,1,person,source_verified,
open-images-test-cc1f74bfe9432c50,open_images:test:cc1f74bfe9432c50,open_images,cc1f74bfe9432c50,,,,duplicate-18d57bc3c592e9b7c8fc,positive,val,images/val/open-images-test-cc1f74bfe9432c50.jpg,labels/val/open-images-test-cc1f74bfe9432c50.txt,public_v2,effd66804a724f252fb260e69e76a8a08f02b7b0de746954a24561c70fef8aa0,df7a1263440c79a678dea1ba43c875261fe75ca78f69eca2db38999f875ed806,b7789e82a7691a92,1,person,source_verified,
open-images-test-cca26c527c870b16,open_images:test:cca26c527c870b16,open_images,cca26c527c870b16,,,,duplicate-867d9afd7177fb45b9b4,positive,train,images/train/open-images-test-cca26c527c870b16.jpg,labels/train/open-images-test-cca26c527c870b16.txt,public_v2,a540b881912f58cb28172901aa789b328534ead7c45283aebba35d54ac4ff5c7,d60a8919d752401b900c1555c70b3534001b6b9beccb78db1cb783d23014a5ef,b835f50ad2d1294f,1,truck,complete,
open-images-test-ccbd3e50142446d1,open_images:test:ccbd3e50142446d1,open_images,ccbd3e50142446d1,,,,duplicate-222b78d44585f73810c4,positive,train,images/train/open-images-test-ccbd3e50142446d1.jpg,labels/train/open-images-test-ccbd3e50142446d1.txt,public_v2,2c9628c6faea3f7489949621d52f4833a67baa3acc013611a0b5d958ca9a874b,a2100e365b1aeb459d6b930e337bbb6f55d1c5b2d885253371704ecc18ff1517,bcb66e5bd10d1e10,1,bicycle,complete,
open-images-test-cd004f60ce9c3ab7,open_images:test:cd004f60ce9c3ab7,open_images,cd004f60ce9c3ab7,,,,duplicate-c589c30b350e2a9c7878,positive,train,images/train/open-images-test-cd004f60ce9c3ab7.jpg,labels/train/open-images-test-cd004f60ce9c3ab7.txt,public_v2,ab544119e1d50184643cf1ffc80145be698a2e16d8211c46ce8a05dbe603faa8,e75784e17c6de21870c300114953ca012dcc041cf85c1d93d56e3c9fbc1f3807,85695c469372ed99,2,bicycle;person,complete,
open-images-test-cd2138474b74f416,open_images:test:cd2138474b74f416,open_images,cd2138474b74f416,,,,duplicate-7f7c8e76170d9b4d3a01,positive,train,images/train/open-images-test-cd2138474b74f416.jpg,labels/train/open-images-test-cd2138474b74f416.txt,public_v2,e6e05f0f001a284b1cc4b6dd6f3a7ec75dfbce3df352aebbfd9c362ebb227e65,12de56af169c607d4da8c977a46ded1dce14c55c8662ac5e3218c811aab4094a,ffebc09081c73670,1,person,source_verified,
open-images-test-cd3bddbbe5936956,open_images:test:cd3bddbbe5936956,open_images,cd3bddbbe5936956,,,,duplicate-96bd87afd7b6a6f19d1e,positive,train,images/train/open-images-test-cd3bddbbe5936956.jpg,labels/train/open-images-test-cd3bddbbe5936956.txt,public_v2,53575840463c86e7efe659c6eec89a882ecfe95bc4218dbaedd09c9cd70d80da,ef3c863ba130c06afe4393f7a85e42d9ac00b9a81c6379faeff7f16e91cc7935,fde8c045a2d01d9f,5,person;truck,complete,
open-images-test-cd6d25d7d27de6a6,open_images:test:cd6d25d7d27de6a6,open_images,cd6d25d7d27de6a6,,,,duplicate-def7e88535cd71680559,positive,train,images/train/open-images-test-cd6d25d7d27de6a6.jpg,labels/train/open-images-test-cd6d25d7d27de6a6.txt,public_v2,4cf32c4eba03ee974c79296f20fab306293c231da572274cfeda2c2706239a1d,528d84800effa0ed62941fde40809c84e59ec6491e25968c1ae33192af4f2090,b10b87c19576ceb2,1,bus,source_verified,
open-images-test-cda4ddb8be15190e,open_images:test:cda4ddb8be15190e,open_images,cda4ddb8be15190e,,,,duplicate-39760234ff72d932d6c2,positive,train,images/train/open-images-test-cda4ddb8be15190e.jpg,labels/train/open-images-test-cda4ddb8be15190e.txt,public_v2,97c2ceb1be935a083c0b5904afb8c49e4bc9bee3719d385f35c70c454e64ae1a,71b59dc7df0e99e6713576d7c9b7f3f1d756b86597e12644596d52d955403c9c,ba94c95bc479b621,4,car;person;truck,complete,
open-images-test-ce0b5ea7404cabdd,open_images:test:ce0b5ea7404cabdd,open_images,ce0b5ea7404cabdd,,,,duplicate-a8098576116ff2cc9202,positive,train,images/train/open-images-test-ce0b5ea7404cabdd.jpg,labels/train/open-images-test-ce0b5ea7404cabdd.txt,public_v2,696bd6d56be3b6b3ddd16ae6601de3a8e40c2c17ef32192a93e90494876eb41a,13b0e81b1251ceb939e94a03ab7a6d29ce5271268962a28d5a5a9f77e660769f,9cc587dc64981a6f,1,person,source_verified,
open-images-test-ce67f2b678366dc7,open_images:test:ce67f2b678366dc7,open_images,ce67f2b678366dc7,,,,duplicate-69ba1a2c3b4f57d81840,positive,train,images/train/open-images-test-ce67f2b678366dc7.jpg,labels/train/open-images-test-ce67f2b678366dc7.txt,public_v2,65743ec31adbf09fca23f33d2672aae4efb5e7750671e47bcd0b964ad49f0893,10d239382a6369109a34040ddf18401fcab9d4b3856b86ee7feef13c99024f6f,ef94d01a07697ec2,1,bus,complete,
open-images-test-ceb5bcca8d504f0d,open_images:test:ceb5bcca8d504f0d,open_images,ceb5bcca8d504f0d,,,,duplicate-a6555ccea17177a16b23,positive,val,images/val/open-images-test-ceb5bcca8d504f0d.jpg,labels/val/open-images-test-ceb5bcca8d504f0d.txt,public_v2,967ba58a1e8188555e2454317e6ed7738065822423102ba70e0a18cfaaf77da1,0c0ea264bef774e0df4cc7dbd05f1b2fbaee442aecea83f5453e2ba0066fcbbc,8b98381bee376760,2,bus,source_verified,
open-images-test-cec6f37d4a127f66,open_images:test:cec6f37d4a127f66,open_images,cec6f37d4a127f66,,,,duplicate-4f8f4272b748cf00c55c,positive,train,images/train/open-images-test-cec6f37d4a127f66.jpg,labels/train/open-images-test-cec6f37d4a127f66.txt,public_v2,8202eaf0978788fcfcd03a68c447b045737071096ef15d9899a635370017e704,35d8f8b647b25335bad184ab56eed6673a4e04e536e74939d958bc990362aba5,dc4bcbd4d0131796,1,person,source_verified,
open-images-test-cedf2574021ad651,open_images:test:cedf2574021ad651,open_images,cedf2574021ad651,,,,duplicate-8c5f0817c23e0bcfb77c,positive,train,images/train/open-images-test-cedf2574021ad651.jpg,labels/train/open-images-test-cedf2574021ad651.txt,public_v2,47694f0fc1eacefa8173b9b8f7641a801481b7ed31aadd0478c5849654244b89,8e863a03770c51f342ea7ac8fd1995ec7d57566a828d98fd5e48920e8b959d2e,dff0b42740d89f24,2,motorcycle;person,complete,
open-images-test-cf003fe3404df63c,open_images:test:cf003fe3404df63c,open_images,cf003fe3404df63c,,,,duplicate-912fbb212572cf0c2076,positive,train,images/train/open-images-test-cf003fe3404df63c.jpg,labels/train/open-images-test-cf003fe3404df63c.txt,public_v2,13f9368cea43cd13f48ce58f64cb5be34af88aeceaec7155cca03102191c4105,db5316f901e0261ef4bd42677a34b62df01b28b7b4b85dbe39da64540d4e1bcd,e39c85e896736994,2,motorcycle;person,source_verified,
open-images-test-cf0582272932a846,open_images:test:cf0582272932a846,open_images,cf0582272932a846,,,,duplicate-736acd50b4e6a3ccb240,negative,train,images/train/open-images-test-cf0582272932a846.jpg,,public_v2,a994e616b262ae8a76a78b1aee1da016275ce95b2b8ead50e4214e9b8faef715,6c901a22868a8dd8e4be5b2f778a340ad6f721aee85992b558159a7c86fb92ec,e2b593989ac3d81e,0,,accepted_negative,
open-images-test-cf960604d53dbbc3,open_images:test:cf960604d53dbbc3,open_images,cf960604d53dbbc3,,,,duplicate-6100a579235f9108b884,positive,train,images/train/open-images-test-cf960604d53dbbc3.jpg,labels/train/open-images-test-cf960604d53dbbc3.txt,public_v2,f66f3afeca1040a549d3a035d03a6b9cbd7a2bfb0572ede3eada1a5266e4dfec,d8c6dcf1f2083595e87bc82f372a36094d931167018862d9bac68aa13c2de001,ceed19618638399b,1,person,source_verified,
open-images-test-d01dde1007b0e388,open_images:test:d01dde1007b0e388,open_images,d01dde1007b0e388,,,,duplicate-6dd3cd6113bd351998cf,positive,train,images/train/open-images-test-d01dde1007b0e388.jpg,labels/train/open-images-test-d01dde1007b0e388.txt,public_v2,a7b11969d953c11a452199a00ecd4aaccf968796382f7a41a043d820d55e5d75,5f34e2301e45eaea2c9b4e526a071b0bcf14bde75cda88f517e59bd4cb2d63d6,b6d14f4c6c3f3106,2,motorcycle;person,source_verified,
open-images-test-d0bd7df44ffb8618,open_images:test:d0bd7df44ffb8618,open_images,d0bd7df44ffb8618,,,,duplicate-1beca051476d5e0c8db8,positive,train,images/train/open-images-test-d0bd7df44ffb8618.jpg,labels/train/open-images-test-d0bd7df44ffb8618.txt,public_v2,7130447e730f3e0898ad799029f9b5bb5e147b7f6f19b23c68b127ce779e0581,36e1877ad9c69c4aec98c74587149d216523d084163bdc278425be8be7cc293c,d870e0f6d8d87466,5,bus;car,source_verified,
open-images-test-d0ffe5e461379799,open_images:test:d0ffe5e461379799,open_images,d0ffe5e461379799,,,,duplicate-177ac162d6c076b37901,positive,train,images/train/open-images-test-d0ffe5e461379799.jpg,labels/train/open-images-test-d0ffe5e461379799.txt,public_v2,c596429a0221e978d15650ddc08ccf185b68f847361bfebf09035d40cd317aec,583762f3d4836d77e10238d7ef878574ff4899d8f6404d3d524566603e02e82f,f9edc053723a254a,1,motorcycle,complete,
open-images-test-d11f5da6d425e240,open_images:test:d11f5da6d425e240,open_images,d11f5da6d425e240,,,,duplicate-4e255e5754877c79b4b3,negative,train,images/train/open-images-test-d11f5da6d425e240.jpg,,public_v2,61365f7af9cc898281162f3b21645f6424c637fdcecd31c1e313f5cd779c69a5,832dcc005b71010ae1a31bc22db09fcab0dd272e4a2766606ab166c4a0435556,a935d96ac464b68e,0,,accepted_negative,
open-images-test-d1eddf943489fb27,open_images:test:d1eddf943489fb27,open_images,d1eddf943489fb27,,,,duplicate-44523a05f042e3a7f802,positive,train,images/train/open-images-test-d1eddf943489fb27.jpg,labels/train/open-images-test-d1eddf943489fb27.txt,public_v2,3cd50b1d9c1c658ce0344da5bf4c48285207fb74dae47925ae5938bf2832b2b6,f34346069bb92ad0f146fd39edabb704189554460eed0f6a27d5dd3c0b2dbeb2,867e994962b7ea48,3,person,source_verified,
open-images-test-d20251b210af6484,open_images:test:d20251b210af6484,open_images,d20251b210af6484,,,,duplicate-1a96406fcb77587ee8e5,positive,train,images/train/open-images-test-d20251b210af6484.jpg,labels/train/open-images-test-d20251b210af6484.txt,public_v2,29f8f6892f37449100d119c3af2487784fe123219f689993d8e348a589520d5a,72a5d57d7f1f78f0d64822c59485ddbeda82d215a94f1be6f0b602977a3f7432,e158176c18e2dbe6,4,motorcycle;person,source_verified,
open-images-test-d20c2d6ca01e1ccf,open_images:test:d20c2d6ca01e1ccf,open_images,d20c2d6ca01e1ccf,,,,duplicate-d5f90dcc93f1fa1fbd6e,positive,train,images/train/open-images-test-d20c2d6ca01e1ccf.jpg,labels/train/open-images-test-d20c2d6ca01e1ccf.txt,public_v2,25db8d1b69682c0d64f7ea698ffaf60cb38d4650890b17b57cb7712ace28ae91,702b8a6154c8a56fbd107335060c58a5454f4e175c5bf9f8ccbac9cda4e4a731,9d29afd6c2d70928,2,bus;person,complete,
open-images-test-d222c4b3836e43c3,open_images:test:d222c4b3836e43c3,open_images,d222c4b3836e43c3,,,,duplicate-59dfc965e3fea5aa373c,positive,train,images/train/open-images-test-d222c4b3836e43c3.jpg,labels/train/open-images-test-d222c4b3836e43c3.txt,public_v2,4dd081348f83875b238f0a4af3dbe9b277c5cad6b9b5d897ecd906dab0a710ff,577e9110b8326bf6d773e241fb8dbf8d8748aa85df643d3e46e486d8e28c29d4,c4c64b73303e6bc9,2,car;truck,source_verified,
open-images-test-d2bdaf95c75c67d4,open_images:test:d2bdaf95c75c67d4,open_images,d2bdaf95c75c67d4,,,,duplicate-1bcd06fc734d57abae5d,positive,train,images/train/open-images-test-d2bdaf95c75c67d4.jpg,labels/train/open-images-test-d2bdaf95c75c67d4.txt,public_v2,c69870effec1e49d9ab9132b206844631f3b539ec889977c797c54a5fb6894fb,928ce049f1eb1ae08712bf02c283538406e802ce7a43cd0c25243f2f9c38d66c,b86b273c61d06ee1,1,person,source_verified,
open-images-test-d3e8487cc8951024,open_images:test:d3e8487cc8951024,open_images,d3e8487cc8951024,,,,duplicate-16b98457482828a581bd,negative,train,images/train/open-images-test-d3e8487cc8951024.jpg,,public_v2,0f88be838d9088f0fce7cb36316856620bdff61560178f212c8bb5f432cb8066,fd95a52af91fde582a98f1851de485d5660dcfd5fa9edfd3353abcce94b24ae1,b6b44d423d3dd223,0,,accepted_negative,
open-images-test-d4115d8369d2ea3f,open_images:test:d4115d8369d2ea3f,open_images,d4115d8369d2ea3f,,,,duplicate-20f56179dcbc1119ef08,positive,train,images/train/open-images-test-d4115d8369d2ea3f.jpg,labels/train/open-images-test-d4115d8369d2ea3f.txt,public_v2,3db626c8adf0cf433130f5cb535457b38a56519cc524bfe7b50dc161923d1439,b37ab5d3aead3d3bd78434d895511ff4a3e3c6148ca57e0f71132763fecf0e28,d890379bf1611b6c,14,person,source_verified,
open-images-test-d41fd345820e6e10,open_images:test:d41fd345820e6e10,open_images,d41fd345820e6e10,,,,duplicate-50a2f1e66cc7fbac7a3a,positive,train,images/train/open-images-test-d41fd345820e6e10.jpg,labels/train/open-images-test-d41fd345820e6e10.txt,public_v2,a65e34cf331037126d8af904f80fa03bcf1d8646e9278eb85d572ceab0bd1c3a,edef4af6a4e418b310097af415f1ede118550711321a2cf9609eedf9893949bc,f652a369c52d19d1,1,car,source_verified,
open-images-test-d4fb1502fb85d929,open_images:test:d4fb1502fb85d929,open_images,d4fb1502fb85d929,,,,duplicate-6b0989499503af3d4973,negative,train,images/train/open-images-test-d4fb1502fb85d929.jpg,,public_v2,9eebc4ee66614a03e7b844dbbc55a8288157bf5f1767d75474726275dd40e308,b31fb179ef09cb7d99f3010b187ad3bd707e2d2448bb9bec74e88b209335c0f1,97472f97c9070aac,0,,accepted_negative,
open-images-test-d5184b5a9db46890,open_images:test:d5184b5a9db46890,open_images,d5184b5a9db46890,,,,duplicate-c06d2d973f6c6d0fa21a,positive,train,images/train/open-images-test-d5184b5a9db46890.jpg,labels/train/open-images-test-d5184b5a9db46890.txt,public_v2,e51d431885115795c11862e3e965fae38d5d2a76b8e7e3917bba967a045b4d72,e5805b83c2367f44b65e0112c24493e4c93095a337c8faf072bb5234281b3d8e,e4d3da3c24c3d83c,4,car;person;truck,source_verified,
open-images-test-d52608b1bdf466cb,open_images:test:d52608b1bdf466cb,open_images,d52608b1bdf466cb,,,,duplicate-f97b3751e22ae3f76534,positive,train,images/train/open-images-test-d52608b1bdf466cb.jpg,labels/train/open-images-test-d52608b1bdf466cb.txt,public_v2,5e3a919b41c8837000c2375765620148a50e17b0254de4d9c989c89155ce7c07,f06b58d5d8144038dfc13d7d04b15f8fcc7303988ccfbaf7409e29f743ca9f7a,986537b8896796d8,1,car,complete,
open-images-test-d53d44361e0b2fd2,open_images:test:d53d44361e0b2fd2,open_images,d53d44361e0b2fd2,,,,duplicate-abf3dfd261df03966d34,positive,val,images/val/open-images-test-d53d44361e0b2fd2.jpg,labels/val/open-images-test-d53d44361e0b2fd2.txt,public_v2,8513e9dff1e10cdfc6affe59bca5854420b01196f2e0187be0490993b3520be1,1cf0f42f46aaafb51a43fc1178f2b2228c72b19983f4ea125f20f3fabab42b8f,fbd0876b3078a153,3,bus;person,source_verified,
open-images-test-d54601527bb3c2c4,open_images:test:d54601527bb3c2c4,open_images,d54601527bb3c2c4,,,,duplicate-b2359babf0a585b71902,positive,train,images/train/open-images-test-d54601527bb3c2c4.jpg,labels/train/open-images-test-d54601527bb3c2c4.txt,public_v2,452e0d5c4262a7b859a516e1980b6c506e37bc14fdff3f6397c76de39734a820,693932bcb56fa7ea81a14c2dbce08fd0654be119c356f80e6dd170c16bb27201,9951eaeccd2f1c90,1,bus,source_verified,
open-images-test-d5465980fe75c9ca,open_images:test:d5465980fe75c9ca,open_images,d5465980fe75c9ca,,,,duplicate-fd5a389e7cb9245a8240,positive,train,images/train/open-images-test-d5465980fe75c9ca.jpg,labels/train/open-images-test-d5465980fe75c9ca.txt,public_v2,b4ff54e8582e3555ecb11e9b715383c47319dc70dc4c824b87f226ab21df39d6,bbf4083f89f028dd85c62416f4f29c0e8583092679770129785a6e414107714f,9e63634c9ebb60b0,2,person,source_verified,
open-images-test-d595ae6c319656ed,open_images:test:d595ae6c319656ed,open_images,d595ae6c319656ed,,,,duplicate-845b6efdd6fea8448fff,positive,train,images/train/open-images-test-d595ae6c319656ed.jpg,labels/train/open-images-test-d595ae6c319656ed.txt,public_v2,f4ac08737fcfd20e6dff3a4dfb58e959e58eff7845ac992f7c750ef3e29a1ddc,a2a4b7411192515f3a89870a9beebb3236ac9732dd3edaabdc01f6baf66b5ad1,c0e4b5b13d358e0f,1,person,source_verified,
open-images-test-d5d2bfbf1d397b5b,open_images:test:d5d2bfbf1d397b5b,open_images,d5d2bfbf1d397b5b,,,,duplicate-51e23c9394e7f0d9c070,positive,train,images/train/open-images-test-d5d2bfbf1d397b5b.jpg,labels/train/open-images-test-d5d2bfbf1d397b5b.txt,public_v2,5bc145e6ba64ee649f500f44a7f02447c46e13627a5c188bfeec3e42406319d5,e83f8eb6d0ffbf2d817a7dc088d09809799e249d32ef7dacee75c087eceb8cea,b6811ee3e1d14a67,9,person,source_verified,
open-images-test-d63795f89448fa77,open_images:test:d63795f89448fa77,open_images,d63795f89448fa77,,,,duplicate-33a4f3b5c8b93138489d,positive,val,images/val/open-images-test-d63795f89448fa77.jpg,labels/val/open-images-test-d63795f89448fa77.txt,public_v2,50c98d422a266207b01d23c0c4045a34a49686d07c80d6b21061e3360c796e24,1513878097ef8f47ffb301e4257a5e7a371226de38196b4dbe14e002abc08136,909cb5e215353bce,2,car;truck,source_verified,
open-images-test-d63be9a6f0ace964,open_images:test:d63be9a6f0ace964,open_images,d63be9a6f0ace964,,,,duplicate-f4a1cdff4412756ecf31,positive,train,images/train/open-images-test-d63be9a6f0ace964.jpg,labels/train/open-images-test-d63be9a6f0ace964.txt,public_v2,579a8a2d54c51636dbebabf8b1387c9adcb4de7599eeaf32b45d9c41f153437c,dbf7020f187e97c14560bea5288882410560de906d0c540a858a2d4cf15a7631,c36a3c79d5d4140f,5,bicycle;person,complete,
open-images-test-d6a0d222cc0acb00,open_images:test:d6a0d222cc0acb00,open_images,d6a0d222cc0acb00,,,,duplicate-b334954a1a43fd83e17f,positive,train,images/train/open-images-test-d6a0d222cc0acb00.jpg,labels/train/open-images-test-d6a0d222cc0acb00.txt,public_v2,0cee533e523ed97cf691f33557d680905c9f05c7c0cc4e0ec2f364621153c66d,7b11ba841328a795e24b8eb2bd13df608e576d48b0112522bec8047227948bf3,c895ab5c273acd92,4,motorcycle;person,complete,
open-images-test-d70982fa26170d30,open_images:test:d70982fa26170d30,open_images,d70982fa26170d30,,,,duplicate-fef6d260afceefbfb397,positive,train,images/train/open-images-test-d70982fa26170d30.jpg,labels/train/open-images-test-d70982fa26170d30.txt,public_v2,5bddeb5d61b5e3279fec5581f2ba5515b64d2fcc7dca5c33187fa5d7f4777648,ac61b352271005caeb54f521f43a7390d20ac85012d42bb7829f48da5065e208,f90ea07890f99769,1,car,source_verified,
open-images-test-d77d8fd569a73db6,open_images:test:d77d8fd569a73db6,open_images,d77d8fd569a73db6,,,,duplicate-fdbdd413644a640300a2,positive,train,images/train/open-images-test-d77d8fd569a73db6.jpg,labels/train/open-images-test-d77d8fd569a73db6.txt,public_v2,9e9e15b8a36b4116827635eca5ff33387cadbf084d11ad49f5c0c0f78b538c5b,f7d0e1a4ba7a84b2168a8f8d0abfd9f0b392da49f2de14cb5ea5d394c7179779,9091b9b9c6c46e5e,3,car;truck,source_verified,
open-images-test-d7a9ce1ebd4e0018,open_images:test:d7a9ce1ebd4e0018,open_images,d7a9ce1ebd4e0018,,,,duplicate-67bb1cb9213e0b7638ea,positive,train,images/train/open-images-test-d7a9ce1ebd4e0018.jpg,labels/train/open-images-test-d7a9ce1ebd4e0018.txt,public_v2,33f9a9b86c3078b05e054cb8fd9fc29805a77ce2460876f91c8e7e8e610349ff,ac4937b487947e97bc98426fea28589af9c6f628a5900bfd8eaa8ded9f7b50f9,f9ecd503f1020f3a,4,motorcycle;person,complete,
open-images-test-d80da53f856ba86e,open_images:test:d80da53f856ba86e,open_images,d80da53f856ba86e,,,,duplicate-2ff304f6a7be0536d731,positive,train,images/train/open-images-test-d80da53f856ba86e.jpg,labels/train/open-images-test-d80da53f856ba86e.txt,public_v2,bb7c5e15b6d91bb81eb9afc542f6e5c77fb1c7aa9f7111a1941fc9b3ad75083c,4d8b922e62a00c9aca44706a34f0957c64ee42668e77b02440f70559052cc946,9e9d993385d91ba0,11,car;person;truck,complete,
open-images-test-d8503b90ad96883d,open_images:test:d8503b90ad96883d,open_images,d8503b90ad96883d,,,,duplicate-9c27bed20866e348cdcc,positive,train,images/train/open-images-test-d8503b90ad96883d.jpg,labels/train/open-images-test-d8503b90ad96883d.txt,public_v2,4f8bae6ac154a18d4570e921baab0504625d016ac6de1bcba10c6c20a7f8c275,fba0c2ef15fd8dd30d467a33ab51412b92f5932cc7f95ff50945d59c83cb624e,fbae8eb5701a8468,2,person,source_verified,
open-images-test-d8991e5db805d93b,open_images:test:d8991e5db805d93b,open_images,d8991e5db805d93b,,,,duplicate-6beaf839660c13f0e59e,positive,train,images/train/open-images-test-d8991e5db805d93b.jpg,labels/train/open-images-test-d8991e5db805d93b.txt,public_v2,9daf52fbf5440b48f2e1b3b830a7fa9d5b6f7ef3671ab0e8e7df3c2441fa8d4f,d53c23e6b714c4a4f74d0a405eaad1c017e2c5d1d9afe210552fb855f48fa181,c01d3fc02d3fc83d,1,car,source_verified,
open-images-test-d8d843cc394a641a,open_images:test:d8d843cc394a641a,open_images,d8d843cc394a641a,,,,duplicate-b35cd6de31b17e5ace58,positive,train,images/train/open-images-test-d8d843cc394a641a.jpg,labels/train/open-images-test-d8d843cc394a641a.txt,public_v2,d7f028e64728a9dd963e07a07ad152d8b285829f67af2562cc13634540a46cf6,e5148b5d52a72ef1e017bd0f9ea870db7f4504096c2ecb2e6eed47966952a30c,e3c0f473c1cccd19,5,car;truck,source_verified,
open-images-test-d8e658781e3d7dab,open_images:test:d8e658781e3d7dab,open_images,d8e658781e3d7dab,,,,duplicate-86826a6ca34bd7d5387e,negative,val,images/val/open-images-test-d8e658781e3d7dab.jpg,,public_v2,140d3fc56a19c6c8bb91ef9bdb93cf5e20d0b3b54a1592fef6e528baa303798b,a175b24e7fdfdddeb8c13104c7b26dd974e00d44e54f225226b5daa0dd16c0be,819e53899696ed66,0,,accepted_negative,
open-images-test-d8feec37959aa3d2,open_images:test:d8feec37959aa3d2,open_images,d8feec37959aa3d2,,,,duplicate-5331d07bdba095847157,positive,train,images/train/open-images-test-d8feec37959aa3d2.jpg,labels/train/open-images-test-d8feec37959aa3d2.txt,public_v2,86636f6f621c5a20b10ffb81a4cd4bc4d208b080fda26cf3d7be32736c6035f2,f3b8c6739719fd6e5aa2567f14ac437b4a5d9c98c9d7dfd91de0752c4c1604a8,b616b49462a5e95d,5,car;person;truck,source_verified,
open-images-test-d9d569d62f19e52a,open_images:test:d9d569d62f19e52a,open_images,d9d569d62f19e52a,,,,duplicate-b781119c2414c3efaff4,positive,train,images/train/open-images-test-d9d569d62f19e52a.jpg,labels/train/open-images-test-d9d569d62f19e52a.txt,public_v2,33930f9db77a1e81eb16af938244940ca7bf70cb057e80f062605f836f323a55,fd86a63c1f85094ad6218841464a9e11820e016e4b6f90017bff15972e14faee,93546db0d1d0b66d,8,person,source_verified,
open-images-test-da4cbb3ecbc77cca,open_images:test:da4cbb3ecbc77cca,open_images,da4cbb3ecbc77cca,,,,duplicate-21443397c2b95cd2a475,positive,train,images/train/open-images-test-da4cbb3ecbc77cca.jpg,labels/train/open-images-test-da4cbb3ecbc77cca.txt,public_v2,90cd762e39c38af98a7c886eaaee8be99c02640d475bddbd54b3d882270c3371,8cee717a720bf49feccc30f4b5e55818708221f99a69ac1def00ebc786eb1979,e7edac6243050c7e,1,truck,complete,
open-images-test-da8c552184ed1c4e,open_images:test:da8c552184ed1c4e,open_images,da8c552184ed1c4e,,,,duplicate-160a9c77d7644ca7a677,positive,train,images/train/open-images-test-da8c552184ed1c4e.jpg,labels/train/open-images-test-da8c552184ed1c4e.txt,public_v2,60ed52ddcde1346cc0c16f1fdd6461b07c86082fb3c2318f0661a300869589d1,c856f1c4c1655bef3398de37e54f9b39e05161c047d0f5100bebab40d7db91c4,96658f24cda36d1a,15,car;person,source_verified,
open-images-test-da9f67ac2edf3cb7,open_images:test:da9f67ac2edf3cb7,open_images,da9f67ac2edf3cb7,,,,duplicate-82f5b1c7f6d5c6fbe8e0,positive,train,images/train/open-images-test-da9f67ac2edf3cb7.jpg,labels/train/open-images-test-da9f67ac2edf3cb7.txt,public_v2,9e3d78586939e5560e83afc1787eec3f27a72c42f89a4f06855f120366411d8e,5ab871f337f73119b5031208ed367dc7866435ca785e29dbb43aa8b49bf7b4f8,c6bd4e12dc4cb14e,2,person,source_verified,
open-images-test-daac88a81a00e6c9,open_images:test:daac88a81a00e6c9,open_images,daac88a81a00e6c9,,,,duplicate-5c948162e3f436f903fc,positive,train,images/train/open-images-test-daac88a81a00e6c9.jpg,labels/train/open-images-test-daac88a81a00e6c9.txt,public_v2,889e6824cdeb954383f1c6ac6471bfc989d344b9183c88fca4b8427881a5018e,691eb2ed51b6622ac7f959fe4bf2f2dbf53718a25069b62f921c8ad4e7864e45,c27dc8a0e3f09379,17,car;person,source_verified,
open-images-test-dac2008b12a144d9,open_images:test:dac2008b12a144d9,open_images,dac2008b12a144d9,,,,duplicate-585f7893d157a37217d8,positive,train,images/train/open-images-test-dac2008b12a144d9.jpg,labels/train/open-images-test-dac2008b12a144d9.txt,public_v2,c14971ac90108c0dcca7f04f98f75afdbed79716b09d819d6cc8e83862637714,8f010b39fb3098b9409690fd5eeb8a6916d10c9b747dc7f2956d4ff0ba71f767,b434189c9336f6e6,2,bus;car,complete,
open-images-test-daf1177ac81b9989,open_images:test:daf1177ac81b9989,open_images,daf1177ac81b9989,,,,duplicate-f7b205cad634d9ae15ef,positive,train,images/train/open-images-test-daf1177ac81b9989.jpg,labels/train/open-images-test-daf1177ac81b9989.txt,public_v2,ceaff2cde49f1f741169228c750730b5dc75a96494ad26c843e81388f27e025c,cdc6d28fdbdd6892d04f5e4e0f5029be55d5591655b3eac786f380c24e56ba1d,90d6ca4fc1e487ea,7,car;person;truck,source_verified,
open-images-test-dba0039639a18b64,open_images:test:dba0039639a18b64,open_images,dba0039639a18b64,,,,duplicate-708f71f5ec6711d1506c,positive,train,images/train/open-images-test-dba0039639a18b64.jpg,labels/train/open-images-test-dba0039639a18b64.txt,public_v2,a268092477ffb43ed4ed7c4c3cea5e04362c9c81e9859a684ef5a4b988265e2e,81eeb3b904ea00ab17006af9430f5cfa428c3030f29465aa7728f64e52bada50,b21c0cf1f34c8eb3,1,truck,source_verified,
open-images-test-dbb55fdb1c9df659,open_images:test:dbb55fdb1c9df659,open_images,dbb55fdb1c9df659,,,,duplicate-92d8b9cfc8c662e66c60,positive,train,images/train/open-images-test-dbb55fdb1c9df659.jpg,labels/train/open-images-test-dbb55fdb1c9df659.txt,public_v2,5d8a6bbae6ca2725a3757aa8883536bd9e0248f2598e9c884114cc87439c2fbe,3e2d92e3847fbfa37f77cbb2eb02a692f0b85be0a6ed25c4b562bd5b7f77e194,ef05603295c8ded5,1,car,source_verified,
open-images-test-dbbac5f80d864228,open_images:test:dbbac5f80d864228,open_images,dbbac5f80d864228,,,,duplicate-12af55a35caaec44c914,positive,train,images/train/open-images-test-dbbac5f80d864228.jpg,labels/train/open-images-test-dbbac5f80d864228.txt,public_v2,aa8827507c05c2beda4acd962e179ab293a3cf6bd553912981a980d882e48137,f7e519155f7735ccbbc7ac0acc9bf0ad3b113ad3e472af6764f16c9436ae59bb,cc4cec23d1953a5e,1,truck,complete,
open-images-test-dbdddaee4162a176,open_images:test:dbdddaee4162a176,open_images,dbdddaee4162a176,,,,duplicate-26f3af6eb9b02948378c,positive,train,images/train/open-images-test-dbdddaee4162a176.jpg,labels/train/open-images-test-dbdddaee4162a176.txt,public_v2,535618baa0bf6050b0ba723991ed441cf37983daf51042cab1c5baf882777a0a,d4237bf0935b57048dc00c5a3f1f780ca4ebfea9cfaf234ee2a0a63f94928868,fe16c1d1d4b09bc2,1,bus,source_verified,
open-images-test-dc655108d2a9e5c0,open_images:test:dc655108d2a9e5c0,open_images,dc655108d2a9e5c0,,,,duplicate-ae7a7238e72707c73b21,positive,train,images/train/open-images-test-dc655108d2a9e5c0.jpg,labels/train/open-images-test-dc655108d2a9e5c0.txt,public_v2,9da760eca9dd18d8eaabb3a66a1737705e440f78b956e06337326c56022eb96d,128f6b2f7a9d3abbd1c2b545bea1566339e0f94d90ef160baa091c23083ff986,9b01d47e43af2f48,1,truck,source_verified,
open-images-test-dc8329267827703d,open_images:test:dc8329267827703d,open_images,dc8329267827703d,,,,duplicate-2757fab95538cd26a66c,positive,train,images/train/open-images-test-dc8329267827703d.jpg,labels/train/open-images-test-dc8329267827703d.txt,public_v2,406f545b1548590c350e67a73ab19e22a4958b7343ea9e173cf08a23c65b1e17,dd1de811e2b69c05a0b73aa861350b8badd9adb9356882b6900e16efd3b3d002,81851c9bf7949cd3,1,car,source_verified,
open-images-test-dc85f09b0e8c9be2,open_images:test:dc85f09b0e8c9be2,open_images,dc85f09b0e8c9be2,,,,duplicate-9535b349585cc4297490,positive,train,images/train/open-images-test-dc85f09b0e8c9be2.jpg,labels/train/open-images-test-dc85f09b0e8c9be2.txt,public_v2,462f6f47d3f4fa7244891f58d5890ffe7ab9ef41f5d861be13367373c4aa9ee1,d70e7c8ef3646186623540de9bbafc5fffa6af6be5a2bc9be7bd240a98993a00,d2988d1f32f366c4,1,bicycle,complete,
open-images-test-dc96dd263e1dba6f,open_images:test:dc96dd263e1dba6f,open_images,dc96dd263e1dba6f,,,,duplicate-9c9f30bd91b1746d6274,positive,train,images/train/open-images-test-dc96dd263e1dba6f.jpg,labels/train/open-images-test-dc96dd263e1dba6f.txt,public_v2,9064c04f200cb41f7006c88189636d06fb9b041f42032d7cd9dba6f1916d7131,f6fb7ac386e74af0695d7aa36b7e9e745b97d71f386e63dd06dc349a86f9a7a8,99966469b3ce8d31,1,person,source_verified,
open-images-test-dd0ba77f4c3332d0,open_images:test:dd0ba77f4c3332d0,open_images,dd0ba77f4c3332d0,,,,duplicate-43f9c700d42e599c8520,positive,train,images/train/open-images-test-dd0ba77f4c3332d0.jpg,labels/train/open-images-test-dd0ba77f4c3332d0.txt,public_v2,c9805e35551f40ad8c4f76a84a5f1a5c1382f975d5745f4e5919729b8553bfc9,e51bcfd4574c18edf3eea096b5237583912b138f0e9de26c91c054d490f15230,f8f0768594aea7a0,4,car,source_verified,
open-images-test-dd94dd0b772e5a19,open_images:test:dd94dd0b772e5a19,open_images,dd94dd0b772e5a19,,,,duplicate-029017dedd34eb55bf39,positive,val,images/val/open-images-test-dd94dd0b772e5a19.jpg,labels/val/open-images-test-dd94dd0b772e5a19.txt,public_v2,5b87ed5db893d905078ba0d72f80fde4137e43cdb7df5d1855907a7202fa8da6,81a63ab5a43c0cee9b10b569c4da68b73181403a1cf09b84b126fce8a99af28e,91168e82d3de9eb1,7,car;motorcycle;person,source_verified,
open-images-test-ddb0e522dd43eb97,open_images:test:ddb0e522dd43eb97,open_images,ddb0e522dd43eb97,,,,duplicate-d7717c91906ee57820db,positive,train,images/train/open-images-test-ddb0e522dd43eb97.jpg,labels/train/open-images-test-ddb0e522dd43eb97.txt,public_v2,61c14ff146b1dfa747e922b7dbd6a2cb1fb5f7a0cf4132e71b1e6bf991e08e2b,82cb571b09d4db65fa794b700c903442d3a49afef27a26f0e46675b2fccfc82f,ff7f802e05b19911,1,car,source_verified,
open-images-test-de03cd1cd9a4de4a,open_images:test:de03cd1cd9a4de4a,open_images,de03cd1cd9a4de4a,,,,duplicate-425dfee832d21c0ae32c,positive,train,images/train/open-images-test-de03cd1cd9a4de4a.jpg,labels/train/open-images-test-de03cd1cd9a4de4a.txt,public_v2,c2c1ec9ef222c3b807b5258d61e58cae3b0873d0672eba1565b0990e29d09374,07ac9b62fa400fc6fa0f28ff3894c1e6b6bdc3499ef800234388f9c5eed3ce05,db9ea36ec10d9981,1,motorcycle,complete,
open-images-test-de21be512a2cf2b3,open_images:test:de21be512a2cf2b3,open_images,de21be512a2cf2b3,,,,duplicate-6a05b682f6ef2dd71c87,positive,train,images/train/open-images-test-de21be512a2cf2b3.jpg,labels/train/open-images-test-de21be512a2cf2b3.txt,public_v2,3154b56c9e3fc95e7aa023baee2808fad8304d320c93735915710439f5f931ff,5a75c923350d90c6bacbac35f2f9420eeef59f5f97097bdcc67a4ab500cc2e10,ad99c6e6b01fd908,2,person,source_verified,
open-images-test-de494351bb713d3d,open_images:test:de494351bb713d3d,open_images,de494351bb713d3d,,,,duplicate-48720d5ab44091a71796,positive,train,images/train/open-images-test-de494351bb713d3d.jpg,labels/train/open-images-test-de494351bb713d3d.txt,public_v2,6bd5d8c6cf742d9eb7f06c95582841b55c281d6e49f45f24b5f58cdade8ca9dc,51c7da2e4f13e2487f4166217dca01e746b6a06d445bf2f019713c301c4cfaaa,d5048e7b3787781c,2,truck,complete,
open-images-test-debf5166a1cc3182,open_images:test:debf5166a1cc3182,open_images,debf5166a1cc3182,,,,duplicate-b3f8a3cab29922b2def3,negative,train,images/train/open-images-test-debf5166a1cc3182.jpg,,public_v2,c5546ebf18215010c80f2b6a38b152a60d15f0c8f81fd498df6d282c76fb3b38,7092e436eadd702bd371951875b329ba17436a99779ba0f6b5e544a3c22b152b,dac44739e0c3af38,0,,accepted_negative,
open-images-test-dedc2e505cebc86b,open_images:test:dedc2e505cebc86b,open_images,dedc2e505cebc86b,,,,duplicate-e61e6224ced853330cb7,positive,train,images/train/open-images-test-dedc2e505cebc86b.jpg,labels/train/open-images-test-dedc2e505cebc86b.txt,public_v2,b13c7b03e6498ef91a08dacf40b507747210990f5fbd94f7bfb26c0d6873546b,6dcf49ffc8cc2104970b67bf8aa5288eb64d6637312d22971887c9022e3cc0af,a31b66bc1b9485b3,4,bicycle;person,complete,
open-images-test-df2be6eb1300949d,open_images:test:df2be6eb1300949d,open_images,df2be6eb1300949d,,,,duplicate-c2744693f691dfdc860d,positive,train,images/train/open-images-test-df2be6eb1300949d.jpg,labels/train/open-images-test-df2be6eb1300949d.txt,public_v2,111a4d05cd48f56fb5a34dc1324eea048481e7d2e0b950a57625ad15527e0936,294ca8d60e6fb2ae07b88777c862a32255fa35eb1c4c4499577d0c8dca6b41c2,d2d4adbc81390fc6,4,car;truck,complete,
open-images-test-dfc0c5f516a6fec3,open_images:test:dfc0c5f516a6fec3,open_images,dfc0c5f516a6fec3,,,,duplicate-3ee24232dc37a1412dac,positive,val,images/val/open-images-test-dfc0c5f516a6fec3.jpg,labels/val/open-images-test-dfc0c5f516a6fec3.txt,public_v2,b22aa0447ca846546450f1dc2b3b1da594e348c041d36558dac2bd0ae38e921a,f00eedddbe1917f34be924e011649fc7c810e6522d55ee799bd14106b9582893,9f87a02a319e9b99,7,car;truck,source_verified,
open-images-test-dfc78e19d1ba6658,open_images:test:dfc78e19d1ba6658,open_images,dfc78e19d1ba6658,,,,duplicate-8ec632f027087835ef65,positive,train,images/train/open-images-test-dfc78e19d1ba6658.jpg,labels/train/open-images-test-dfc78e19d1ba6658.txt,public_v2,eb1fd1225333e4b413bfe362420da163f42cf8685fa9762870ca714466abbce1,b7e70ec1a6b0dbc7760b1b7c755cf79471104035acd0c025d52b087ffd8a6906,d9ed86624d999592,20,person,source_verified,
open-images-test-e021443986f63590,open_images:test:e021443986f63590,open_images,e021443986f63590,,,,duplicate-892c821508b66bd2ea45,positive,train,images/train/open-images-test-e021443986f63590.jpg,labels/train/open-images-test-e021443986f63590.txt,public_v2,a881fb82e7f50b72c182f6c557b1c03ffcf8f7ac1670cbb9ca99aaaa5383fdb4,37f872646273a5f7d058e09c00714ef1457334da5a4a896dbdef7dba235eae80,c0cd3fa1ccd26699,2,person,source_verified,
open-images-test-e0445b4ac9dae4b7,open_images:test:e0445b4ac9dae4b7,open_images,e0445b4ac9dae4b7,,,,duplicate-50d331a17cd04a788f18,positive,train,images/train/open-images-test-e0445b4ac9dae4b7.jpg,labels/train/open-images-test-e0445b4ac9dae4b7.txt,public_v2,a1493eec28f7d76e8b036b379d159d2824bed945e3071f4d3f422310e66d870e,f818558136e174b95a86f6d047bd9be2a594d8617754a2f182f27234dc24bb8d,eeec85941a9a3879,2,person,source_verified,
open-images-test-e04ce91485bf3aab,open_images:test:e04ce91485bf3aab,open_images,e04ce91485bf3aab,,,,duplicate-bdadea26740d43c86f01,positive,train,images/train/open-images-test-e04ce91485bf3aab.jpg,labels/train/open-images-test-e04ce91485bf3aab.txt,public_v2,c09a2112d015c91f38f91590c815ccd58cb0fb68b507e0f51373550cd6fb1907,344378ddc879b3af5f5ca18deffa998aea50dcb766327dcc9a95f59b48acf254,efec91135a1ae283,3,car;person;truck,source_verified,
open-images-test-e082628872dff35d,open_images:test:e082628872dff35d,open_images,e082628872dff35d,,,,duplicate-25c5859842fb1c4b2d6e,positive,train,images/train/open-images-test-e082628872dff35d.jpg,labels/train/open-images-test-e082628872dff35d.txt,public_v2,7a7bd8d5165b9103f9b7549bcd5b6e82dfbf01cbe606c5a945e5bf1b04c326de,a80dfba4f8b40608a1278db5841bcbed366336029b5e5b03187ce89465757b98,9d9f2c4970732d8c,7,car;person,source_verified,
open-images-test-e09c41ee44d0c6e4,open_images:test:e09c41ee44d0c6e4,open_images,e09c41ee44d0c6e4,,,,duplicate-d9a484fc046dd29acb5d,positive,train,images/train/open-images-test-e09c41ee44d0c6e4.jpg,labels/train/open-images-test-e09c41ee44d0c6e4.txt,public_v2,4e839d13f646d71b4e90a1f77e04e5a6a342b9f0c54d6e517e716552bf1ad00e,91e4ab20c457991a2738d73bea7c7148b3fbbb9a866736c351a10a2db72c37b2,c10f79e0a3e17ee0,1,person,source_verified,
open-images-test-e0ca72d942fe98d8,open_images:test:e0ca72d942fe98d8,open_images,e0ca72d942fe98d8,,,,duplicate-f0b6eb7ff861911cc270,positive,train,images/train/open-images-test-e0ca72d942fe98d8.jpg,labels/train/open-images-test-e0ca72d942fe98d8.txt,public_v2,da7ee5310a1a4475fe027c94d7872bb6a80c291380c8095b3b74a2315909ca46,3358a1e2b9069afdc727945f6dfe5319c5e42d96fcacbc30b3328c243d62f0b6,dac21754f4f8c13c,1,person,source_verified,
open-images-test-e0f27659e2fb0f04,open_images:test:e0f27659e2fb0f04,open_images,e0f27659e2fb0f04,,,,duplicate-6dee1484379978be8d2f,positive,train,images/train/open-images-test-e0f27659e2fb0f04.jpg,labels/train/open-images-test-e0f27659e2fb0f04.txt,public_v2,07539cd70bb76195524d455b1de46ca4ab08b39ce0ccaeb0b5dcb8df4cb11d02,a1a2cd458a6c0fd5c87dc1ce4887b5b357cedb28e352d3a86b5d2a4c937d3d74,8b52f48db266c539,2,bicycle;motorcycle,source_verified,
open-images-test-e10b4d93e56ce282,open_images:test:e10b4d93e56ce282,open_images,e10b4d93e56ce282,,,,duplicate-db3d5863b5f15184d4f7,positive,train,images/train/open-images-test-e10b4d93e56ce282.jpg,labels/train/open-images-test-e10b4d93e56ce282.txt,public_v2,7232c5ab6dccb22918141856b153dfe88f658ea3dce7572686bf8a5b35b1a1f6,602aa81a57f395f7e9be3d377694a53ab636c88c17723730ac446da2ab6b3a50,9898e8be94caadc5,1,truck,source_verified,
open-images-test-e131d5071aa138dc,open_images:test:e131d5071aa138dc,open_images,e131d5071aa138dc,,,,duplicate-36589e30694bebc4b550,positive,train,images/train/open-images-test-e131d5071aa138dc.jpg,labels/train/open-images-test-e131d5071aa138dc.txt,public_v2,020126bcaa57d952e0fe51078614593d6549258f650740421c3c0a5a9f6b6faa,39e526b08630127951dfd89aea8ca5cd1a7f4cac52df0e1c4edff5dbe9596aa9,8181bf9c036f30bf,1,person,source_verified,
open-images-test-e133ad2060ac5b67,open_images:test:e133ad2060ac5b67,open_images,e133ad2060ac5b67,,,,duplicate-e7050ed74f2683ef1f30,positive,val,images/val/open-images-test-e133ad2060ac5b67.jpg,labels/val/open-images-test-e133ad2060ac5b67.txt,public_v2,601b0735c9a4ba5735afdd8f21380ea574ae0c9522167cb42303325c4be55dfa,b5c636c160f520b666a5a6ff01cc5c6a835f3715472512ae06e8a627053e381b,c09432fc6a4b9b9e,1,person,source_verified,
open-images-test-e1c037cddb0916a1,open_images:test:e1c037cddb0916a1,open_images,e1c037cddb0916a1,,,,duplicate-148594697d26001441ca,negative,val,images/val/open-images-test-e1c037cddb0916a1.jpg,,public_v2,d9bb8954238c77e433c7649f5d95754fe1af439bb022b9ae92a7fe3ccb2b4aeb,2cb0f50e51cc1da2c729c8ed22efb9d1e259cba84df62dc8a425ce08e9005a6c,f8a8854793f26e0d,0,,accepted_negative,
open-images-test-e25f3f8d35124f5c,open_images:test:e25f3f8d35124f5c,open_images,e25f3f8d35124f5c,,,,duplicate-72774216d868e13a9d93,positive,train,images/train/open-images-test-e25f3f8d35124f5c.jpg,labels/train/open-images-test-e25f3f8d35124f5c.txt,public_v2,cc6e8b432e54f527fc10ebb72a8c5fe32a6e48344b96b7132c2a16b229de8686,19e439b2dfda0eabeee0c94096ae663a85ce5d9dab50d9a39c6b79d75a732d37,c10359b761db3fc0,5,car;person;truck,complete,
open-images-test-e2684cbc09a215b1,open_images:test:e2684cbc09a215b1,open_images,e2684cbc09a215b1,,,,duplicate-cbef109378be7ecd337e,positive,train,images/train/open-images-test-e2684cbc09a215b1.jpg,labels/train/open-images-test-e2684cbc09a215b1.txt,public_v2,9d911b871417c13904fae2dd7ebb3471e09a670ecdaf666cd71e15db25a5bf83,96ea23b4e417e7c9626c3df209b17592ab4af9d3a8933f1f85eb48cc75e2ff86,b47d853568606dce,2,person,source_verified,
open-images-test-e271b1f7d90ad7b6,open_images:test:e271b1f7d90ad7b6,open_images,e271b1f7d90ad7b6,,,,duplicate-6b85745567b2cb568a40,positive,train,images/train/open-images-test-e271b1f7d90ad7b6.jpg,labels/train/open-images-test-e271b1f7d90ad7b6.txt,public_v2,7ee3fd76a9e2281c9132d275b74e3e5f5c4288b366c9d6d767a0a381fda694de,11207fa6354c7617e210ccee9e98b4b55ba033ffbe4b3e95dbfcbea5b1d35c30,946ac2a7e823fc1d,4,person,source_verified,
open-images-test-e27d7ec71b0b0ede,open_images:test:e27d7ec71b0b0ede,open_images,e27d7ec71b0b0ede,,,,duplicate-06830699fcfbd4542e16,positive,train,images/train/open-images-test-e27d7ec71b0b0ede.jpg,labels/train/open-images-test-e27d7ec71b0b0ede.txt,public_v2,db5c3fbfa277193a1ef23842e0896fe41c4526d4625f27d5d3ae46fe1dd50a5b,11c1c81259de9f21aae5e953e06e91d39e388ac56796c52c5d32bac23b6577b8,b724d89f61f81362,1,car,source_verified,
open-images-test-e2abf0296456f123,open_images:test:e2abf0296456f123,open_images,e2abf0296456f123,,,,duplicate-8f410a02fcdf6a735e49,positive,train,images/train/open-images-test-e2abf0296456f123.jpg,labels/train/open-images-test-e2abf0296456f123.txt,public_v2,bb1dfdbe9c9d10d1082dc45777a8c96555306764e49289166a48e0ad15268ff7,c8f977dec6e7513cf3784fc104578a2d4fb71ef6963130b41bd61eb85aa358dd,cac5dc4fc8ee9034,1,person,source_verified,
open-images-test-e2f08fbb35178098,open_images:test:e2f08fbb35178098,open_images,e2f08fbb35178098,,,,duplicate-a7ddb5875c43af3c999e,positive,val,images/val/open-images-test-e2f08fbb35178098.jpg,labels/val/open-images-test-e2f08fbb35178098.txt,public_v2,b80c62b4a8d5df7e940750ecf23a8626b758aaaae6533d31779f4fc1be62e309,568d1aa5c1d3179dd440b4e8c4f60ee49134e0b64afaaf580aaaf80f80e724e0,ea1da56a9c439467,4,person;truck,source_verified,
open-images-test-e39c9148606b65f0,open_images:test:e39c9148606b65f0,open_images,e39c9148606b65f0,,,,duplicate-401d4b3a0cc8c4c68fe7,positive,train,images/train/open-images-test-e39c9148606b65f0.jpg,labels/train/open-images-test-e39c9148606b65f0.txt,public_v2,af3d9d4b3ebf8873cc867acc840141a8d6a39b472b11f9b167c4747e437dad5a,8384d647ec299630fc6b10cb906a6302410733fe09037f03e1a0c12da03eb452,95678c5a63941fe8,8,person,source_verified,
open-images-test-e3f49d8d95bb4d16,open_images:test:e3f49d8d95bb4d16,open_images,e3f49d8d95bb4d16,,,,duplicate-4c6fd309234c30022154,positive,val,images/val/open-images-test-e3f49d8d95bb4d16.jpg,labels/val/open-images-test-e3f49d8d95bb4d16.txt,public_v2,a6a2b908cfaeb91b4e7709b8ce3393073649201aba7332aa54f3c90ccc324f75,79a11a645d30989a345fa2b1608cfbd124e1fbd9b81fa613701f9c9ccebf83da,bce104acf873949e,1,motorcycle,complete,
open-images-test-e4681832f4a369d5,open_images:test:e4681832f4a369d5,open_images,e4681832f4a369d5,,,,duplicate-ed24fa9fd76cd43f0f3c,positive,train,images/train/open-images-test-e4681832f4a369d5.jpg,labels/train/open-images-test-e4681832f4a369d5.txt,public_v2,b7d9c7ad2e1624d347b21145883816f2cb8546865c1458d13c22946378e63a9a,f7469d5d15cdbba29a95728501fab1edad8ab1c52d7daf50f57598df74b09061,97cb68459b2b3bc0,10,person,source_verified,
open-images-test-e46a104d69dff657,open_images:test:e46a104d69dff657,open_images,e46a104d69dff657,,,,duplicate-f39365c80d3f02c0ff7a,positive,train,images/train/open-images-test-e46a104d69dff657.jpg,labels/train/open-images-test-e46a104d69dff657.txt,public_v2,5d0f6611e8f315c3bea592ba62f31fcffeb5966a75fccf4ada9282f923860f4b,1a5fae84cbee3738d64ae1eb6c0f73b4f474ea04102c952d85acf8e230f46e32,d1b85475d822a3ed,10,car;person;truck,source_verified,
open-images-test-e4893492e59eca76,open_images:test:e4893492e59eca76,open_images,e4893492e59eca76,,,,duplicate-3aa0277c24f3ea4a6045,negative,train,images/train/open-images-test-e4893492e59eca76.jpg,,public_v2,28311083b3baf880a238b1fcf139682c969b6d179a0bc833cfe23aea50e43ad8,c6e7edb0a3dba257311515ca4157e11618c8a5e6db3465577234514cf7712a04,92cccba4856f9b64,0,,accepted_negative,
open-images-test-e4b8e82c33ee114c,open_images:test:e4b8e82c33ee114c,open_images,e4b8e82c33ee114c,,,,duplicate-d581f8fa9af881628f47,positive,train,images/train/open-images-test-e4b8e82c33ee114c.jpg,labels/train/open-images-test-e4b8e82c33ee114c.txt,public_v2,dc5ca609da45129a04ffe4b39e460d0bbd489e8edc7759ceb6e8fe876c60a0af,6ec36ce5382e47695882ed9f5a7e630cdf8c50465d22c4cbcbc2335468538018,d6473a1dc378c14d,1,car,source_verified,
open-images-test-e4c3e00be6ec34fd,open_images:test:e4c3e00be6ec34fd,open_images,e4c3e00be6ec34fd,,,,duplicate-af01af34627bd5cea142,positive,train,images/train/open-images-test-e4c3e00be6ec34fd.jpg,labels/train/open-images-test-e4c3e00be6ec34fd.txt,public_v2,10709c28e44c3367e6556c78aa36f6adc590c2a2b169f0a5021e136332e7cf02,d9d6d74f23ee61d90a5f21d97cc53b19c4f1e69001c209abcf7c98182287ea52,b670cdc9f01c39c3,2,bicycle;person,complete,
open-images-test-e4eb81af5155ec31,open_images:test:e4eb81af5155ec31,open_images,e4eb81af5155ec31,,,,duplicate-119935b869b9227927a2,positive,train,images/train/open-images-test-e4eb81af5155ec31.jpg,labels/train/open-images-test-e4eb81af5155ec31.txt,public_v2,7df8ff59c57d202023f84038838e1c53a9e56b803a5a4bbe2e0a55419f89f2f2,9d590bf87f093a72bb0647681ae265e71965fb232135e74240759d0fdf999fcb,b553b13e8fa234e0,8,car;person,source_verified,
open-images-test-e53f53504148d6d3,open_images:test:e53f53504148d6d3,open_images,e53f53504148d6d3,,,,duplicate-a5aa9ffd29691b35c670,positive,train,images/train/open-images-test-e53f53504148d6d3.jpg,labels/train/open-images-test-e53f53504148d6d3.txt,public_v2,1876242e3c531460960e4c9bb4df1830b3e23f3de8d7bf3e4863fa1d1f3bc4b6,252841c18314d1d846d3281c07f88d8866bb4c149e14acbc957ffb9718155545,f99ad2a08f59a193,2,motorcycle;person,source_verified,
open-images-test-e657d35039cd2c57,open_images:test:e657d35039cd2c57,open_images,e657d35039cd2c57,,,,duplicate-f23fb342f937defb6271,positive,val,images/val/open-images-test-e657d35039cd2c57.jpg,labels/val/open-images-test-e657d35039cd2c57.txt,public_v2,98cba40d612270279fbd4eb54732bd6f5912f7be1523b2363a8e9cd53de37b33,50dd276bb5012b3e32a764b050866d8839c4751f8a5b85640c725a4b719c46d3,a6272f5c50bf4d90,3,car,source_verified,
open-images-test-e6d3c7109cfd3b8e,open_images:test:e6d3c7109cfd3b8e,open_images,e6d3c7109cfd3b8e,,,,duplicate-ce1f5a522b7cbdf9647f,positive,train,images/train/open-images-test-e6d3c7109cfd3b8e.jpg,labels/train/open-images-test-e6d3c7109cfd3b8e.txt,public_v2,1eefcb8e0c1bdda6f8e721f492f09af0a2d046e425234f4218c934ce260698b0,9e79802799d5e80265260dca97688c6f1890476dd2e9b74e4fec431d447c1826,87a6eadbc98c1313,1,person,source_verified,
open-images-test-e6e98da24f16310e,open_images:test:e6e98da24f16310e,open_images,e6e98da24f16310e,,,,duplicate-7b751626db3f66561a89,positive,train,images/train/open-images-test-e6e98da24f16310e.jpg,labels/train/open-images-test-e6e98da24f16310e.txt,public_v2,c09a62ee9654da660dbbb331843a8e4bdf822bd976b2c29cf01891ced14644a1,a1d7dfe7bd74d6db43fa3cb68f11858d5fbea0afbc03f13f6a2c465887275760,e4f9cb47b384c071,1,truck,complete,
open-images-test-e6f9c57e14cfcd66,open_images:test:e6f9c57e14cfcd66,open_images,e6f9c57e14cfcd66,,,,duplicate-03bdc258687ee129892b,positive,train,images/train/open-images-test-e6f9c57e14cfcd66.jpg,labels/train/open-images-test-e6f9c57e14cfcd66.txt,public_v2,336582e9ab4d40a57ad48375daf06007e8b02a0d4146b0f7e61a769e361a1f43,4d6386917beecc507848fabfa5d7c672c5276c59e4bd944c9969ad60744f1aec,d1c19f2db1db84e0,1,car,source_verified,
open-images-test-e702e166acb6c39c,open_images:test:e702e166acb6c39c,open_images,e702e166acb6c39c,,,,duplicate-9aff1e2e5c8fe0bc6b31,positive,train,images/train/open-images-test-e702e166acb6c39c.jpg,labels/train/open-images-test-e702e166acb6c39c.txt,public_v2,7b3163f348e1868e986559235f7fddf0c5541a380a57b2be5b0ceade55b3626a,7ec6c5b7bb00ded81f5d610b0618e8514bd88d481f7a91feca6352b2f7131216,9991970bd1f0269f,1,truck,complete,
open-images-test-e737a5c887bb71b1,open_images:test:e737a5c887bb71b1,open_images,e737a5c887bb71b1,,,,duplicate-c3f4e8ac2952ab27a61b,positive,train,images/train/open-images-test-e737a5c887bb71b1.jpg,labels/train/open-images-test-e737a5c887bb71b1.txt,public_v2,9205fa8ec21b15705e4eb1128e4f7d2b4770f4b4dc3a4ac60da0d78cee984c8c,34faeccb03057e19c73ad50201560022d7959b79344a373ead3a9925187ff1b7,b28b8edb01377aa8,8,person,source_verified,
open-images-test-e73e9c6111a9f7d4,open_images:test:e73e9c6111a9f7d4,open_images,e73e9c6111a9f7d4,,,,duplicate-a77cbb8c77c831793a17,positive,train,images/train/open-images-test-e73e9c6111a9f7d4.jpg,labels/train/open-images-test-e73e9c6111a9f7d4.txt,public_v2,ba73a9b57e195f66c584fb9621d0314cc686881a118951ed50b234d4374d5fb1,0244d365e57942258e96e8559771900978678cf2f55e9867c53c0c2ad617e808,8881c3c7dcb63357,6,bicycle;person,source_verified,
open-images-test-e7c55ef62a8936ed,open_images:test:e7c55ef62a8936ed,open_images,e7c55ef62a8936ed,,,,duplicate-4a2137f3e1c16d5be467,positive,val,images/val/open-images-test-e7c55ef62a8936ed.jpg,labels/val/open-images-test-e7c55ef62a8936ed.txt,public_v2,d4a7d83142fa511f07fe3b067df0c61cc04921b9a7ec33123403f19ecd0a1cda,21b23cb93aafaf2836dc419345b70195e73f95e82874c030d7d485c02bc8f2f6,ae80b7aec1b7c318,2,car;truck,complete,
open-images-test-e7c9cc1dffd9d54e,open_images:test:e7c9cc1dffd9d54e,open_images,e7c9cc1dffd9d54e,,,,duplicate-32d1a9b7ceea3fea9892,positive,train,images/train/open-images-test-e7c9cc1dffd9d54e.jpg,labels/train/open-images-test-e7c9cc1dffd9d54e.txt,public_v2,9acbfd7a9c835c7221d23172644df398ad7c8960c6011c31adeecb7d3723f62a,a89c225033fa5f9f6a80213b987283583f36e77b685c486f5858324e5dadbbf7,9897c1e87c3f6170,1,person,source_verified,
open-images-test-e7e082861923cb01,open_images:test:e7e082861923cb01,open_images,e7e082861923cb01,,,,duplicate-c4a81033316924467b2f,positive,train,images/train/open-images-test-e7e082861923cb01.jpg,labels/train/open-images-test-e7e082861923cb01.txt,public_v2,0258cb2e561079c2b297aea6e889dbdfde53cc7e4e2036b87c0cc7eb3ae47b14,35bd3708f5d69b050ff063f71391baf168eff33a9a2c7cdef5fb4ae0a7b299c1,cceb2c83e00f91ed,1,truck,source_verified,
open-images-test-e900c302e3f0cd01,open_images:test:e900c302e3f0cd01,open_images,e900c302e3f0cd01,,,,duplicate-1cf35d54da2f7de69b1b,positive,val,images/val/open-images-test-e900c302e3f0cd01.jpg,labels/val/open-images-test-e900c302e3f0cd01.txt,public_v2,aa767a4eb0edaabe5d7d4dead9301e0a09f4fe3ef9c0f5c8e2098b7095996bbc,4b8054097c2ad925494c6de0b2244fd4bc0058a2dfeefc4e85f316c18cb251dc,fa92c47a93a4bcc4,1,truck,source_verified,
open-images-test-e9556849a90f0129,open_images:test:e9556849a90f0129,open_images,e9556849a90f0129,,,,duplicate-9c40aa09b4734df4bf77,positive,train,images/train/open-images-test-e9556849a90f0129.jpg,labels/train/open-images-test-e9556849a90f0129.txt,public_v2,f411d02460c68bfa86a015cdf2c2595bcc1216e61b6341dc918cd59e7a0a70f9,8b7e4ecdebf82043c061dda5ed31764db3e10147ba9279a16501065d67f9efd0,9090699cc65b373f,2,car,source_verified,
open-images-test-e983b87627aae9b1,open_images:test:e983b87627aae9b1,open_images,e983b87627aae9b1,,,,duplicate-bf502bc976bc31034d0a,positive,train,images/train/open-images-test-e983b87627aae9b1.jpg,labels/train/open-images-test-e983b87627aae9b1.txt,public_v2,a06b1aff01ea985e02536b11e0779ca1ced02648981ae37730ea24ff85063d7e,521b111d828a97c629f95128c99bd8a383567ff7c498203a33cf84719c378a5c,f0787cbe803adb90,1,bus,source_verified,
open-images-test-e98d463e02434aba,open_images:test:e98d463e02434aba,open_images,e98d463e02434aba,,,,duplicate-e877d2387c051337425b,positive,train,images/train/open-images-test-e98d463e02434aba.jpg,labels/train/open-images-test-e98d463e02434aba.txt,public_v2,5415ad0f012eb0efad8ec7de7a6f0012cfcedb2e86a7ed8e48afa551df8285e1,c7998bac88fe6c1a644412baa464d86b1b4fc76a520750ba07493e4fff5fcd2f,a3947aa1752699cb,5,bicycle;person,complete,
open-images-test-e9f0a8247f7f5394,open_images:test:e9f0a8247f7f5394,open_images,e9f0a8247f7f5394,,,,duplicate-4eb776d3b7a27897d655,positive,train,images/train/open-images-test-e9f0a8247f7f5394.jpg,labels/train/open-images-test-e9f0a8247f7f5394.txt,public_v2,d15fc21532a032bfa3e8753caad984073a64c329ce00e59434b0de85d58de27b,68f0b82b93127d0ea7f33cbc9b8488985d2dd3182d13c0a21b262c6e88de6f48,b9c1ce3eb13803d3,6,motorcycle;person,source_verified,
open-images-test-eabda055aa5afefb,open_images:test:eabda055aa5afefb,open_images,eabda055aa5afefb,,,,duplicate-8bc7aa446c0581b9871c,positive,train,images/train/open-images-test-eabda055aa5afefb.jpg,labels/train/open-images-test-eabda055aa5afefb.txt,public_v2,d25d8c59ab20f8332518bdbfb57dd699b2ab2cfc9d783f9766d6854c9a2c796d,dd9b1960dfd3aad0cf1dc6c7a03871b27c274394959d0d6306a92816176f22ba,b748e0bac90fec19,2,bicycle;person,complete,
open-images-test-ebcdbeda24bb860f,open_images:test:ebcdbeda24bb860f,open_images,ebcdbeda24bb860f,,,,duplicate-66d4ce331e61cf860c14,positive,train,images/train/open-images-test-ebcdbeda24bb860f.jpg,labels/train/open-images-test-ebcdbeda24bb860f.txt,public_v2,b5ed7bd40f26defcdb8b483d72503bbd3a4b326742506771aea55f53ac9a2772,31517a43dba1e5e789dde074c95c2d35ab09e4235836e3ef6a88fb96b1f1cf82,b4323bb5ea438599,1,person,source_verified,
open-images-test-ec2181f812537601,open_images:test:ec2181f812537601,open_images,ec2181f812537601,,,,duplicate-7ba1af12bea010f31e73,positive,train,images/train/open-images-test-ec2181f812537601.jpg,labels/train/open-images-test-ec2181f812537601.txt,public_v2,019c0280b208a5b0b357a1e24c1eda4dd64cd0e5771cac40954271a906c1bdef,0b45e7528c9c1ff85773d85ecb502e74b741f85c475d5271b781f03e8648ff11,f0caf287383187b6,2,bus,source_verified,
open-images-test-ece81fae19bbd2c4,open_images:test:ece81fae19bbd2c4,open_images,ece81fae19bbd2c4,,,,duplicate-6b2036fc3c13d3ccbff2,positive,train,images/train/open-images-test-ece81fae19bbd2c4.jpg,labels/train/open-images-test-ece81fae19bbd2c4.txt,public_v2,476d43d8438384edec1f3806e1b3c7b46c5dedb256de6e0d17dba5b4a8b1fbda,ea8990cb19eff91ab1a03471000e6abf31121537ecbe3fc3bd4c1db14169667a,db97b0188de7e141,1,truck,source_verified,
open-images-test-eceb9a84a2da901c,open_images:test:eceb9a84a2da901c,open_images,eceb9a84a2da901c,,,,duplicate-9376c31654d7ac8cca72,positive,train,images/train/open-images-test-eceb9a84a2da901c.jpg,labels/train/open-images-test-eceb9a84a2da901c.txt,public_v2,b39013ea9c3e23b9f317ac7cac1d6d01cc658ac9e869e55d27f07124f438894f,47d664a793facee9d4841c5bad9146034eb453e414c4410bdc12ae2b6e3d19d6,c9a9d71590633f43,3,person,source_verified,
open-images-test-ed44218b2b9efe99,open_images:test:ed44218b2b9efe99,open_images,ed44218b2b9efe99,,,,duplicate-e3fdc4311f54b346be32,negative,train,images/train/open-images-test-ed44218b2b9efe99.jpg,,public_v2,e2643931b12de9fb33db05a1695c6586cf41a5518c073548f6ec0d44bc1b6d12,9b2dbdff488fa15c4c020f8f70152a3d50a7bd56c5df3ac0019f9dd46fdfffd2,fd801e62a157cac7,0,,accepted_negative,
open-images-test-ed56da86a0edd212,open_images:test:ed56da86a0edd212,open_images,ed56da86a0edd212,,,,duplicate-2eb9a04684061a98a4e2,positive,train,images/train/open-images-test-ed56da86a0edd212.jpg,labels/train/open-images-test-ed56da86a0edd212.txt,public_v2,690b3c008bfc9ab3ff4c8bb51af56ad19cae5faad0e2ee7d7018e76fc0c1d88b,312105f856cbf312babb7c98b09ff7759b8856562a9d8d6faab8377933c7d63f,a494ceed89c0db59,2,person;truck,source_verified,
open-images-test-ed6fcaf2a6b2bd4a,open_images:test:ed6fcaf2a6b2bd4a,open_images,ed6fcaf2a6b2bd4a,,,,duplicate-aa282052e5d8cbb47554,positive,train,images/train/open-images-test-ed6fcaf2a6b2bd4a.jpg,labels/train/open-images-test-ed6fcaf2a6b2bd4a.txt,public_v2,f60a430c71840169ddcfdd5cbb629a38ef9a70f719ff7c45671c9c978ff4f404,c4ba81001da3ad1a8392bae26dab330705bc4ef7a333347f88c43beebffce6b2,d036ccf37aa42dc8,1,car,source_verified,
open-images-test-ee36be473caabcbc,open_images:test:ee36be473caabcbc,open_images,ee36be473caabcbc,,,,duplicate-bffc9d892bce78f52004,positive,val,images/val/open-images-test-ee36be473caabcbc.jpg,labels/val/open-images-test-ee36be473caabcbc.txt,public_v2,cfae519ef815979528f544dadd7e558457e1322bcf8f04ef14a49dccf3175c0b,d7b3c3b5f649614aacab6793205690314ede1bb1e35dce17f2d597781359b1d6,f2a0a8b7b3929571,5,car;person;truck,complete,
open-images-test-ee712a02b54a7030,open_images:test:ee712a02b54a7030,open_images,ee712a02b54a7030,,,,duplicate-c1b7b474e4262da5a878,positive,train,images/train/open-images-test-ee712a02b54a7030.jpg,labels/train/open-images-test-ee712a02b54a7030.txt,public_v2,49a8cc86f4c1d0030c66282f2bac8153d977b61839f170b07575b7a3d0815070,5b567ef54c3da4e6d78c8bcce37df121fcf84617771434470164332867bc4c5b,dafc7c7968860949,1,bus,source_verified,
open-images-test-ee7bec742318c71c,open_images:test:ee7bec742318c71c,open_images,ee7bec742318c71c,,,,duplicate-a7ad2b425b9835bc8881,positive,train,images/train/open-images-test-ee7bec742318c71c.jpg,labels/train/open-images-test-ee7bec742318c71c.txt,public_v2,cd17ee919236a2c542cd5ea8a05648041aab3a669af5071d172f7ad62f392874,ec8df7fafb74d5d696f4d424f4f0b54f2620a31050daa71cc2a5265f12ef966f,e3051c6ac3bf62d8,2,bus,complete,
open-images-test-eec14f14557a3522,open_images:test:eec14f14557a3522,open_images,eec14f14557a3522,,,,duplicate-c695d2a7c6f2a06af9f2,positive,train,images/train/open-images-test-eec14f14557a3522.jpg,labels/train/open-images-test-eec14f14557a3522.txt,public_v2,c99e3de1dd934103234d1daa5b346c3ab0a84c9d7e15817efcb59764634b6cfc,b06d849c4c82d4c75627ec807bc81d0adf879405003cf34d5b03fb394d604596,b303c90ccbde9bc8,2,motorcycle;person,source_verified,
open-images-test-ef10eb3fcf15fc58,open_images:test:ef10eb3fcf15fc58,open_images,ef10eb3fcf15fc58,,,,duplicate-1644ffef2bc47aabf732,positive,train,images/train/open-images-test-ef10eb3fcf15fc58.jpg,labels/train/open-images-test-ef10eb3fcf15fc58.txt,public_v2,f5e027761ce7c982de1189b0b4dce8d439438241d96d5c964316cf60488248bc,5a30783435b09239e37adcff236ef9538671628562ea6e4dd3c572c86d2f97d5,9e47b8d7502e319a,14,person,source_verified,
open-images-test-f03d7a001f308a87,open_images:test:f03d7a001f308a87,open_images,f03d7a001f308a87,,,,duplicate-0093c7506f72241c0480,positive,train,images/train/open-images-test-f03d7a001f308a87.jpg,labels/train/open-images-test-f03d7a001f308a87.txt,public_v2,164cab90ee16880509fc6097da4b8ddbffa543876699cf2382c9a91734576b70,95b887884f0acb66c6cb2429be217ced8edfd43cd51c531418c73cbeb2a2b300,c2231cda79d4f2c5,2,bicycle;person,complete,
open-images-test-f0814a42798b0d2e,open_images:test:f0814a42798b0d2e,open_images,f0814a42798b0d2e,,,,duplicate-2158d775935edda9780f,positive,train,images/train/open-images-test-f0814a42798b0d2e.jpg,labels/train/open-images-test-f0814a42798b0d2e.txt,public_v2,650747f9edd3cdec2f17187a043a5d485d1b9b44f98debf2bb813bd9d97f1eed,4cbad8ff65c554206c199ac9a157a4b746639f210f80563d652d43e3e834e9cb,ffa6a000ded70999,2,person,source_verified,
open-images-test-f0849ee245d3d581,open_images:test:f0849ee245d3d581,open_images,f0849ee245d3d581,,,,duplicate-9acd94256d911566e1bd,positive,train,images/train/open-images-test-f0849ee245d3d581.jpg,labels/train/open-images-test-f0849ee245d3d581.txt,public_v2,17c546d894044599df0828975df9c8dd25d3f44d4b18640d4d12f4605095cb38,9fda14cacdb23997b2bfd00c3e4957bec4c78358164aa031ebd8282fa4154d4e,b7dacc85e180654f,3,car;truck,source_verified,
open-images-test-f09eb4d4134bf51b,open_images:test:f09eb4d4134bf51b,open_images,f09eb4d4134bf51b,,,,duplicate-dcf9bcc21b5fc29401f9,positive,train,images/train/open-images-test-f09eb4d4134bf51b.jpg,labels/train/open-images-test-f09eb4d4134bf51b.txt,public_v2,8efbdd046f67618a35ad7fbee73843381b34195cd85941ada492ad3296642349,e5be88f0f1a4ad04f42a9617b8bf295b828c9225f6f71b5ddd14c9512a09d3f7,f84bd2f0e1984e4d,7,person,source_verified,
open-images-test-f0e0ec81d9665072,open_images:test:f0e0ec81d9665072,open_images,f0e0ec81d9665072,,,,duplicate-40525e614f8f04d73819,positive,train,images/train/open-images-test-f0e0ec81d9665072.jpg,labels/train/open-images-test-f0e0ec81d9665072.txt,public_v2,c290d513ff31b28b9175cf3c59294e4dd72edebd76f34347a1beb7645d43e2e8,52c78543b35ee9aa88e92fc47ba13601fe6ba84e500c5fcc91f4e016e4524efb,d0c76f989e189c95,1,car,source_verified,
open-images-test-f2336bd1c0bd8fab,open_images:test:f2336bd1c0bd8fab,open_images,f2336bd1c0bd8fab,,,,duplicate-d8ebbb5ceff5d165d423,negative,train,images/train/open-images-test-f2336bd1c0bd8fab.jpg,,public_v2,7250a85208818a0a7a1713e9e971ae476f99c99acd94287ce87a4b6d24e915b3,98d45180d0671399f13716b74eba9b5d4a2c8cddb056aa0bd8f3042125879a23,c2b661c999cd1a76,0,,accepted_negative,
open-images-test-f243d015e0c59854,open_images:test:f243d015e0c59854,open_images,f243d015e0c59854,,,,duplicate-2898568b357347f2c4df,positive,train,images/train/open-images-test-f243d015e0c59854.jpg,labels/train/open-images-test-f243d015e0c59854.txt,public_v2,069de7915d5f411733a1ed77604a2a3981ade075d9d9e9c8961017fb7f86908f,31e3f38be0656af7d4bdb516167285fc3993e4811ddbed709ca4b8ee6d085b5f,9b8fc193d260b333,2,bicycle,source_verified,
open-images-test-f26950194119272f,open_images:test:f26950194119272f,open_images,f26950194119272f,,,,duplicate-3d9a1e65fff33f4ca759,positive,train,images/train/open-images-test-f26950194119272f.jpg,labels/train/open-images-test-f26950194119272f.txt,public_v2,d2ea65ad7722eb4f71b198afe7eb39a5fceb66b9a2004f21da8514a5e94917bc,ca17a5112c9fc6920d39965f308c2e3874429e4ac71426d4d890a09a82673280,aa2f55bb52598915,1,bicycle,complete,
open-images-test-f2a6c70eeb66e2a5,open_images:test:f2a6c70eeb66e2a5,open_images,f2a6c70eeb66e2a5,,,,duplicate-9cae394b7b60df25b03b,positive,val,images/val/open-images-test-f2a6c70eeb66e2a5.jpg,labels/val/open-images-test-f2a6c70eeb66e2a5.txt,public_v2,d24a84368bbf76087125704ce2c7995e040318aaec9f96003498457472a52bc6,08ba77f68bdcfd2191cf234bef7c0c8ad90abeba4b4106a7d092cf8fe1835189,c40a1374b99b3cf3,2,bicycle,source_verified,
open-images-test-f2d16f7478978c15,open_images:test:f2d16f7478978c15,open_images,f2d16f7478978c15,,,,duplicate-8e28dec12180f92a079e,positive,train,images/train/open-images-test-f2d16f7478978c15.jpg,labels/train/open-images-test-f2d16f7478978c15.txt,public_v2,01a417902640f3249ea454ebb8ffdfe6c0fb37124a92366a1541ac91ccc7f7f8,5600c239905b7b721d63703faf568e9937b3c0a7cfe1f2698a38f7cd8b3dce39,ac43437cf8f3c28a,12,person,source_verified,
open-images-test-f35e1ee7770f6182,open_images:test:f35e1ee7770f6182,open_images,f35e1ee7770f6182,,,,duplicate-d541f28fe8a6af57e137,positive,train,images/train/open-images-test-f35e1ee7770f6182.jpg,labels/train/open-images-test-f35e1ee7770f6182.txt,public_v2,44ea00553873c3bd1a742b3f3abbf155702eb68e57a6a2adbf43981fc99fc509,1fa2cb6c918d530f71006e28ce28080c2981779cb608e4a157c12d41b0ebcdf1,9b4422d149b97eea,2,person,source_verified,
open-images-test-f35ec3ab2af3bca9,open_images:test:f35ec3ab2af3bca9,open_images,f35ec3ab2af3bca9,,,,duplicate-8d7600d44373660d2b79,positive,train,images/train/open-images-test-f35ec3ab2af3bca9.jpg,labels/train/open-images-test-f35ec3ab2af3bca9.txt,public_v2,3d4a143565af8bb5efeefd5d543b161591afbc89bf5b29492bcaf260a5383b94,fca22a35e6a1839677f84a0a192eb92554c652be2873ec6aedb0e2295cd148b3,ed9212edad345299,1,person,source_verified,
open-images-test-f36c8e366abf6307,open_images:test:f36c8e366abf6307,open_images,f36c8e366abf6307,,,,duplicate-783724f00d1b6a6cb20b,negative,train,images/train/open-images-test-f36c8e366abf6307.jpg,,public_v2,da0e6aca73a065e5b0c5312431b8f7bdc047a26ae0701c77729a805e96438677,c226f4cef1f7c9f8ca6bac12843a6a5013f2534534d5a3c3f256bafeb81bbf90,eca6b006c7daa6b4,0,,accepted_negative,
open-images-test-f380cc92972c6b4c,open_images:test:f380cc92972c6b4c,open_images,f380cc92972c6b4c,,,,duplicate-474c7bda4b3a5aa9649f,positive,train,images/train/open-images-test-f380cc92972c6b4c.jpg,labels/train/open-images-test-f380cc92972c6b4c.txt,public_v2,c63f40b9f4785b019f11f74828e6393ca180da78afc1678e0597f84a7cfdbf85,1cbcaa29ed66c609206599e5d44c5531edcdbfb25bbd44a6672c15d36261aefc,ff19903debc22648,3,car;truck,source_verified,
open-images-test-f454deb2315563f9,open_images:test:f454deb2315563f9,open_images,f454deb2315563f9,,,,duplicate-4409e2ab8ab48593252f,positive,train,images/train/open-images-test-f454deb2315563f9.jpg,labels/train/open-images-test-f454deb2315563f9.txt,public_v2,2a388f1161e98b579802b2cc365b5edbf66d8af60275416d834485676f6abced,686c165af5d00a59b7b71a791a66a51bbd4036e434477ccee9597d4081a643b2,acaa6a6e83b3344e,1,truck,source_verified,
open-images-test-f45656efecce1608,open_images:test:f45656efecce1608,open_images,f45656efecce1608,,,,duplicate-9a8b1fee7a3bfdda12f5,positive,train,images/train/open-images-test-f45656efecce1608.jpg,labels/train/open-images-test-f45656efecce1608.txt,public_v2,e503a9e3006e72f91a648c6bf2ffc390d4364e8168f4a62a18778a7cd85626a1,05b80de39e1570464b6983f9aff9a22c61661e35f21b22c4ada362dd1fa57198,eed0912b839cec1b,1,truck,source_verified,
open-images-test-f541f9f041ef36a4,open_images:test:f541f9f041ef36a4,open_images,f541f9f041ef36a4,,,,duplicate-1de814259c7407df2271,positive,train,images/train/open-images-test-f541f9f041ef36a4.jpg,labels/train/open-images-test-f541f9f041ef36a4.txt,public_v2,be5b8eefc6a2273af5794fd9079dfc8e6afca3b72a5ccd6a81d2bef2d2afd10a,18f205d1ddb34a341e29b72d239c3e5774f898b76b83d85079fbdc98a329e247,e298928692bacbf9,7,bicycle;person,source_verified,
open-images-test-f56342dac08b4264,open_images:test:f56342dac08b4264,open_images,f56342dac08b4264,,,,duplicate-7db0b5a03194bd5fb59f,positive,train,images/train/open-images-test-f56342dac08b4264.jpg,labels/train/open-images-test-f56342dac08b4264.txt,public_v2,5068f4534945c572713243747b10738feeaf5dec4ec0511e45d2efe010454dc4,d71d13bc4852f96e78120a83f91f91d22415e0a14cdf58da3765989cc979fc3e,b4872b287465fc8e,2,motorcycle;person,source_verified,
open-images-test-f67f890746226227,open_images:test:f67f890746226227,open_images,f67f890746226227,,,,duplicate-670874acbd073cf97340,positive,train,images/train/open-images-test-f67f890746226227.jpg,labels/train/open-images-test-f67f890746226227.txt,public_v2,8c507a252bb9062c9bc5667d21a68e56c0e39b4899093675b3e1e9c77f2dcb99,30bd08821dd60acfda5653f9f08adc64778e6ea796a0467e0e6467e093ed3537,d28979d2b8f025d9,7,car;person;truck,source_verified,
open-images-test-f71af47a24eaedab,open_images:test:f71af47a24eaedab,open_images,f71af47a24eaedab,,,,duplicate-02558beef358fd8699ec,positive,train,images/train/open-images-test-f71af47a24eaedab.jpg,labels/train/open-images-test-f71af47a24eaedab.txt,public_v2,d2bc88e538f9b50ae3fe8d3f005e2e3549ac0cd121531f16fbb74de5c92ded91,f829da6a75278f9278513fc37bb72099a989f6aa6f38d92230cefc438b406a61,cc9692b3b4acc372,1,person,source_verified,
open-images-test-f7494b72f41d0e8c,open_images:test:f7494b72f41d0e8c,open_images,f7494b72f41d0e8c,,,,duplicate-609e41e574b336fd5209,positive,train,images/train/open-images-test-f7494b72f41d0e8c.jpg,labels/train/open-images-test-f7494b72f41d0e8c.txt,public_v2,19c62c5d30e4b7c6ea380a06b84a96b80c4185c4456af62dbe0b5178587ddef4,b00099682498faf8344c326bf2bd8f7b47b9515fdb883c675fcfeb09eae264b4,b7368c097376664c,1,person,source_verified,
open-images-test-f7695d0da914b2c2,open_images:test:f7695d0da914b2c2,open_images,f7695d0da914b2c2,,,,duplicate-f2d3749f4ac43770bbb0,positive,train,images/train/open-images-test-f7695d0da914b2c2.jpg,labels/train/open-images-test-f7695d0da914b2c2.txt,public_v2,0c9e8ce20cbe0e9b46dbf2e3d9480de93a60479ec07d647e360273072737786a,a5f6f1815524b5d972066c7b5a78562299ec1e177d8326a3b6a0602ba8bd96ed,959a216869d56e67,3,motorcycle,source_verified,
open-images-test-f77e9b5f096b5ab5,open_images:test:f77e9b5f096b5ab5,open_images,f77e9b5f096b5ab5,,,,duplicate-6739099ff5bb5f8c23c8,positive,val,images/val/open-images-test-f77e9b5f096b5ab5.jpg,labels/val/open-images-test-f77e9b5f096b5ab5.txt,public_v2,4bdba250605f8d01dff4beeac1a72fd9dc756eec5f97de07f9838290d9ac5ef4,a9fb82cf294d6c0501772dada99967f0a210204cf8682eaf17af63b2682b2216,c891454999f5b95e,4,car;truck,source_verified,
open-images-test-f797aa4df3fc044a,open_images:test:f797aa4df3fc044a,open_images,f797aa4df3fc044a,,,,duplicate-1be75bc46e366af65839,positive,train,images/train/open-images-test-f797aa4df3fc044a.jpg,labels/train/open-images-test-f797aa4df3fc044a.txt,public_v2,df9f3c74593a91baed1de93bc4d9a319ef8d160de7cd18507852d3cdbad7f416,f074d7f6ed9d7f3950ade2759bf95e6c6166328d52dbe97c03f7011f078f9fac,bad2c5c73279d0a4,1,bus,source_verified,
open-images-test-f7c99bcb46b3b43b,open_images:test:f7c99bcb46b3b43b,open_images,f7c99bcb46b3b43b,,,,duplicate-5ff23963ef6f3d43b3ec,negative,train,images/train/open-images-test-f7c99bcb46b3b43b.jpg,,public_v2,12f79dff23f485f2a53a03b924d0ecc5490e3e2d62bab80f351bccded5e51c3d,85c0d963bd2f6c6bb84a786491ddb5a2994b496a3f091af3069252132c26ec25,97df5aa2206264bd,0,,accepted_negative,
open-images-test-f7d0a47b8ce69bf6,open_images:test:f7d0a47b8ce69bf6,open_images,f7d0a47b8ce69bf6,,,,duplicate-6bba071f855fe4e7a128,positive,train,images/train/open-images-test-f7d0a47b8ce69bf6.jpg,labels/train/open-images-test-f7d0a47b8ce69bf6.txt,public_v2,79f213500b4084adf2a3a179094f7b693a40011e2bc9fd2c0532d0208dbe0722,cde5f280be88b364c31a7e7df2648784627f3e59cedd70ac06c728d8254fe2fe,e3d800e1de92e29f,2,person;truck,source_verified,
open-images-test-f80a488d17c09d0f,open_images:test:f80a488d17c09d0f,open_images,f80a488d17c09d0f,,,,duplicate-29d2eac96cd9a2a1c6f3,positive,train,images/train/open-images-test-f80a488d17c09d0f.jpg,labels/train/open-images-test-f80a488d17c09d0f.txt,public_v2,ea4b4ffdb48142b1e9e8904726df6eb2bd4d96469f64af8b75492878bf14e9cc,280525ab1890790c8aba9c4fefd0e2eed61357c2fb884fd97115364ab74925f3,ace0a671b136d65a,2,bus,source_verified,
open-images-test-f810215ddca0ea69,open_images:test:f810215ddca0ea69,open_images,f810215ddca0ea69,,,,duplicate-8f4eef624372ebeeb214,positive,val,images/val/open-images-test-f810215ddca0ea69.jpg,labels/val/open-images-test-f810215ddca0ea69.txt,public_v2,2c4eba34abe20ff3fc67420146f4d5755db5bc8ce9611fa14f6b861fd9f4629b,2a244ab0ab24194ca6c52027814ae2990d376d797b470e8ea104753722282f4a,a62cb75658e20d6d,2,motorcycle;person,complete,
open-images-test-f831c14d9d21633d,open_images:test:f831c14d9d21633d,open_images,f831c14d9d21633d,,,,duplicate-c983bcf2054dbdb46d1f,positive,train,images/train/open-images-test-f831c14d9d21633d.jpg,labels/train/open-images-test-f831c14d9d21633d.txt,public_v2,133bce61e827e90bc1ddda6a6645bb468c9f665f7a29cebb01530ae7974f4dfa,0d50fd14cd539cbe592726b94ec802002da25d623dd869bfde3375ef27504c0e,b2c56d1b946f813c,1,car,source_verified,
open-images-test-f89668cb02c24a98,open_images:test:f89668cb02c24a98,open_images,f89668cb02c24a98,,,,duplicate-588892772b9add42e95d,positive,train,images/train/open-images-test-f89668cb02c24a98.jpg,labels/train/open-images-test-f89668cb02c24a98.txt,public_v2,6efda9f3e3e4f835b9b49539ac19e6eceb7fb20598ef1134ee70ec97ea2df57e,7a3ae4b22d73372d6b902d5fd67e6ed558cb39147acbf32b9659d80635d118a4,a98eea600f5529f5,1,person,source_verified,
open-images-test-f8ab8d5ad63c67fd,open_images:test:f8ab8d5ad63c67fd,open_images,f8ab8d5ad63c67fd,,,,duplicate-54c40bd71a9f7240e0be,positive,train,images/train/open-images-test-f8ab8d5ad63c67fd.jpg,labels/train/open-images-test-f8ab8d5ad63c67fd.txt,public_v2,74643d51e56a88d28ef22e22fec8a01efbf81aae8418b380c6c27b72b10ce285,3745a1966233e5c7fc5a46416457bc84c08c91b56bb3f813bdfb0bfc66cda482,9891387292ce6bfc,2,car,source_verified,
open-images-test-f8e960abc0189b8e,open_images:test:f8e960abc0189b8e,open_images,f8e960abc0189b8e,,,,duplicate-d953aa5d6d6f1172a0df,positive,train,images/train/open-images-test-f8e960abc0189b8e.jpg,labels/train/open-images-test-f8e960abc0189b8e.txt,public_v2,6348ad6cb1034e4c3e5b63c9b7f5c2d8a574d9858e4a64333fe68a4c0caae00e,1fbacaf24b26601cf0ae08931b246f7a69f178294e7daf96cc48f44e3e74573d,9a887b0cd23fc8b5,2,person;truck,source_verified,
open-images-test-f97a214a3be9a190,open_images:test:f97a214a3be9a190,open_images,f97a214a3be9a190,,,,duplicate-52ce7716f594f39095c2,positive,train,images/train/open-images-test-f97a214a3be9a190.jpg,labels/train/open-images-test-f97a214a3be9a190.txt,public_v2,da632f5ef3c3aabcc282bd8d2f9beb0ef011737cd6e0933e817a45d9788c57e5,d934eac894230f5279d02358341dd1ec8ca1069a7a6faf4f5804375da453180b,eed4e119803fc7b0,2,person;truck,source_verified,
open-images-test-f9b086098f16ac8f,open_images:test:f9b086098f16ac8f,open_images,f9b086098f16ac8f,,,,duplicate-d48e03f15f0baea77158,positive,train,images/train/open-images-test-f9b086098f16ac8f.jpg,labels/train/open-images-test-f9b086098f16ac8f.txt,public_v2,e79451f0e307133454668b03298332167714b3ee4c827ffb6b1a17ba878620d2,622d8eab677527d52c7eca9ad84b0977516b73f32add464b0e7c7d86e9a10382,864ea773b1693ea0,1,person,source_verified,
open-images-test-f9fa4a7c9f5c7b9e,open_images:test:f9fa4a7c9f5c7b9e,open_images,f9fa4a7c9f5c7b9e,,,,duplicate-f46899243f635e0fbc89,positive,train,images/train/open-images-test-f9fa4a7c9f5c7b9e.jpg,labels/train/open-images-test-f9fa4a7c9f5c7b9e.txt,public_v2,4d17fc29d153f0811935ff5516e84fdf036aa15bab85809ec637761d5ed7429e,06569114a3e7705ecaf0edbba2f8427e5dbb86b0a816f8cd1edaff1f30202010,9a546f2aacf1151e,3,bicycle,complete,
open-images-test-fa98fc47da0ba46c,open_images:test:fa98fc47da0ba46c,open_images,fa98fc47da0ba46c,,,,duplicate-e9be698dba9766c51241,positive,train,images/train/open-images-test-fa98fc47da0ba46c.jpg,labels/train/open-images-test-fa98fc47da0ba46c.txt,public_v2,9cba5106334207af0bcda9169e70f5f349a2513e4e9a3d9681cc96a6f13e550a,c8f37f64a3cf86184abe129012a579b58ee899bc8bb8501b14d614e512200548,d28d5d5b33560cc9,2,bicycle;person,complete,
open-images-test-fad0f2d0cc1f6fd7,open_images:test:fad0f2d0cc1f6fd7,open_images,fad0f2d0cc1f6fd7,,,,duplicate-1f538856303fd76b7066,positive,val,images/val/open-images-test-fad0f2d0cc1f6fd7.jpg,labels/val/open-images-test-fad0f2d0cc1f6fd7.txt,public_v2,ea17a838a7a32fa4d47c85a291bd0de3d967a946fddd9f0810214aa875aaeb10,6c6f0275bc5214b4b58e253a09c5740cebc13b7552e9bf4af2dc09a1b05b6f7c,f798b957c22c5611,8,bus;person,complete,
open-images-test-faea355a3d40059e,open_images:test:faea355a3d40059e,open_images,faea355a3d40059e,,,,duplicate-3e5c4cf3e2267cba1eaf,positive,train,images/train/open-images-test-faea355a3d40059e.jpg,labels/train/open-images-test-faea355a3d40059e.txt,public_v2,8d87401eefb22bad5a8f957b8265c7bc60cdc19155354f1102f7f9012bcdfa2e,ee2b303829040b385f598fa232b9ac44f2a207fbd0750d3954af230d78a439da,f5acb6f063914b41,2,bicycle;person,complete,
open-images-test-fb153d5f1bd2c44b,open_images:test:fb153d5f1bd2c44b,open_images,fb153d5f1bd2c44b,,,,duplicate-349bf874dd920a857425,positive,train,images/train/open-images-test-fb153d5f1bd2c44b.jpg,labels/train/open-images-test-fb153d5f1bd2c44b.txt,public_v2,b74bf8bd2d36e9b1da5ee7bbe055330d39ca3cbd4dc5bb01ef2172341ff05299,47984545fbcc9382bbba717df7123b4d26dcf48d7ff298b54f9eaed2b77672cc,81c382b6e0c95fee,2,car,source_verified,
open-images-test-fb443d1acfb44539,open_images:test:fb443d1acfb44539,open_images,fb443d1acfb44539,,,,duplicate-4bf6db300e3d4cd323c2,positive,train,images/train/open-images-test-fb443d1acfb44539.jpg,labels/train/open-images-test-fb443d1acfb44539.txt,public_v2,cb5c38b2f573e712c90ef6c43e5a40e5b6b0a3a4b8925827362407dc43abf17f,462173170bfaba9286121ca5d0c3c7936cfea261f35d87440e94bb81e6fe1d22,c88ae30e9ef3e0c5,1,person,source_verified,
open-images-test-fb6a1356b146fa2e,open_images:test:fb6a1356b146fa2e,open_images,fb6a1356b146fa2e,,,,duplicate-a918eb15db15a906b7c0,positive,train,images/train/open-images-test-fb6a1356b146fa2e.jpg,labels/train/open-images-test-fb6a1356b146fa2e.txt,public_v2,b13b25c1d7ea41481156e2f550938ff0827e5d51319eb43c8b0f8e9f523fc92d,0414ceb4e2aa2e94277bb2ea66e8e025eeca664aabd01993b1f861c549b15cba,9cdc99d8139a5ea4,23,person,source_verified,
open-images-test-fb94fd05f122a70c,open_images:test:fb94fd05f122a70c,open_images,fb94fd05f122a70c,,,,duplicate-170d83a5959ccbe8739a,positive,train,images/train/open-images-test-fb94fd05f122a70c.jpg,labels/train/open-images-test-fb94fd05f122a70c.txt,public_v2,682c97691d8adcdc82ca453c0491406458d757d92cedf5bf00262c6bffee3a9d,0cb910fef1eec198b808e71c2938e1def3e79b674f42fb0bd06d25eb21ca1092,d555b4a9c5d4686a,4,car;person,source_verified,
open-images-test-fc0baf7a84197176,open_images:test:fc0baf7a84197176,open_images,fc0baf7a84197176,,,,duplicate-47b767e702fe4fc16532,positive,val,images/val/open-images-test-fc0baf7a84197176.jpg,labels/val/open-images-test-fc0baf7a84197176.txt,public_v2,652b8f104715c8bf24d13d960dca344b844c6cb834be3fefc416bcca8f020ecf,b43e845ac3244fd99a147d888bc3731b487b9efae1903a2056196f4dc1977f54,e4db13468c3769d8,1,person,source_verified,
open-images-test-fc0cc7f41596375b,open_images:test:fc0cc7f41596375b,open_images,fc0cc7f41596375b,,,,duplicate-3466a6d48e69a4ac8a9c,positive,train,images/train/open-images-test-fc0cc7f41596375b.jpg,labels/train/open-images-test-fc0cc7f41596375b.txt,public_v2,3d2c04179369376c55b148503da24fbabec406f1f0476778657e3f43a3f0041b,058c164b0ef3a1481b3ada1918085edff132d1a463fa93cda10fa08a62ad6370,8a8aed3dc6982d4b,2,bus;car,source_verified,
open-images-test-fc0ef74667727e07,open_images:test:fc0ef74667727e07,open_images,fc0ef74667727e07,,,,duplicate-dee5d9a66d50547dfd37,positive,train,images/train/open-images-test-fc0ef74667727e07.jpg,labels/train/open-images-test-fc0ef74667727e07.txt,public_v2,b156d03f676bb67354063c0b715839d44d717f33d69c3b6ed7a8eecb04e7144f,b61ea3bd1f2739b1778a0c8fb17ee6d8ce66a7d0f9d7dd03f518a0bb742619c0,91816b4def62e632,4,bus;car;person,complete,
open-images-test-fc7d96c5df665e6d,open_images:test:fc7d96c5df665e6d,open_images,fc7d96c5df665e6d,,,,duplicate-f45b354306726c673e08,positive,train,images/train/open-images-test-fc7d96c5df665e6d.jpg,labels/train/open-images-test-fc7d96c5df665e6d.txt,public_v2,c84ef73a5b8119d40ebf3429962f74cb0bc39052b75bee918fe8a29ca920882a,840b1c72541ac4c9a75acf1b6c05186d294fbacfff266d7c84ec55d2f7aab0dc,b0a72fd8657e8425,1,truck,source_verified,
open-images-test-fd11876f083ef48c,open_images:test:fd11876f083ef48c,open_images,fd11876f083ef48c,,,,duplicate-16fad54529fca9ed9248,positive,train,images/train/open-images-test-fd11876f083ef48c.jpg,labels/train/open-images-test-fd11876f083ef48c.txt,public_v2,fb9b45ab430d11395dff3c3f61fc6c6ba140643415d182a9466fc7585d01355c,40c72d74219242d2600938148b474d1fc59c43f85acf96ea3f0824147f3dd331,868639bbcfc7e030,2,person,source_verified,
open-images-test-fd4e853348667bb0,open_images:test:fd4e853348667bb0,open_images,fd4e853348667bb0,,,,duplicate-b01bb7125c8b1fe6d013,positive,val,images/val/open-images-test-fd4e853348667bb0.jpg,labels/val/open-images-test-fd4e853348667bb0.txt,public_v2,6f041873711c68b9ff7c83a0e2d6de3dc5c2e3df366656a31801dc1f3e6acaf8,a01988a5f1b14e9d72e5dd724f2177740f62e0999a113a2fdca052138ba1b2e7,9878e02041e7fb7b,6,motorcycle;person,complete,
open-images-test-fe1525d465e40fc8,open_images:test:fe1525d465e40fc8,open_images,fe1525d465e40fc8,,,,duplicate-4cd5ada5f26ed8b15e0e,positive,train,images/train/open-images-test-fe1525d465e40fc8.jpg,labels/train/open-images-test-fe1525d465e40fc8.txt,public_v2,b8aad1654bdc0070a0521c04287d41bda4308da210082e75325ce6ca74f64416,ef96559387b11f0a870f6d253fcc0dab8df284ea023a28d990ebf519a1234d37,ea0b8b75993d911a,1,bicycle,source_verified,
open-images-test-fe74a5792cdbd530,open_images:test:fe74a5792cdbd530,open_images,fe74a5792cdbd530,,,,duplicate-072eee4dba926209d31e,positive,train,images/train/open-images-test-fe74a5792cdbd530.jpg,labels/train/open-images-test-fe74a5792cdbd530.txt,public_v2,ed9ee25de0d0960eaf95b509d6bbf22ad5956ea7b85436a96907f26559cdb90a,9ce80be674cd91866d3ae104a198e201393663325ac152d5240a869e3e5a1c06,d4d515f33afe2088,34,person,source_verified,
open-images-test-fe7ad17b7d0766f8,open_images:test:fe7ad17b7d0766f8,open_images,fe7ad17b7d0766f8,,,,duplicate-1b7dbb0bfc5454aaecd4,positive,train,images/train/open-images-test-fe7ad17b7d0766f8.jpg,labels/train/open-images-test-fe7ad17b7d0766f8.txt,public_v2,af717dbe0126beeb1386248f49b6ab0e6fd1524bda6472cc863e45495738007b,40720836cd8eeb129ed3574edd2e6026ede8f3e20de8abda675ba67c4b5701c7,96616b976ac27178,4,person,source_verified,
open-images-test-feecb94338fe3dc8,open_images:test:feecb94338fe3dc8,open_images,feecb94338fe3dc8,,,,duplicate-f72ffe7ee4f0e16170ad,positive,train,images/train/open-images-test-feecb94338fe3dc8.jpg,labels/train/open-images-test-feecb94338fe3dc8.txt,public_v2,38b4f6c5ab969405e2054f96c0e43b22f77d8d90343f6c6877eeecd2b67fea66,bf737e3415f52739aab4173305104b4a9c45d1ad84af8c61650cf7b39047178d,fe235c3711cc0be1,2,bicycle;person,complete,
open-images-test-ffad3bc70c7f51f8,open_images:test:ffad3bc70c7f51f8,open_images,ffad3bc70c7f51f8,,,,duplicate-fc550d8b68da5eb24a65,positive,train,images/train/open-images-test-ffad3bc70c7f51f8.jpg,labels/train/open-images-test-ffad3bc70c7f51f8.txt,public_v2,82e61d4abdb1ba5b3971e147a0df0c0c77ba571754e9579639b3af732b4f6344,7ea5b6bef7ba1e1731680d43899f7ef1b71fd5de77e65207c8b9d6e5d4155868,d2e921f6ed191664,2,person,source_verified,
open-images-test-ffe3c978a2f27cd9,open_images:test:ffe3c978a2f27cd9,open_images,ffe3c978a2f27cd9,,,,duplicate-a9ba4f891ea42f10f592,positive,train,images/train/open-images-test-ffe3c978a2f27cd9.jpg,labels/train/open-images-test-ffe3c978a2f27cd9.txt,public_v2,7cb9f5e54d23ad4b343f72bbfdd87fe85ed112cbe97c50c1878e2b10f3fd29b1,9b68b94fcabb00c3d46564b4716164b0ce8e668fb44988fe7350ede738bad212,a3e1ec281b3f6247,1,truck,source_verified,
open-images-test-ffe5ee5d81d1cb9b,open_images:test:ffe5ee5d81d1cb9b,open_images,ffe5ee5d81d1cb9b,,,,duplicate-b7f6404ce7ae1cc8a5ba,positive,train,images/train/open-images-test-ffe5ee5d81d1cb9b.jpg,labels/train/open-images-test-ffe5ee5d81d1cb9b.txt,public_v2,7023dc683b40f6ceb47d0b5c3f40b641e71a42a15f1f992316a6b61290878193,8e3d6544438f0cbf1dcd5377c72a93c0c52a3f5fa776b45216b16bbe32623ff7,90ba6ac9d23e69c3,1,truck,source_verified,
open-images-validation-002f8241bd829022,open_images:validation:002f8241bd829022,open_images,002f8241bd829022,,,,duplicate-9f730aef0f97bc943a7b,positive,train,images/train/open-images-validation-002f8241bd829022.jpg,labels/train/open-images-validation-002f8241bd829022.txt,public_v2,608ef16a0ef93ae9cfe9d2104df3410fab38425b397df843f402108d0d4c59b7,ff6db1e9532dcd899b0392660af5da9f53406d1b92610a3fbc4cc1341d2f6514,f10b0fd609e1329f,2,bus,complete,
open-images-validation-02717d30304f4849,open_images:validation:02717d30304f4849,open_images,02717d30304f4849,,,,duplicate-dc5e684869cee7a7d673,positive,val,images/val/open-images-validation-02717d30304f4849.jpg,labels/val/open-images-validation-02717d30304f4849.txt,public_v2,ed6ed6e363b162270060c36d4b431259fecc31f3d018355b112c85bb93ca2a93,74f0586f215a7415ae43673cdec417dc8077764491095d24dffc7e0e7dc591b4,faecc0aa3e145578,7,bus;person,source_verified,
open-images-validation-04b1367c2c475c5a,open_images:validation:04b1367c2c475c5a,open_images,04b1367c2c475c5a,,,,duplicate-ef65376d5e0c15f2a234,positive,train,images/train/open-images-validation-04b1367c2c475c5a.jpg,labels/train/open-images-validation-04b1367c2c475c5a.txt,public_v2,eef23b23f79dd3e59843700a63b62226765ee5e05c29e6344da47b03088f3d2b,19c07902c354b12d267b43dbef37604f8a549a564bbc90cf479ca2c0da4afdf5,dfd4ca62c335c09c,1,person,source_verified,
open-images-validation-04c9d21d307621e7,open_images:validation:04c9d21d307621e7,open_images,04c9d21d307621e7,,,,duplicate-02fa0cc6b318d1cd7633,positive,train,images/train/open-images-validation-04c9d21d307621e7.jpg,labels/train/open-images-validation-04c9d21d307621e7.txt,public_v2,ef4788752f8070a3abf642bfe5ca798d227802b81126f85d505e0dadc1b52c32,236cb710d61aa793e8e06afc6b8b14159c6d97069b0024d6c018f5d35681801c,c147ae32d59d3ac1,1,bus,complete,
open-images-validation-0501cc6b559cc711,open_images:validation:0501cc6b559cc711,open_images,0501cc6b559cc711,,,,duplicate-0cc3ad20c1ba8faf486e,positive,train,images/train/open-images-validation-0501cc6b559cc711.jpg,labels/train/open-images-validation-0501cc6b559cc711.txt,public_v2,0dee7fe5464a1c6ee5dbb013890b45ed7f283b71f1d76d85557f2426c2326845,76f4b5df6963980f03ba9a8c6ade406ae73172d5425294645d84af1f1a839377,cfcccc8bf17124e0,10,bicycle;person,source_verified,
open-images-validation-05efcfa6edaf57d2,open_images:validation:05efcfa6edaf57d2,open_images,05efcfa6edaf57d2,,,,duplicate-b53e2529d7eb52761922,positive,train,images/train/open-images-validation-05efcfa6edaf57d2.jpg,labels/train/open-images-validation-05efcfa6edaf57d2.txt,public_v2,0b177a50ca0c6f3651072f52dbebd181961a30d623ae0d95d87b4215ee24593a,60cf9ccbe0269622bb2076d27dba97d571b3c035db23639e0660ff6ea93916dc,9c9c9eeba69e3084,3,person,source_verified,
open-images-validation-0638322e644186a1,open_images:validation:0638322e644186a1,open_images,0638322e644186a1,,,,duplicate-3685615c949434809321,positive,train,images/train/open-images-validation-0638322e644186a1.jpg,labels/train/open-images-validation-0638322e644186a1.txt,public_v2,7dc6fbb700cb0a58e7585ec8a7e65620be0c01a5688c96d5664cfa8db8604b72,c8034726cd54eac697fc947a71d646af62034da1c26a33aba0908ec4d2fb421c,929393c585ec6cec,6,person,source_verified,
open-images-validation-0677add58ddae629,open_images:validation:0677add58ddae629,open_images,0677add58ddae629,,,,duplicate-b8a1e7ac46dbb4c0e8f1,positive,train,images/train/open-images-validation-0677add58ddae629.jpg,labels/train/open-images-validation-0677add58ddae629.txt,public_v2,a6acc312f06526638914739e29624432e3c3913e179337a3107ad4e9f9128bfa,de5ee8288c56540f663fd97bc12fd662676b08dd7a6f430f0b12001df7b22ba5,aa82b46bb529aa3e,1,car,source_verified,
open-images-validation-0792f8e4934b5cc0,open_images:validation:0792f8e4934b5cc0,open_images,0792f8e4934b5cc0,,,,duplicate-8b11afcffd2b6f89925f,positive,train,images/train/open-images-validation-0792f8e4934b5cc0.jpg,labels/train/open-images-validation-0792f8e4934b5cc0.txt,public_v2,85db38b9f77224bb0fec8f3b23ffb58c6a7678c282d509f10c4e87a4246fa122,ca442283a803bd43a28de90102bfcca7cddc2f3d80d92c8e304bc0cf76056b2b,9950af6470bbe05b,1,bicycle,complete,
open-images-validation-080e040bf87a3652,open_images:validation:080e040bf87a3652,open_images,080e040bf87a3652,,,,duplicate-0e1b0a368e682f149204,positive,train,images/train/open-images-validation-080e040bf87a3652.jpg,labels/train/open-images-validation-080e040bf87a3652.txt,public_v2,f88936a8ee11602665a6e0a2d91135da5c29cb2a0021be8292eb0b5ccd807697,1a93b1ea013cc7eba687f8a23b8580c4f030dc0d702607e1784091cd4b928f76,ff56e11e4701298b,2,car;truck,source_verified,
open-images-validation-083b651122889187,open_images:validation:083b651122889187,open_images,083b651122889187,,,,duplicate-8fb31794c9ecc7a81392,positive,train,images/train/open-images-validation-083b651122889187.jpg,labels/train/open-images-validation-083b651122889187.txt,public_v2,6d5108800ad4a66010cd15f4ab0ac717e6deca5a5dc9742b4b8b29fa14968893,60ff9f450adfe715bdf35a1183b3babc5d989936637a4fb0c81eb9af53fb8a9a,9ea261c63a9ed62c,2,person,source_verified,
open-images-validation-08e6f708d738737c,open_images:validation:08e6f708d738737c,open_images,08e6f708d738737c,,,,duplicate-68ac8fb8810088500627,positive,val,images/val/open-images-validation-08e6f708d738737c.jpg,labels/val/open-images-validation-08e6f708d738737c.txt,public_v2,5e54340fe0ae3b7572889cc55ff866d7980d476797589f06925fd651b2f3f503,147d99e3e9424b0222462cb7c8020c5308a89b059c437b2859f90d0e95463e62,cbcc6c3036379363,1,person,source_verified,
open-images-validation-0a7d56b2fb989fe8,open_images:validation:0a7d56b2fb989fe8,open_images,0a7d56b2fb989fe8,,,,duplicate-66f311cab5a82fe98561,positive,train,images/train/open-images-validation-0a7d56b2fb989fe8.jpg,labels/train/open-images-validation-0a7d56b2fb989fe8.txt,public_v2,6b03382b9fbb98af7d3911fcc18efaf5fa5f8cc9d0fc277d0a1d081655b5e394,d4ba1455f587f35edac6347310b81a69053f549476f54d4ff40e33d803e2d136,99942636b7959d94,1,person,source_verified,
open-images-validation-0c08c1a56daae22a,open_images:validation:0c08c1a56daae22a,open_images,0c08c1a56daae22a,,,,duplicate-09cf8db6fedd5cc11559,positive,train,images/train/open-images-validation-0c08c1a56daae22a.jpg,labels/train/open-images-validation-0c08c1a56daae22a.txt,public_v2,8ef081717cfff9186bd4798821d17584abe20637cfb11db0a9e2dcbbd9cc02eb,d35fbbf03ed3cd983bf722172f9d920591a002b8ecec91456161c43d7bc68155,ff156036e4648e35,5,motorcycle;person,source_verified,
open-images-validation-0d21f579a27f72a9,open_images:validation:0d21f579a27f72a9,open_images,0d21f579a27f72a9,,,,duplicate-7a30089c74f2dce5f879,positive,train,images/train/open-images-validation-0d21f579a27f72a9.jpg,labels/train/open-images-validation-0d21f579a27f72a9.txt,public_v2,d4f635dd4bdbc0f3605bb681bbf3efa6e0f3b3247a58b996be6241ddb9bdc1cf,cdd865f72527bde24f94902ecd0528fd07d8786b1d328ecb9a8706ff4fbcf8f1,d9077ac22a194fba,7,person;truck,source_verified,
open-images-validation-0d39d3a30a430a74,open_images:validation:0d39d3a30a430a74,open_images,0d39d3a30a430a74,,,,duplicate-a4fdc583de0ca2a691bc,positive,train,images/train/open-images-validation-0d39d3a30a430a74.jpg,labels/train/open-images-validation-0d39d3a30a430a74.txt,public_v2,c36fdf677e0db014a70d2f989ac6cb71ebb159bfd3a8e30f1c694d63cbafeb00,057d2fd2cf3062ef52fe92ec6b380309f3937e7f6775ac23e766439410e78acd,97c0fc33906cc337,6,car,source_verified,
open-images-validation-0de22ef51a38c275,open_images:validation:0de22ef51a38c275,open_images,0de22ef51a38c275,,,,duplicate-cd0540a1402259700db8,positive,val,images/val/open-images-validation-0de22ef51a38c275.jpg,labels/val/open-images-validation-0de22ef51a38c275.txt,public_v2,7fe188302721cc4b8444355b6eedb9b41e75f9db5566b9220a18c900a1ce2d08,b424b9a4f26b3841157357fea111b6ab0e0b102448ad18953422c108eb073be2,8cdd86a3f324f0e8,9,car;person,source_verified,
open-images-validation-0f2358e793950ca0,open_images:validation:0f2358e793950ca0,open_images,0f2358e793950ca0,,,,duplicate-e99058604ffcacf7458b,positive,train,images/train/open-images-validation-0f2358e793950ca0.jpg,labels/train/open-images-validation-0f2358e793950ca0.txt,public_v2,33eba50549c6825d6e11713d3566a2dfeed7b9dd46ddcc4c3d95e959641c4a5d,75d524f48f2384f4f264b6c4d56d4b6d3e2b09898c7afc2b8694b32c41023212,a6537339397a44c6,2,bicycle;person,source_verified,
open-images-validation-0f64ac2a59205a46,open_images:validation:0f64ac2a59205a46,open_images,0f64ac2a59205a46,,,,duplicate-b3123f26ec73d4ad013c,positive,train,images/train/open-images-validation-0f64ac2a59205a46.jpg,labels/train/open-images-validation-0f64ac2a59205a46.txt,public_v2,17af456c1652c9ab5d908697b728a26ac6e7a668535cdb773179397962f96fc1,92ac4f3e25be4b7b99b2f25cd13308eed3de461b57ede1a40d604c7fcba01aef,bdc49a3360cc9fb0,1,person,source_verified,
open-images-validation-11fc59bf4449b19d,open_images:validation:11fc59bf4449b19d,open_images,11fc59bf4449b19d,,,,duplicate-12c629b4c35883b10494,positive,train,images/train/open-images-validation-11fc59bf4449b19d.jpg,labels/train/open-images-validation-11fc59bf4449b19d.txt,public_v2,7af06276da5eb420e6f8480cf6c0fa197ab04cdb517d04dde6caa75410a577d0,a03b9738a6ce838e079fc3ab1b6bed274c996acdff98ad490f37533a8526915f,e1915f0ad898dc1f,2,bus,complete,
open-images-validation-1300e4395f3c84da,open_images:validation:1300e4395f3c84da,open_images,1300e4395f3c84da,,,,duplicate-af964d71f632ac1d1c9c,positive,train,images/train/open-images-validation-1300e4395f3c84da.jpg,labels/train/open-images-validation-1300e4395f3c84da.txt,public_v2,338a85d202e7c8185d9feaa56350ab4cdca0db29478d94e8f212a64912707d16,7d6aec83b2656d9f95a4cd703e673c1f75432accf8f7ca12d064b1520c5798f6,ac9bd3754c2c239a,6,person,source_verified,
open-images-validation-136dd82ce0b04525,open_images:validation:136dd82ce0b04525,open_images,136dd82ce0b04525,,,,duplicate-d7eb3d192d138f8ef71a,positive,train,images/train/open-images-validation-136dd82ce0b04525.jpg,labels/train/open-images-validation-136dd82ce0b04525.txt,public_v2,93046820f9457713de1675f90fa42aa57f63b4dfce6650c2d121a34dd1dc752f,c8b2ea7edd7e3502c315a0bdbe91cb592b8e3b74b797d6fe0a3eb38aaf36829b,e6f21b989c91a3e4,1,person,source_verified,
open-images-validation-1433eb877a91d6c2,open_images:validation:1433eb877a91d6c2,open_images,1433eb877a91d6c2,,,,duplicate-4a580023d3c1bc5f3dec,positive,train,images/train/open-images-validation-1433eb877a91d6c2.jpg,labels/train/open-images-validation-1433eb877a91d6c2.txt,public_v2,7fd241b7231a74bc804ff2f8faa7b0f369a77d8f8ab929084cdb7af1d7c57c1f,6c2d25baf61970863904a7b514368c75e0928eed8a31df523f57bebeb1b59ef1,d52fb50e2516617c,14,bicycle;person,complete,
open-images-validation-16349005622c6450,open_images:validation:16349005622c6450,open_images,16349005622c6450,,,,duplicate-22485a5c961abb8895af,positive,train,images/train/open-images-validation-16349005622c6450.jpg,labels/train/open-images-validation-16349005622c6450.txt,public_v2,773d385c35a4dd86032e2d6aca416f30c59612763ecffdb8c9d8241b0fd83742,14ad002d0ed7237e13b5f712077d302e40326c6d1dbc7c7e3345582f29efc7cc,e891d3fa77228519,3,car;motorcycle;person,complete,
open-images-validation-16b672c8e743d0c7,open_images:validation:16b672c8e743d0c7,open_images,16b672c8e743d0c7,,,,duplicate-054550ec5e6002f47cc9,positive,train,images/train/open-images-validation-16b672c8e743d0c7.jpg,labels/train/open-images-validation-16b672c8e743d0c7.txt,public_v2,bc4c08d7bbbdf9dd49761d7fa1fb20eb03a6e243961bc4cdaef519ccf6926a93,884944cfa90b669810688f0c5179bd51f88fa0f48f04518ce6581596bbceb95f,8555d52a8a1b53e7,4,bicycle;car;person,source_verified,
open-images-validation-19ebf7a808dc6193,open_images:validation:19ebf7a808dc6193,open_images,19ebf7a808dc6193,,,,duplicate-22278e3b9fd530de0b23,positive,train,images/train/open-images-validation-19ebf7a808dc6193.jpg,labels/train/open-images-validation-19ebf7a808dc6193.txt,public_v2,c177f84fbaa522fed1509bf289e029e886f3506dfa585231f607c9daac91256f,0e314602dacd36ae7c670b4388053f8b5e5a795bd13f7b716779c41c0612f128,9a952caaa785936b,5,car;motorcycle,complete,
open-images-validation-1a656e26cff1c3f1,open_images:validation:1a656e26cff1c3f1,open_images,1a656e26cff1c3f1,,,,duplicate-96f9c1715668e2158f98,positive,train,images/train/open-images-validation-1a656e26cff1c3f1.jpg,labels/train/open-images-validation-1a656e26cff1c3f1.txt,public_v2,920b5c4b76a92c47d5954133e0f8579bc9cd1f71538d536707badf9cec8f9a83,2e290532265c480a943b974700bc31649eaed1da4a4db39c44e6deb7b0688415,8ba07ccf8235d3d2,5,car;person;truck,source_verified,
open-images-validation-1b3247da6dd5d578,open_images:validation:1b3247da6dd5d578,open_images,1b3247da6dd5d578,,,,duplicate-0c1fdf02fd4484174f54,positive,train,images/train/open-images-validation-1b3247da6dd5d578.jpg,labels/train/open-images-validation-1b3247da6dd5d578.txt,public_v2,86a4dd530411095ce1fa83c0ff299152ef6440cf369533ed82a89596ffd0c2b3,e17e5839646d23ff870a636ac97ef7650579326e97b4e48bf2e8446b25fbe141,b4386932b5cb6c4e,1,car,source_verified,
open-images-validation-1bd688207325716e,open_images:validation:1bd688207325716e,open_images,1bd688207325716e,,,,duplicate-8e656881993b0c2d926f,negative,train,images/train/open-images-validation-1bd688207325716e.jpg,,public_v2,a3e09a49f6520a1a4a922d65bf02076f4fff8c2746e1d289ac65896685fee026,92e6be6a3cab10f824f9c1431673ce17ac7d69ac22b5e200a506d04d62498ecb,9cc65e3c25c51fc2,0,,accepted_negative,
open-images-validation-1bf48828b46a9ee9,open_images:validation:1bf48828b46a9ee9,open_images,1bf48828b46a9ee9,,,,duplicate-931c9ec02ba73d25f8a5,positive,val,images/val/open-images-validation-1bf48828b46a9ee9.jpg,labels/val/open-images-validation-1bf48828b46a9ee9.txt,public_v2,7496359db4aac6c2030a20d20b998e0173a6cf72d6ec47480f507df148f6abf3,436126b693224e3259f2792b559d41e004baf1bbb9bb9dd2e1fe866eab4ff064,f8eb83b4acc1d036,3,person,source_verified,
open-images-validation-1e413b62d1a7aab3,open_images:validation:1e413b62d1a7aab3,open_images,1e413b62d1a7aab3,,,,duplicate-dc711f2d923c641523ca,positive,train,images/train/open-images-validation-1e413b62d1a7aab3.jpg,labels/train/open-images-validation-1e413b62d1a7aab3.txt,public_v2,0daf7a4599947f6474309fe11d05444daa69f922ad66a0ede3b906bc1a133d42,296645665ecdbccf16ab50452ff8124ab94d36d67cc2a18c80255d38b956e731,939b3bb7c84a4d24,2,bus;car,source_verified,
open-images-validation-1eb2ebab9cd7adf6,open_images:validation:1eb2ebab9cd7adf6,open_images,1eb2ebab9cd7adf6,,,,duplicate-74e81a28af6389e6b18a,positive,train,images/train/open-images-validation-1eb2ebab9cd7adf6.jpg,labels/train/open-images-validation-1eb2ebab9cd7adf6.txt,public_v2,3d2c4dec87a131d9e3e5dde6b7f8a9f5d0a1fb4e5b76efd98329001748b15258,68424221a09011fb2ce82eb5d739c67f1e918f9c8951f30b6ef9906b215bd8c6,b0faeea380c0c5d7,1,car,source_verified,
open-images-validation-1f2532d7cc2211a6,open_images:validation:1f2532d7cc2211a6,open_images,1f2532d7cc2211a6,,,,duplicate-50ee3d08ec845f5c3459,positive,train,images/train/open-images-validation-1f2532d7cc2211a6.jpg,labels/train/open-images-validation-1f2532d7cc2211a6.txt,public_v2,bf60f0ef71566151eb8db5e7edb499916e34a7e12b62d24e9869f2a90c2e8331,8b8f55dbc2590079bac93a8795b5a87cf26611426364e35878b19700013d7b8b,8ceee313994c6693,10,person,source_verified,
open-images-validation-1f7c714c88527e6b,open_images:validation:1f7c714c88527e6b,open_images,1f7c714c88527e6b,,,,duplicate-0f2eadc6e7020f207b2b,positive,train,images/train/open-images-validation-1f7c714c88527e6b.jpg,labels/train/open-images-validation-1f7c714c88527e6b.txt,public_v2,37e7f27206d49ce8f726681cc70dd421db74a5a062112fee17338ea3ece7cd04,7133b30a80db0db73edde13dda30789a61abf02d7b468e6f887a6769960a758a,a41c5a79f883c3e5,1,person,source_verified,
open-images-validation-212634d705f533da,open_images:validation:212634d705f533da,open_images,212634d705f533da,,,,duplicate-1545355e88df3ad7c2c8,positive,train,images/train/open-images-validation-212634d705f533da.jpg,labels/train/open-images-validation-212634d705f533da.txt,public_v2,4d42cf50ca89fc8d015094cf627537e6d10008ebc9e00ed89e4b7da01942679e,c1cb9c62d15c949f253f6a860e935ffa7b12fb251af470e77c66babc63e11869,e75988eb7590ac86,4,bicycle;person,source_verified,
open-images-validation-218a7e0c84466325,open_images:validation:218a7e0c84466325,open_images,218a7e0c84466325,,,,duplicate-bd34f725ff4abcb0586d,positive,train,images/train/open-images-validation-218a7e0c84466325.jpg,labels/train/open-images-validation-218a7e0c84466325.txt,public_v2,3701e057f6361fbf0140fbd46a0d050a0c35ce8aa3d9e1eeeda7f48ccf26ef0b,784f710e36a5f544fd78e770b769bd8518b0dc1af5dd79bb7c1a7ae262096bfa,b012cfef15c0ce0f,6,bicycle;person,complete,
open-images-validation-237da47182e417c7,open_images:validation:237da47182e417c7,open_images,237da47182e417c7,,,,duplicate-dcb48bb9b9fd5bf55d4d,positive,val,images/val/open-images-validation-237da47182e417c7.jpg,labels/val/open-images-validation-237da47182e417c7.txt,public_v2,056efd1a3e7338f6d989b72d3013e9d879e2dd81c142ce48c19708ba8e3db72e,6430fe5fab0572821acff653123701bf2ce6261ee3ced958d093a620343619e0,ff1e4c36e3a1c032,4,car;motorcycle;person,complete,
open-images-validation-24ba578364fc0d0f,open_images:validation:24ba578364fc0d0f,open_images,24ba578364fc0d0f,,,,duplicate-719d786214356a40ccd5,positive,train,images/train/open-images-validation-24ba578364fc0d0f.jpg,labels/train/open-images-validation-24ba578364fc0d0f.txt,public_v2,8475366d44b35e509a564a6d72b2a04c648bd57240b4f8edcdae7e97301f1912,3beadaedff165fbaec795b765cc60944881978090b265e7581a6d115b5900230,c3e60ec9973d4163,1,car,source_verified,
open-images-validation-250ab8b4f8396f85,open_images:validation:250ab8b4f8396f85,open_images,250ab8b4f8396f85,,,,duplicate-b31313819544bbe9abcd,positive,train,images/train/open-images-validation-250ab8b4f8396f85.jpg,labels/train/open-images-validation-250ab8b4f8396f85.txt,public_v2,5597df89a7c19ed35486c42040810e357eaeb8cfd4043cc239be826627af0851,1d4a5ca77b51b19078c3884056da2c7651fdfd5a358b02737d665a3fdf5e600a,9097c5c4dfe0e26a,12,person,source_verified,
open-images-validation-25fe8989c37d8645,open_images:validation:25fe8989c37d8645,open_images,25fe8989c37d8645,,,,duplicate-cb5878b3d2f5047809a8,negative,train,images/train/open-images-validation-25fe8989c37d8645.jpg,,public_v2,df4d1cbd621814ee3b9b8d26160af88d20c78da4df704c5d9337c6734d8034eb,af9423d0e162f19bafd7f05b9eef8b11c2098e831f4440aa6e7b7cd41745eb9e,cc35e3122fd609bc,0,,accepted_negative,
open-images-validation-268e8e5bccbffc4b,open_images:validation:268e8e5bccbffc4b,open_images,268e8e5bccbffc4b,,,,duplicate-904c7470b752ff644701,positive,train,images/train/open-images-validation-268e8e5bccbffc4b.jpg,labels/train/open-images-validation-268e8e5bccbffc4b.txt,public_v2,a5626456a9a1d3e397322636dd21ae0a2a52dea9a4e9da847a934dde5e6f981b,fa6d35abff70b2d45919dc936d3e6aac136f3c5f2260a2a681067776ba61d32b,b2504f6fbc0b916c,8,motorcycle;person,source_verified,
open-images-validation-277f8ab65ddf8eaf,open_images:validation:277f8ab65ddf8eaf,open_images,277f8ab65ddf8eaf,,,,duplicate-b7c259d424f88dc2227b,positive,train,images/train/open-images-validation-277f8ab65ddf8eaf.jpg,labels/train/open-images-validation-277f8ab65ddf8eaf.txt,public_v2,0afa856cd78f1716bef9d8da50d717f6510341f78af7ad7f75fc30ad4f0dfa96,87466c214f3ba59c8a06f96188626fb8e1f1f4524e9a1fa2543243e35235c7cd,d974e0d9d8c678b0,4,person,source_verified,
open-images-validation-27b6e610e2ebd15a,open_images:validation:27b6e610e2ebd15a,open_images,27b6e610e2ebd15a,,,,duplicate-0def3478571c09b1124d,positive,train,images/train/open-images-validation-27b6e610e2ebd15a.jpg,labels/train/open-images-validation-27b6e610e2ebd15a.txt,public_v2,c429255845e2da2468e2b0c004acb750ace7215af0dadba4403f30209691cb23,516b083973a40c2ce070a5aa14252cee54787ea8a66580f8ba6c7de774fbdc63,f012dc69c0d27d67,18,person;truck,complete,
open-images-validation-28623b1ffc32d7d3,open_images:validation:28623b1ffc32d7d3,open_images,28623b1ffc32d7d3,,,,duplicate-2273f6836c3de49dfc2d,positive,train,images/train/open-images-validation-28623b1ffc32d7d3.jpg,labels/train/open-images-validation-28623b1ffc32d7d3.txt,public_v2,afc1755dfe6b330002749f8d4122c5e956920d45171eb4b497611f8e7946a0a7,3b1c80a1814f71486bee10a0f7baea22146eb2f4dd3eb7d8e9a46abada4dc197,e1ed8c8d91736a1a,1,bus,complete,
open-images-validation-28634d3efec11377,open_images:validation:28634d3efec11377,open_images,28634d3efec11377,,,,duplicate-7f4d90fbc7e1f18a3743,negative,train,images/train/open-images-validation-28634d3efec11377.jpg,,public_v2,ffa8ccff3ca578ed5409de1608a3037711ca3bfc3498e04ae8fac40b3654e6a1,0dc32435fefeed0d18a64a8e9f74664582f60969684a0b1b44ef344ce24819ed,925a5603adadad2d,0,,accepted_negative,
open-images-validation-292c1ae06208c267,open_images:validation:292c1ae06208c267,open_images,292c1ae06208c267,,,,duplicate-2d54f4353d5d96251d27,positive,train,images/train/open-images-validation-292c1ae06208c267.jpg,labels/train/open-images-validation-292c1ae06208c267.txt,public_v2,3bf2831972ad994eb913858389f6e01ee67e96ce1d4f74e51571e0edb79f3b7d,12592b671c2e96091983e536829102ee06f05ec27f6c10ef87474cd1129545d2,8f92b0b7b62e9232,2,bus;person,source_verified,
open-images-validation-29e6f784388bb2e9,open_images:validation:29e6f784388bb2e9,open_images,29e6f784388bb2e9,,,,duplicate-3e9da17d6c493718ecd1,positive,val,images/val/open-images-validation-29e6f784388bb2e9.jpg,labels/val/open-images-validation-29e6f784388bb2e9.txt,public_v2,2d00f3f5d37497fc919f5345a90ec9fbb485799b9dc24163786d999c09b779d3,94f2cf10b0c8cc746dba068e757ba9ace571f0293c2761908193c67438586771,c7e3f38a8c3c2607,1,person,source_verified,
open-images-validation-2a2f7f2d5aeb8ccb,open_images:validation:2a2f7f2d5aeb8ccb,open_images,2a2f7f2d5aeb8ccb,,,,duplicate-3f2dafd22f9639f81287,positive,train,images/train/open-images-validation-2a2f7f2d5aeb8ccb.jpg,labels/train/open-images-validation-2a2f7f2d5aeb8ccb.txt,public_v2,addfa8568ace600e88fab54eb367aa920daf1da6f6319b5fdce1693ad2c8d392,1c30d8ac1939d31d838a044e3431ebbdd2013067194a625efdc8956cf508bb50,87874f55c65659d0,1,car,source_verified,
open-images-validation-2accb1bb8d4bf0bf,open_images:validation:2accb1bb8d4bf0bf,open_images,2accb1bb8d4bf0bf,,,,duplicate-3600c6b50795532f6322,positive,train,images/train/open-images-validation-2accb1bb8d4bf0bf.jpg,labels/train/open-images-validation-2accb1bb8d4bf0bf.txt,public_v2,c41dce312d9d9a6c8e7586d93e336b2f1cf8b017836a8a3730e95cb58066319a,517637a51c62dfe96a316faf8a1e7db91ad749a1cc255c958d25a1ffdb3e7df9,d2da3827678dc817,1,bus,complete,
open-images-validation-2b5d1111ffd23c68,open_images:validation:2b5d1111ffd23c68,open_images,2b5d1111ffd23c68,,,,duplicate-ce7f78a36a7aa03a518d,negative,train,images/train/open-images-validation-2b5d1111ffd23c68.jpg,,public_v2,2ccd12d1f2127e4a97bc17803c16df0854de8503e26207dc86972037522519ec,9d7e56d5f6c168d41a9745c2b9b4bb60df139c3eadb89cda8534c3282f7bdd55,e7da1da918a649b4,0,,accepted_negative,
open-images-validation-2cba2e46124efca4,open_images:validation:2cba2e46124efca4,open_images,2cba2e46124efca4,,,,duplicate-020a2c52b63e8f5e45e9,positive,val,images/val/open-images-validation-2cba2e46124efca4.jpg,labels/val/open-images-validation-2cba2e46124efca4.txt,public_v2,94476c8f9f584dec457cf33a9d38651ca49f5920465f257482c71a89f19241c9,9d6e36f3289d4ec6821dda21263ff726f207c4dae11e4394a2d8638c3e8f3f5f,99d278697f88922d,4,bicycle;car,source_verified,
open-images-validation-2d5cb30fa5fb3220,open_images:validation:2d5cb30fa5fb3220,open_images,2d5cb30fa5fb3220,,,,duplicate-d92b204ba7a6b3427a17,positive,train,images/train/open-images-validation-2d5cb30fa5fb3220.jpg,labels/train/open-images-validation-2d5cb30fa5fb3220.txt,public_v2,86693b02ad55a41659603cf6738b39c2568d9b9892c7677258b786bae392d5fa,4ed7e9cfba20d6f31522bcaa2743978eaa86877eb4867d4bdf53275a71e3ead9,f4f472f0354bc303,2,car;truck,source_verified,
open-images-validation-2e47eb31e9c31207,open_images:validation:2e47eb31e9c31207,open_images,2e47eb31e9c31207,,,,duplicate-de5631bf8ae2e0689e60,positive,train,images/train/open-images-validation-2e47eb31e9c31207.jpg,labels/train/open-images-validation-2e47eb31e9c31207.txt,public_v2,331731887b724a73a19b789e490ee9cb74a1dd3d7f14ea293f4f3edb2b12891a,d230131375bfb5a92d82650241b561931ec3c3dfa19e9058e068823c79d4a85a,d4f2e22819a6e64f,3,person,source_verified,
open-images-validation-2ec459231d627a0e,open_images:validation:2ec459231d627a0e,open_images,2ec459231d627a0e,,,,duplicate-280a0e17a62ea2fdc26d,positive,train,images/train/open-images-validation-2ec459231d627a0e.jpg,labels/train/open-images-validation-2ec459231d627a0e.txt,public_v2,2b4e199a202145dc98414167f34532c3c9c2ddee4d447a7b31e4cd08dfc29b3b,042f9b4ed4a472aba563ca988aca1843808e659cf16c8366afb72956962cec44,97cb414e77890c9b,1,person,source_verified,
open-images-validation-2f991cfce605825c,open_images:validation:2f991cfce605825c,open_images,2f991cfce605825c,,,,duplicate-5c1354d4a160c322e9ed,positive,train,images/train/open-images-validation-2f991cfce605825c.jpg,labels/train/open-images-validation-2f991cfce605825c.txt,public_v2,84ac4fafc26287109420260df244e2c14ba14558a10b5fba648ecb7d5b54c2bd,1db31098e3583264bf7c58523350bd12363ed8c2377caa38c20b8f465c51aee0,e8d8c42f97629ac5,1,car,source_verified,
open-images-validation-3034bfb0f7cefcb7,open_images:validation:3034bfb0f7cefcb7,open_images,3034bfb0f7cefcb7,,,,duplicate-3f5e8a8d9c52d2571e59,positive,train,images/train/open-images-validation-3034bfb0f7cefcb7.jpg,labels/train/open-images-validation-3034bfb0f7cefcb7.txt,public_v2,6f394026a127d6d964e6a86126dfa5ec00fe813f147fc4a167b44b7c3b3d7a38,d190aabc3a2551d65908be57cf815d67ae30f5b7ec0b8ab3a24bfb7747ec11d1,97099bf18c936c63,1,person,source_verified,
open-images-validation-326008ec6a706ba1,open_images:validation:326008ec6a706ba1,open_images,326008ec6a706ba1,,,,duplicate-f2827f460d20676e3cfd,positive,train,images/train/open-images-validation-326008ec6a706ba1.jpg,labels/train/open-images-validation-326008ec6a706ba1.txt,public_v2,33394fcb5aee51ff79b523efdb025958c264aa1ed74cceb8271a89f8c6b1ea0b,c2abd37193ee4ec424d54c5a0a21738cc76ed57a4537093acd38136eb079f693,c0497bfa92273e91,3,bus;car,source_verified,
open-images-validation-3387777401546bd3,open_images:validation:3387777401546bd3,open_images,3387777401546bd3,,,,duplicate-7192b84c064170ecb95c,positive,train,images/train/open-images-validation-3387777401546bd3.jpg,labels/train/open-images-validation-3387777401546bd3.txt,public_v2,327dadf212d37fc199c11ecd9875c63e983ac85788bb587917bd380d3c7295e7,1ed83c4d58ea1d879c402ecc54b0cef7ccc0881e31257caaeaa02c5e84050206,9c81fe037d10efa8,6,person,source_verified,
open-images-validation-339b6ffa373c3368,open_images:validation:339b6ffa373c3368,open_images,339b6ffa373c3368,,,,duplicate-c5f73a75f34b9e6a5243,positive,train,images/train/open-images-validation-339b6ffa373c3368.jpg,labels/train/open-images-validation-339b6ffa373c3368.txt,public_v2,e74ea2e02d29f6ed3ea493378947a8358276b675bb61ea1798c417753d8ce23e,9e10fc7f7927b96d99214297b8b2a7e5454270d7f6b46f47cc39624557ef11bc,f870a3e3961e4936,7,car;person,source_verified,
open-images-validation-340d186a0d54424b,open_images:validation:340d186a0d54424b,open_images,340d186a0d54424b,,,,duplicate-b29569118c57b324b755,positive,val,images/val/open-images-validation-340d186a0d54424b.jpg,labels/val/open-images-validation-340d186a0d54424b.txt,public_v2,a5aacbefbbd8589edc16a4c203015c3d0e3a89439c669f66feb579247ec9e88d,762577f3aa780a55b4ca8ae3eb48507ffc1e680750b986b7240772cd2599fe42,efd4d4c03d8cd09c,4,motorcycle,complete,
open-images-validation-3430347c8e426f2f,open_images:validation:3430347c8e426f2f,open_images,3430347c8e426f2f,,,,duplicate-b417cb1cd820e8b92097,positive,train,images/train/open-images-validation-3430347c8e426f2f.jpg,labels/train/open-images-validation-3430347c8e426f2f.txt,public_v2,4366cf324298f66f472771a97dcec910e0e99db884fefa24078f2ed84f0a2b36,a1180092938e2f3a504a90183f19dad8519a6ec1c3b81caef51f204a3e1678ea,a1566b96692d1ac7,1,person,source_verified,
open-images-validation-373eb7cd1849a39d,open_images:validation:373eb7cd1849a39d,open_images,373eb7cd1849a39d,,,,duplicate-c0e10354d7df8ce8f868,positive,train,images/train/open-images-validation-373eb7cd1849a39d.jpg,labels/train/open-images-validation-373eb7cd1849a39d.txt,public_v2,07ed56dea1429bcf7b5753700b4f3bdce593ce654b00cd4879682193c13138b6,57a8bf57acc89a86c465ca45e9040383d8620e78a3c3f180cbac63bba30017f0,e091e2e3cc9af1e1,2,person,source_verified,
open-images-validation-377c634f1ee0e59f,open_images:validation:377c634f1ee0e59f,open_images,377c634f1ee0e59f,,,,duplicate-5fb70f995bb456ace32f,positive,train,images/train/open-images-validation-377c634f1ee0e59f.jpg,labels/train/open-images-validation-377c634f1ee0e59f.txt,public_v2,c6508bdc3fc5995116008bc73a0fbe96beb60c560f69ba9c7dac28368775638a,f5ceb83d496ee7df7ab6188e197ac8079e9050998cb39b556d07fb700a3fb98f,85876b5e66872a6c,3,car;truck,source_verified,
open-images-validation-3838d7bebf4a2914,open_images:validation:3838d7bebf4a2914,open_images,3838d7bebf4a2914,,,,duplicate-33c520efa90849b63c83,positive,train,images/train/open-images-validation-3838d7bebf4a2914.jpg,labels/train/open-images-validation-3838d7bebf4a2914.txt,public_v2,26a5834c504c8eee28e338193e592ca55f169683ded02e987837751ea827bc78,b059e6d0625f2a95217279223977f326ac3a5444e0752913ed2c1fcd3c66bec7,ca8ba7f5698d841a,4,bicycle;person,source_verified,
open-images-validation-38fb76c17f315368,open_images:validation:38fb76c17f315368,open_images,38fb76c17f315368,,,,duplicate-7ff35c4f75853c7039e0,positive,train,images/train/open-images-validation-38fb76c17f315368.jpg,labels/train/open-images-validation-38fb76c17f315368.txt,public_v2,8dd86c3249ad78aea9aa9a93c07db4f43fbaa693cb4f6b0c9e3997410b5c4646,9a5556baccbd5cc9bafe53cd1712083f4e72d5544bd48c42d8eab9197dae3a2f,a92d66d8d576ca82,2,car,source_verified,
open-images-validation-39d03ae30dc37b97,open_images:validation:39d03ae30dc37b97,open_images,39d03ae30dc37b97,,,,duplicate-b71215590e2f8a5cb7ba,positive,train,images/train/open-images-validation-39d03ae30dc37b97.jpg,labels/train/open-images-validation-39d03ae30dc37b97.txt,public_v2,c88407a72d4f29c7385e7a4ceab30058ac8ddfcc2ee5f424f2325e07e625a373,99d47638a716a1cb42efc5c800f02d575c9697e2b68f2ae3cdcbabebe99ad081,ec54d4a73f92812b,1,truck,complete,
open-images-validation-39f7fee3d5351468,open_images:validation:39f7fee3d5351468,open_images,39f7fee3d5351468,,,,duplicate-aa337fcc29460f70b777,positive,train,images/train/open-images-validation-39f7fee3d5351468.jpg,labels/train/open-images-validation-39f7fee3d5351468.txt,public_v2,9f4a1425ced4d274e6f33ea9f4d2d507cf8ec721033bd75ca7f28db447651aaf,ff7145fc7bd9ddd6375f8719518f66e5351d31d7e8e9f7890f47b97debf2d60b,a6b69d2933c86c93,4,person,source_verified,
open-images-validation-3a12232664bb572f,open_images:validation:3a12232664bb572f,open_images,3a12232664bb572f,,,,duplicate-a2c87b79bd1279e1fef0,positive,train,images/train/open-images-validation-3a12232664bb572f.jpg,labels/train/open-images-validation-3a12232664bb572f.txt,public_v2,34ebd80c16b488d68984b545e6864a19b310aace47f8584fde0e523380c01393,21ea1d3aeee9779583f16d989f2ef7cd9be7f18d9d8eb9e53ad24cf0fde84bbf,aec481799ab46d71,1,truck,complete,
open-images-validation-3a2c78c96e08f5f4,open_images:validation:3a2c78c96e08f5f4,open_images,3a2c78c96e08f5f4,,,,duplicate-6a0bcce08ed4c80b092d,positive,train,images/train/open-images-validation-3a2c78c96e08f5f4.jpg,labels/train/open-images-validation-3a2c78c96e08f5f4.txt,public_v2,5d04c4bfc14784a6fbcf2b1965202856aa0464321a366a713d546a698dfbebe8,54808348f3077f3a043b232d7a18280164d1ea1af9b2ef7cbba7314d16ce2cbd,813b37c0fc64599b,12,car;person,source_verified,
open-images-validation-3a443b2565e5a891,open_images:validation:3a443b2565e5a891,open_images,3a443b2565e5a891,,,,duplicate-13a69d36473334005d14,positive,train,images/train/open-images-validation-3a443b2565e5a891.jpg,labels/train/open-images-validation-3a443b2565e5a891.txt,public_v2,c71fa0ec21c2351b0bad36322e1f98f5defba3c4803dd8f21863707e2b7dc6d0,87b453cca32e34458245da386bf8381f332959d5c3bb05b5309b63b479d4ce43,99e38e7c4352371c,3,motorcycle;person,source_verified,
open-images-validation-3ab0cbcacf2303cb,open_images:validation:3ab0cbcacf2303cb,open_images,3ab0cbcacf2303cb,,,,duplicate-4c4f1a834438b0601a6a,positive,train,images/train/open-images-validation-3ab0cbcacf2303cb.jpg,labels/train/open-images-validation-3ab0cbcacf2303cb.txt,public_v2,681c32267a5a6b312785786b8a3a99e9cb05a820a9610fff93329eb24e2521d1,0f1ed779e8f508a6c35f7ea02c06166a59e6f0b99b41ea7327b2c5e5a507a584,831d9ee62b1bd462,2,bicycle;person,source_verified,
open-images-validation-3b3b9931325d65c9,open_images:validation:3b3b9931325d65c9,open_images,3b3b9931325d65c9,,,,duplicate-ee471e9c3d586e1d85b2,positive,train,images/train/open-images-validation-3b3b9931325d65c9.jpg,labels/train/open-images-validation-3b3b9931325d65c9.txt,public_v2,5f744c7d72e2f72b4d073cf93ab071c1f3674f9bf41938301916b6b58199f0ea,317a2376cf1d13eca3a31ef70e4f73712a8735085f987fea55786d3eff76101d,81d01e607f7fe22a,3,person,source_verified,
open-images-validation-3b78e75f33d9b90a,open_images:validation:3b78e75f33d9b90a,open_images,3b78e75f33d9b90a,,,,duplicate-3b31fac526944c448232,positive,val,images/val/open-images-validation-3b78e75f33d9b90a.jpg,labels/val/open-images-validation-3b78e75f33d9b90a.txt,public_v2,a1a397d6d1cce4ee7defb3abe253b8587b8718a3a4ffd1da2a548d253b50eabc,645769f9b25618e751f6f66d38b801bfe8de7369fa038097fcc14b11658e468f,b740862f13f10fdc,2,bicycle,source_verified,
open-images-validation-3bdd9ceedcfbd1c9,open_images:validation:3bdd9ceedcfbd1c9,open_images,3bdd9ceedcfbd1c9,,,,duplicate-b22ab56952fe2108885d,positive,train,images/train/open-images-validation-3bdd9ceedcfbd1c9.jpg,labels/train/open-images-validation-3bdd9ceedcfbd1c9.txt,public_v2,6616da176be69d2078ea3ab2df9dc760923459c5698bdd27195c06cb44e4da73,c21471ab36497824afba367211b8c57784708471d5ea28eb42499cbc3b5253bd,b796c91a9be542c1,4,car;person;truck,source_verified,
open-images-validation-3dd11e8a1802857f,open_images:validation:3dd11e8a1802857f,open_images,3dd11e8a1802857f,,,,duplicate-03283a33fe7827fb6bab,positive,train,images/train/open-images-validation-3dd11e8a1802857f.jpg,labels/train/open-images-validation-3dd11e8a1802857f.txt,public_v2,32dc7ceb60ae22fad58d39a4cea4514c8f7d80745ba0d3c1c8771385e45dbff7,eff4562f78888fa85b8161ce8346e1ba199496483d0401f7fedcd8bfafb625f0,afbad0d58f0b60b0,11,person,source_verified,
open-images-validation-3f74cd65e54abec5,open_images:validation:3f74cd65e54abec5,open_images,3f74cd65e54abec5,,,,duplicate-704937a5cb57901ac1e7,positive,train,images/train/open-images-validation-3f74cd65e54abec5.jpg,labels/train/open-images-validation-3f74cd65e54abec5.txt,public_v2,e4c6824f269f406d84be5e96b56d91c59f58d3f00603133794e44970ab348e97,349c2453d8cfd9e95afd51df8c6c8d53a88a9993ebb3801aed59f488c4d8cfdc,98b2e64b9b8d6435,2,bicycle,source_verified,
open-images-validation-3f7db42c10f36646,open_images:validation:3f7db42c10f36646,open_images,3f7db42c10f36646,,,,duplicate-d3a3a7a8a27d9f2864e6,positive,train,images/train/open-images-validation-3f7db42c10f36646.jpg,labels/train/open-images-validation-3f7db42c10f36646.txt,public_v2,7e454372d8e3395646ba0e73ed483c5e4efc82ecbd8328a6d7d9317baaf358fd,906bb8bfac66ee31eeb0ade62a455f09d2d50b6a12a57f91ad45ba6c91222e61,a3ad38b693189dd1,1,car,source_verified,
open-images-validation-3fec3b9feac65f6a,open_images:validation:3fec3b9feac65f6a,open_images,3fec3b9feac65f6a,,,,duplicate-195243d4c6ea6ca64a73,positive,train,images/train/open-images-validation-3fec3b9feac65f6a.jpg,labels/train/open-images-validation-3fec3b9feac65f6a.txt,public_v2,17ef5e154517329587ee132272508bb184f743713449e34e3b6a933b5bfb1180,ac02cd68ecea5dd4ca5311364db210e374233200bc5a2720a7425c29ad0fa06e,f898d56e5aa52916,2,car;truck,source_verified,
open-images-validation-40dcb6537fe258e7,open_images:validation:40dcb6537fe258e7,open_images,40dcb6537fe258e7,,,,duplicate-f112963586ff571ec335,positive,train,images/train/open-images-validation-40dcb6537fe258e7.jpg,labels/train/open-images-validation-40dcb6537fe258e7.txt,public_v2,378b7d789fcef85aa6f5c20bef742040b545114e4418ce9d8bde5c11ae8770e9,d0027396c9ae7a6ba762d8d8cbad33b0cf8fd08db7ec725f3d6faaaf735fc52e,9f8aa4359a888e9f,3,car;motorcycle,source_verified,
open-images-validation-423cba4a904f4ccc,open_images:validation:423cba4a904f4ccc,open_images,423cba4a904f4ccc,,,,duplicate-14636bf4b553b9b7f282,positive,train,images/train/open-images-validation-423cba4a904f4ccc.jpg,labels/train/open-images-validation-423cba4a904f4ccc.txt,public_v2,72bcbcf8bbd9d399798351b565434093e47a88d53a268dc110ffa6938ac3a3c0,0b9e29996087588b8b91404df31e56565f9be133b741e4b7123760150326ab51,96f8b3c78c838639,3,car;motorcycle,source_verified,
open-images-validation-42490bb19c1c863b,open_images:validation:42490bb19c1c863b,open_images,42490bb19c1c863b,,,,duplicate-62aa0d289e64cceaa270,positive,train,images/train/open-images-validation-42490bb19c1c863b.jpg,labels/train/open-images-validation-42490bb19c1c863b.txt,public_v2,0c7de95c807b089ddf66b2cf1fd90379fb9b49bf7e40b132f0c287426cae9bd8,9126e3171a27d11e04b5ebac597d0089762d77af83de6cce7d93ddfd807e64d7,edd29749e674d006,1,person,source_verified,
open-images-validation-42f0f788afccb386,open_images:validation:42f0f788afccb386,open_images,42f0f788afccb386,,,,duplicate-ed591c859eb6588d8f64,positive,train,images/train/open-images-validation-42f0f788afccb386.jpg,labels/train/open-images-validation-42f0f788afccb386.txt,public_v2,37817604e2747ca5e23920f7292a91259e2b435c2d6c5af8135496685c0a54f5,214c1889851a6924fc95065ecd03f323c6b4e5b7550c4119885441370c90792f,a689664d991ad99b,5,person,source_verified,
open-images-validation-43bf4299bc0ad9a0,open_images:validation:43bf4299bc0ad9a0,open_images,43bf4299bc0ad9a0,,,,duplicate-77c3f26b95d23a6686bd,positive,train,images/train/open-images-validation-43bf4299bc0ad9a0.jpg,labels/train/open-images-validation-43bf4299bc0ad9a0.txt,public_v2,a57c0934cd9f8ff0793d0b3db66c519f581338e5b035f0b1fedab6fb375492fc,6fbc2651c853af1dd9877144623bee9f5a75f15eae1c5699bebeabe7c46222ce,95d46ac2212b97b7,1,car,source_verified,
open-images-validation-43c62adb8be490d6,open_images:validation:43c62adb8be490d6,open_images,43c62adb8be490d6,,,,duplicate-14185f9d35d3a6311f25,positive,train,images/train/open-images-validation-43c62adb8be490d6.jpg,labels/train/open-images-validation-43c62adb8be490d6.txt,public_v2,9aea28c98175adaf1bc1e310072dffb561cfcaf144a2a9a272e6599d267b7912,ee7c78db9c081c9fa311beb0dfc42153dc668bfe4d76764e87aeea1a44528d98,b08f4536c1f4caf1,4,person,source_verified,
open-images-validation-4436d0c764a799d6,open_images:validation:4436d0c764a799d6,open_images,4436d0c764a799d6,,,,duplicate-960ba91126c4e1610963,positive,train,images/train/open-images-validation-4436d0c764a799d6.jpg,labels/train/open-images-validation-4436d0c764a799d6.txt,public_v2,218cc0cdb57315ac4916ec52bc4350c1f065e751b4ef06da8cfd3e479c144e22,244899f29558f1c5ad2965383e87e61a33b482bb679abb89b2607085c67bc8f9,9ca4c430f59cf85b,1,bicycle,complete,
open-images-validation-453a77009b27e253,open_images:validation:453a77009b27e253,open_images,453a77009b27e253,,,,duplicate-6c1622a741ff2a1fb9ea,positive,train,images/train/open-images-validation-453a77009b27e253.jpg,labels/train/open-images-validation-453a77009b27e253.txt,public_v2,9d350de63ef040d8dd5e927ad3cd19230f96f13d29e6fd8750dd8f4df8c73fa0,1cbf0d9e76d8903acca3d47f5514034e9afedc94fecb8612edef2a1e859ecbe9,cde4c8ca607a9fc2,1,car,source_verified,
open-images-validation-45a9d4201b38e7dc,open_images:validation:45a9d4201b38e7dc,open_images,45a9d4201b38e7dc,,,,duplicate-7012ae424eb7724d2f27,positive,val,images/val/open-images-validation-45a9d4201b38e7dc.jpg,labels/val/open-images-validation-45a9d4201b38e7dc.txt,public_v2,0f92fec27a9c005796146b01da6327693358891ae4dd5b96d539df886c9f4295,f19107c8bc9deb09a74d839d216f1e067040de4d2895a56f9f31bdc6d570fbe9,df5ff6118104f20d,1,motorcycle,complete,
open-images-validation-45e1c7f56601c04c,open_images:validation:45e1c7f56601c04c,open_images,45e1c7f56601c04c,,,,duplicate-41864804caa43fd34c5c,positive,val,images/val/open-images-validation-45e1c7f56601c04c.jpg,labels/val/open-images-validation-45e1c7f56601c04c.txt,public_v2,48bce742742498403d92766ca6737d58ccc5784b07896ab427d426d67f9dc4ef,8fb4cfccaab916ebb8c6b093a65fdee71b8b8983c44b4224d85b1a38b645c3cd,92f4e5d3d22d0b32,3,bicycle;car,complete,
open-images-validation-45fd09ada78c507d,open_images:validation:45fd09ada78c507d,open_images,45fd09ada78c507d,,,,duplicate-368939ef0d2a8da75896,positive,train,images/train/open-images-validation-45fd09ada78c507d.jpg,labels/train/open-images-validation-45fd09ada78c507d.txt,public_v2,483e8c62e7bbcbfba24813a9a1df8debdba44872cf07ddf40a777e6f2b738156,bc2b92b65a9ef5046c670ea06a1eda3ef31fd4370fa267efbd3bf6f3154adc5c,d1fb0f05826b1de2,1,person,source_verified,
open-images-validation-47d622fd378fe2c8,open_images:validation:47d622fd378fe2c8,open_images,47d622fd378fe2c8,,,,duplicate-9228f1b39a76705e1feb,positive,train,images/train/open-images-validation-47d622fd378fe2c8.jpg,labels/train/open-images-validation-47d622fd378fe2c8.txt,public_v2,cab80d7b6f8eaf06c019cb5b99f3f6f3ea056d65b88ee1365fc160f226c79d74,c08612d449cc158773e61dc305b83dff02a65b4e7c81bfaa09084c4a8a0329ab,d91a266799996666,1,person,source_verified,
open-images-validation-4817147cec73ecd3,open_images:validation:4817147cec73ecd3,open_images,4817147cec73ecd3,,,,duplicate-ea7de0bc7cf24de2874a,positive,train,images/train/open-images-validation-4817147cec73ecd3.jpg,labels/train/open-images-validation-4817147cec73ecd3.txt,public_v2,3c17ce2353323483a71ea762cd1ce9e2b910b6ba6f07c0ab2c240a49560aa3ce,4cad3c5d9085b113d931e3424fa03d57335a5227f3a937b827d09ba182d5c49c,beda8ca1e319a664,4,bicycle;person,source_verified,
open-images-validation-4a23eee283f294b6,open_images:validation:4a23eee283f294b6,open_images,4a23eee283f294b6,,,,duplicate-5d779420ec961172fa20,positive,train,images/train/open-images-validation-4a23eee283f294b6.jpg,labels/train/open-images-validation-4a23eee283f294b6.txt,public_v2,c6b17fa9e044f20e29ac08f05bc64e29ae2bc853d967d2c393e5398b9b4062b0,4f84538a5f99d6e4f1842798520033ce09eb184cfea65cb5690a2fba5cdf345a,a8aeb7d586349436,7,bus;car;person,source_verified,
open-images-validation-4aa6f8e23bbaf89c,open_images:validation:4aa6f8e23bbaf89c,open_images,4aa6f8e23bbaf89c,,,,duplicate-e66082fe4c240dfe680b,positive,train,images/train/open-images-validation-4aa6f8e23bbaf89c.jpg,labels/train/open-images-validation-4aa6f8e23bbaf89c.txt,public_v2,f941234e9e6d59b262739ed843a51dcb16edeecbe914ab44b033b619df661cb7,3c45fdc31e2c3c13de5a8bd05264849ab9efb8ffb642b9246d9ee0fe8f2557d4,a3c7cf9046b948e5,12,bus;car;person,source_verified,
open-images-validation-4b7b05cd05ac276d,open_images:validation:4b7b05cd05ac276d,open_images,4b7b05cd05ac276d,,,,duplicate-c7dba5b598d52d2cb668,positive,train,images/train/open-images-validation-4b7b05cd05ac276d.jpg,labels/train/open-images-validation-4b7b05cd05ac276d.txt,public_v2,cc4990e317e1d92ce7876782c2238fede400939efe049cd080838a30e4ce5ff0,49cdd983b8d8d022fee96fc525e04ae0bc43c646ce04f43d1606bea72f3d6b3e,c71cb8b87ae16307,2,bicycle;person,complete,
open-images-validation-4c0ef768ac8298e7,open_images:validation:4c0ef768ac8298e7,open_images,4c0ef768ac8298e7,,,,duplicate-dc10be6a009191b561a9,positive,train,images/train/open-images-validation-4c0ef768ac8298e7.jpg,labels/train/open-images-validation-4c0ef768ac8298e7.txt,public_v2,f6a488a8bf32170b5fd50dfa9e641f243471f4cc15fa9aab5a25c65a2e1241dd,8447a2d79490af2477dbba94a128d834376ecb8d715ee9c364fa180e60f3a14b,c8fd053f68f2c305,2,person,source_verified,
open-images-validation-4cc200402fa5429b,open_images:validation:4cc200402fa5429b,open_images,4cc200402fa5429b,,,,duplicate-af461a114a8e45f18fef,negative,train,images/train/open-images-validation-4cc200402fa5429b.jpg,,public_v2,14bc3b13088af550a0a15ad463197deae989830abb9eb6cf90c91c5aba1ea92c,fbc9ab1a41d2a9689f29c80e88045c25ca987e951159cfc665e36a625c58a27b,aa585d57a586a696,0,,accepted_negative,
open-images-validation-4cebfdcf62047162,open_images:validation:4cebfdcf62047162,open_images,4cebfdcf62047162,,,,duplicate-fd16f8a6b5a13735cedd,positive,train,images/train/open-images-validation-4cebfdcf62047162.jpg,labels/train/open-images-validation-4cebfdcf62047162.txt,public_v2,849e913b477a1950da5a5acd0e5e29d86d2a94614905bc4deb12a2d927c6bab3,2512923ebfcb148404417617821099a9cc5728d3fcbb41a4d4b92076f4b88f57,d1b13f76c80b0f32,4,person,source_verified,
open-images-validation-4eeae0e2596613ce,open_images:validation:4eeae0e2596613ce,open_images,4eeae0e2596613ce,,,,duplicate-bd5bbcc2ec4418233c08,positive,train,images/train/open-images-validation-4eeae0e2596613ce.jpg,labels/train/open-images-validation-4eeae0e2596613ce.txt,public_v2,2f82172cde39fb782d098c292898b929ec75711d80277865e2c529cf8b26fc70,fbd7b08542aa012f28114a4c57e100ab17ab1ce1c3a40bf51a877336a7ce9391,b158b7013ead5b91,2,motorcycle,source_verified,
open-images-validation-4f2eaaaa6d362e8d,open_images:validation:4f2eaaaa6d362e8d,open_images,4f2eaaaa6d362e8d,,,,duplicate-60ce81894990e0bfc747,negative,train,images/train/open-images-validation-4f2eaaaa6d362e8d.jpg,,public_v2,1f883cf6ffb7dc950808fa7266a7a7761fd110591e947819b37c216e24417d2f,8e3f19432949c31bca813051b1d336dabaa44d4d00c2daa54f08027295278f1d,bf91c07e8d86e078,0,,accepted_negative,
open-images-validation-4f8085f1a9fc3bb7,open_images:validation:4f8085f1a9fc3bb7,open_images,4f8085f1a9fc3bb7,,,,duplicate-06e8cb83a4f3535b57f8,positive,train,images/train/open-images-validation-4f8085f1a9fc3bb7.jpg,labels/train/open-images-validation-4f8085f1a9fc3bb7.txt,public_v2,e81b2fe48a75e1e92df9e192827984636f980f4b5fd3e3eb8e6aa7f2c3357a35,fe50c1e5006b50f85f9a7ef1a14906009b4c17d131de09ba466b6243a477c798,e2e0c18d9db93cb1,3,person,source_verified,
open-images-validation-51e5e3d7530ae9fd,open_images:validation:51e5e3d7530ae9fd,open_images,51e5e3d7530ae9fd,,,,duplicate-579d26d9866f8f753e53,positive,train,images/train/open-images-validation-51e5e3d7530ae9fd.jpg,labels/train/open-images-validation-51e5e3d7530ae9fd.txt,public_v2,e1340cef079b98f1ce90ef2cdbcbd0ac85708942ae7dd44a07e3bbee84ce2bff,ef51d3590cf8033608ea3a8f0665bf691871051a1da7b26586aed2d71a62ca7e,e6b3511a165673f0,2,person,source_verified,
open-images-validation-52091ae4e804074f,open_images:validation:52091ae4e804074f,open_images,52091ae4e804074f,,,,duplicate-739b2c059876fa982a10,positive,train,images/train/open-images-validation-52091ae4e804074f.jpg,labels/train/open-images-validation-52091ae4e804074f.txt,public_v2,9d5ab2a5db4233ddf9576671f9e26ad8bdf00c4c5dcdf243848809d9a541c9b3,45c3e857b33aea0c0d63ef7b69f743a99c5cb6ff862d71984cea563cbd9d0fb4,fac88434eb2b15d5,1,truck,complete,
open-images-validation-525b1a7ccf2f7556,open_images:validation:525b1a7ccf2f7556,open_images,525b1a7ccf2f7556,,,,duplicate-b69fa17c67ae7eae2d17,positive,train,images/train/open-images-validation-525b1a7ccf2f7556.jpg,labels/train/open-images-validation-525b1a7ccf2f7556.txt,public_v2,8cdc0167c94d835fc05a665641f438414b7647f4debf57f8a910c77de6319cfa,5ce56788d8823216b964572608a0c453bdcf734aafa5e606d6955375e83042a8,84e56918b7629f99,1,car,source_verified,
open-images-validation-53d5ddce9061ccbb,open_images:validation:53d5ddce9061ccbb,open_images,53d5ddce9061ccbb,,,,duplicate-2bc780051b5af9f40b08,positive,train,images/train/open-images-validation-53d5ddce9061ccbb.jpg,labels/train/open-images-validation-53d5ddce9061ccbb.txt,public_v2,3c894b97f8b1146fb1187ae244780ec28cdbfb7769d0c4e9032be57edb5f2647,a8533597aeb93f4b720ccbd96712a6a2cea273ab505d6f468cf7713e5ca9776e,847a2197cafcbc52,1,person,source_verified,
open-images-validation-54d94faa73c0a680,open_images:validation:54d94faa73c0a680,open_images,54d94faa73c0a680,,,,duplicate-0495799e506fb35d777e,positive,train,images/train/open-images-validation-54d94faa73c0a680.jpg,labels/train/open-images-validation-54d94faa73c0a680.txt,public_v2,0b5cf2c32f2eba1227e68979ef45c56d61927295cc11d791340aaf5045f2d986,aa5819bdfd4955f473bccf74b083876c4a05771a5b80a37d0ce5b5764772981b,e624993b66ccc366,1,person,source_verified,
open-images-validation-55d000ec281c48dd,open_images:validation:55d000ec281c48dd,open_images,55d000ec281c48dd,,,,duplicate-98b20154b13f4c9ebc1d,positive,train,images/train/open-images-validation-55d000ec281c48dd.jpg,labels/train/open-images-validation-55d000ec281c48dd.txt,public_v2,048498b74b9c411462328f9fb79da0ecf8f5f841c88a617428d2558cfd64901e,70ed5fa96b9ade98712b6b2700836ee795091c84d3d99699cb7ffd8789af8ddb,bba1949e66384ba6,3,motorcycle;person,source_verified,
open-images-validation-56cd0c38f2de6ed2,open_images:validation:56cd0c38f2de6ed2,open_images,56cd0c38f2de6ed2,,,,duplicate-f9239180696d7299326a,positive,train,images/train/open-images-validation-56cd0c38f2de6ed2.jpg,labels/train/open-images-validation-56cd0c38f2de6ed2.txt,public_v2,c9e28158d881dc4a249bb376c4d2566035c8c045a3b66a08d83dcb44f89b2e8b,2266e80ff1cdfeac660317cbf53368258948c8b79f6bfc9c3ab625febcbdccc0,9319a07fce10adb3,2,person,source_verified,
open-images-validation-56cdf363ec48b438,open_images:validation:56cdf363ec48b438,open_images,56cdf363ec48b438,,,,duplicate-bead0ff9ffa99fd292ce,positive,train,images/train/open-images-validation-56cdf363ec48b438.jpg,labels/train/open-images-validation-56cdf363ec48b438.txt,public_v2,40eb2bf35ac2d111d0a598da2f12361da9d3fd81b125180927f3514c72df0891,6dc20c2b07c32fc217ff5d40e9be292268989e8471d25911076f797becd36844,f33c85681d0b1d37,2,car;motorcycle,source_verified,
open-images-validation-575d96d014e4fbab,open_images:validation:575d96d014e4fbab,open_images,575d96d014e4fbab,,,,duplicate-a6ff6d93c5c63fbc3f30,positive,train,images/train/open-images-validation-575d96d014e4fbab.jpg,labels/train/open-images-validation-575d96d014e4fbab.txt,public_v2,9f833fea4ecfee4840fd4e7b5e56cdddd485f49c7b0259fc20adf1d0867c3843,30dba90b463dadc58e38a8208f23960c918b6c1cfc6b99e678a291d7fb5871d0,afcb37d52a0bc260,2,car;truck,source_verified,
open-images-validation-57f23e67cb49ecfb,open_images:validation:57f23e67cb49ecfb,open_images,57f23e67cb49ecfb,,,,duplicate-5d2d35bb85c47196ac9f,positive,train,images/train/open-images-validation-57f23e67cb49ecfb.jpg,labels/train/open-images-validation-57f23e67cb49ecfb.txt,public_v2,a72d280ae2d7e6a7f2f99f7dcafd61f3a6df84414dcf27c3a9c9f8d1c7f12773,24269eea5f41d92102aad89720810dd420faf086538a059d57583c9419f1e836,b966c799c53607c4,1,person,source_verified,
open-images-validation-582216386398392a,open_images:validation:582216386398392a,open_images,582216386398392a,,,,duplicate-49e9e6ec6fe47409e015,positive,train,images/train/open-images-validation-582216386398392a.jpg,labels/train/open-images-validation-582216386398392a.txt,public_v2,dbfca1724b5ca425d3a29c75b50066243fe2d366c5768fae10773ac54f8395cb,4315edc2a6e1d7cd5eaf8c982923e9c5c912ce1fd1b9bdc35c488229cce74265,b299c0ab363e89f4,1,person,source_verified,
open-images-validation-58570cadf071c4b0,open_images:validation:58570cadf071c4b0,open_images,58570cadf071c4b0,,,,duplicate-de7ff239a28d23bdec67,positive,train,images/train/open-images-validation-58570cadf071c4b0.jpg,labels/train/open-images-validation-58570cadf071c4b0.txt,public_v2,866684f8c08bb2da3fbdf35a79ad50dad61f083ba914bec185fc0f1e2334063a,e77880f619e4ea9ba868ff05bfc8bbeb1f54370a8367d24c74ff5f31fea1a0df,c0702f3fd4702b8f,1,car,source_verified,
open-images-validation-595adc227d811554,open_images:validation:595adc227d811554,open_images,595adc227d811554,,,,duplicate-35ae3094d056e227dce6,positive,val,images/val/open-images-validation-595adc227d811554.jpg,labels/val/open-images-validation-595adc227d811554.txt,public_v2,c13607480758ad6dfbd6da7e11dc5e10e0e7ed7bc855b128d7a2a4417459a270,b7b9d12216ab0c60ee3b715dbb313395884151bf6a8f3acf6a4f5b83e438ce5c,95df0a7a98746962,1,person,source_verified,
open-images-validation-59759fb1d7d62a4f,open_images:validation:59759fb1d7d62a4f,open_images,59759fb1d7d62a4f,,,,duplicate-d84d1e8179bce5425dfb,positive,train,images/train/open-images-validation-59759fb1d7d62a4f.jpg,labels/train/open-images-validation-59759fb1d7d62a4f.txt,public_v2,bbb869ab2db12dfdb542db18526b79b0989dbeff9f738c11974855b04e88beea,462dec86cf06dbef3f80c09f3a09d7566626a0555a9b2f9ecaecafa1174c4486,aad7eb30388ec631,1,car,source_verified,
open-images-validation-5a6f76adceec9d57,open_images:validation:5a6f76adceec9d57,open_images,5a6f76adceec9d57,,,,duplicate-5e69986ddc3c23ee60d3,positive,train,images/train/open-images-validation-5a6f76adceec9d57.jpg,labels/train/open-images-validation-5a6f76adceec9d57.txt,public_v2,6c326aa25bcb23c02e1efb6831e38e4b482aa32abceda45571708d72b46a3ed1,e5743f20014ad315a915325577470d0c2e578e9e8e6ed34285e1e2157ce8155b,e44cc64ec8e44f5e,4,bicycle;person,source_verified,
open-images-validation-5b8e7b7d76353482,open_images:validation:5b8e7b7d76353482,open_images,5b8e7b7d76353482,,,,duplicate-c115a127e9dc2e052b83,positive,train,images/train/open-images-validation-5b8e7b7d76353482.jpg,labels/train/open-images-validation-5b8e7b7d76353482.txt,public_v2,fdced6d1dbc7cd10e2fd88f23fa49ad83ba53054d704be093a566eb9ce0d6c0a,042aa7c65311e2589e6f5cc1b3678f5a77fabb95a72a829cd211d62d750dfec7,d3338c4c267333d9,1,person,source_verified,
open-images-validation-5d7491ca3d9554af,open_images:validation:5d7491ca3d9554af,open_images,5d7491ca3d9554af,,,,duplicate-d79378d7bb604c52a455,positive,train,images/train/open-images-validation-5d7491ca3d9554af.jpg,labels/train/open-images-validation-5d7491ca3d9554af.txt,public_v2,1f1dcff99ca348745996294a8e9d463ebb30d2db3e96c30d7fca79fb99d465f1,129a62bd79354d5417112546a634521f148ef7db390cf90f6ba61c0592dbea29,beb4b89f8d4a4261,2,car,source_verified,
open-images-validation-5f544e81fdc69200,open_images:validation:5f544e81fdc69200,open_images,5f544e81fdc69200,,,,duplicate-3a7de5ade2fb361df1dd,negative,train,images/train/open-images-validation-5f544e81fdc69200.jpg,,public_v2,a7faa48ba8f4baa0d0898ad098923e87fcc6cc351e09ebe1404025ff083a34c6,171e941741856fcde74b4677914ce0bb790dd823bfe4807e97b79e51ab754f7d,cad5079cb8b14f64,0,,accepted_negative,
open-images-validation-5fb5e65f487d39a9,open_images:validation:5fb5e65f487d39a9,open_images,5fb5e65f487d39a9,,,,duplicate-021a9548b414d5d6317c,positive,train,images/train/open-images-validation-5fb5e65f487d39a9.jpg,labels/train/open-images-validation-5fb5e65f487d39a9.txt,public_v2,4ac2b8fabd19896ce664d11fdcf1ac2b5fe30da728d6565ea4708833019967e5,50ffb7b122a7eb2c563246f9b1c9bd1fe9355cb9eef0fd467a94adaf77fc14c8,a9f986ca9a873436,4,car;truck,source_verified,
open-images-validation-6083459ee573f0cc,open_images:validation:6083459ee573f0cc,open_images,6083459ee573f0cc,,,,duplicate-e25fb31e61a8470a9cf2,positive,train,images/train/open-images-validation-6083459ee573f0cc.jpg,labels/train/open-images-validation-6083459ee573f0cc.txt,public_v2,989e7c266645719be2effc7a1bb2e5a8b2f6a782824aedbe68cd5eead4ea1024,497f0e061f96d705c395dd96e4b2ff8961f7cdad179f5510a063eb7c6eadb442,9d921f1d33f918b0,1,car,source_verified,
open-images-validation-619b8af35cf65960,open_images:validation:619b8af35cf65960,open_images,619b8af35cf65960,,,,duplicate-3c00bd10e5d1ed6ad5ae,positive,train,images/train/open-images-validation-619b8af35cf65960.jpg,labels/train/open-images-validation-619b8af35cf65960.txt,public_v2,368886986aa53c0df1b5e7707be69e04b173c3c444337a9a56ba6598220c8e76,c121cdc4c99f4f2f0585281ce6b2d774742aea154a2a19a4a73d0ab6b82f4a1c,ce85a5fa9ad16036,1,car,source_verified,
open-images-validation-64850252d2e5e892,open_images:validation:64850252d2e5e892,open_images,64850252d2e5e892,,,,duplicate-5a5678a2f1b4dc8ebc83,positive,train,images/train/open-images-validation-64850252d2e5e892.jpg,labels/train/open-images-validation-64850252d2e5e892.txt,public_v2,7c7b5d8d4fd40ff75b27f2b21adfcc066e0bb7c0a7a8faddadc8f6a7a867b147,40cb339e03f6127239eeef566e98782b13b51d884d4dca391c2992c658db339d,d4c96336cdb29c46,1,person,source_verified,
open-images-validation-64cab6436c6bb951,open_images:validation:64cab6436c6bb951,open_images,64cab6436c6bb951,,,,duplicate-4229833c899b391b001b,positive,train,images/train/open-images-validation-64cab6436c6bb951.jpg,labels/train/open-images-validation-64cab6436c6bb951.txt,public_v2,9d37dff663d4f7eda807181789cb9a2063b39ce4fe953882e2b0b4c437568272,944f1454938d471ef26589523ae32f8cf20517458627283983d5136853fd60cd,b52ed5339da4089e,7,person,source_verified,
open-images-validation-6547a372ebf1b0fe,open_images:validation:6547a372ebf1b0fe,open_images,6547a372ebf1b0fe,,,,duplicate-f6ec94f79aed092c67ae,positive,train,images/train/open-images-validation-6547a372ebf1b0fe.jpg,labels/train/open-images-validation-6547a372ebf1b0fe.txt,public_v2,722afa48aeb32d05ec78332b166ac322e7f5d769bbf3ad48d37e4682529aec85,cad6fc610302deb144d8230c536bc17313e3cbabe407caa7f6bd0aa38fd10a63,91b93c8b0bc1d3e9,3,person,source_verified,
open-images-validation-658b8e771c498e46,open_images:validation:658b8e771c498e46,open_images,658b8e771c498e46,,,,duplicate-51be76a03271a50e184b,positive,train,images/train/open-images-validation-658b8e771c498e46.jpg,labels/train/open-images-validation-658b8e771c498e46.txt,public_v2,e1ed3acc721a06fb62a63ea4b30d28b786e0ae648f7783817fd7f31adeef01c8,c7f8f121c808240dfeec093bd0fd6446553382121f63bdc2fc0e9e3309a315f6,ffb1c15190cc8f46,3,motorcycle,source_verified,
open-images-validation-6597de66727f5951,open_images:validation:6597de66727f5951,open_images,6597de66727f5951,,,,duplicate-6efe1a332562d272de56,positive,val,images/val/open-images-validation-6597de66727f5951.jpg,labels/val/open-images-validation-6597de66727f5951.txt,public_v2,8e25e9976a0997856c1248a23d9468d96934f136b63775439d867babc993b001,7ae6b1e06d0fc9f282e70f862d26965274748aedf3637c376d92a2de6ac58a97,bcde43414493373b,1,person,source_verified,
open-images-validation-66a32cf3e2fc524e,open_images:validation:66a32cf3e2fc524e,open_images,66a32cf3e2fc524e,,,,duplicate-c960dae85bd6ae2d2824,positive,train,images/train/open-images-validation-66a32cf3e2fc524e.jpg,labels/train/open-images-validation-66a32cf3e2fc524e.txt,public_v2,19779b40e0aed6d07edcb24cf8ac48bd38cf01f1d96d5bddf0155250451fda58,3329b1f66c5c978f2eb98c355f0116244f458b730b17f0cf16ff08ef676d8e66,fb80c47b8095d7e8,1,car,source_verified,
open-images-validation-692cc7ce168a09d0,open_images:validation:692cc7ce168a09d0,open_images,692cc7ce168a09d0,,,,duplicate-da3b3ecaffd4b8295cc3,positive,train,images/train/open-images-validation-692cc7ce168a09d0.jpg,labels/train/open-images-validation-692cc7ce168a09d0.txt,public_v2,948816dec932c6c8b863a9bd7377b6b397c422bfa83929a11c1eae37fd43245c,d61a8a3e31a2cdda451456983030b6d26ac733e0b5b87e36864baf8869f908dc,86b17966dc396466,2,person,source_verified,
open-images-validation-6939c8c10f5c62c7,open_images:validation:6939c8c10f5c62c7,open_images,6939c8c10f5c62c7,,,,duplicate-3a0150990e35d4b0acd4,positive,train,images/train/open-images-validation-6939c8c10f5c62c7.jpg,labels/train/open-images-validation-6939c8c10f5c62c7.txt,public_v2,897c0b5d3e216ecd80a7e064204c3eae86ed8d35461a19784ddf3dcc1153ccde,c7e6aa1f6eecd66eb8e9723b318bc6ab51e9282ce613a1b1c4dae5a38809476a,cad2b4056ffa1247,19,person,source_verified,
open-images-validation-697d183f7256f917,open_images:validation:697d183f7256f917,open_images,697d183f7256f917,,,,duplicate-d8ab5511e804a8eb76f2,positive,val,images/val/open-images-validation-697d183f7256f917.jpg,labels/val/open-images-validation-697d183f7256f917.txt,public_v2,9b074c48ea737b8e0b765bf6014e99a79f22c49eccedec4da66ebefb396aede1,f8cc0e51ba2b1378699ae6a67ba7bf5b4129a72de6c64247927b23dfc78125e3,99e267cc86b343b1,1,person,source_verified,
open-images-validation-69e8dc2d99fe5bc1,open_images:validation:69e8dc2d99fe5bc1,open_images,69e8dc2d99fe5bc1,,,,duplicate-f582a021b9c712535d7e,positive,train,images/train/open-images-validation-69e8dc2d99fe5bc1.jpg,labels/train/open-images-validation-69e8dc2d99fe5bc1.txt,public_v2,4bb46746132015c328a95b4782e6a1ae605750794f805429e0685ac972ff58d3,807b9e9edf2d4cb18add4b4d8a332405c14ac5a48f1925c578d606187e654fb8,87078fb6b43062eb,4,car;truck,source_verified,
open-images-validation-6a35d70eeafaac19,open_images:validation:6a35d70eeafaac19,open_images,6a35d70eeafaac19,,,,duplicate-489cf7422ebcfc3b4895,positive,train,images/train/open-images-validation-6a35d70eeafaac19.jpg,labels/train/open-images-validation-6a35d70eeafaac19.txt,public_v2,8e8510c1db695268cfca2d868e945d6d2651120b02b95a942e607b8f69ca2cef,821fac0644a5d2ff183be4a26bdcfa3bce649dd9007e9b0e35b7a6cbaec3ebb1,af88bcb6d5c930e0,1,person,source_verified,
open-images-validation-6a9030aeb0f2ec5a,open_images:validation:6a9030aeb0f2ec5a,open_images,6a9030aeb0f2ec5a,,,,duplicate-a64352ccbd61a1058237,positive,train,images/train/open-images-validation-6a9030aeb0f2ec5a.jpg,labels/train/open-images-validation-6a9030aeb0f2ec5a.txt,public_v2,e48d7607ca27ffb0c89b9e77a0c9f295735bac595e02b6dee6e70bc424b25d0a,2c34c8c42b742afed8c75dd4ca63b673238ad33d826db56b833d746e56564e29,9b836617c866b53c,1,car,source_verified,
open-images-validation-6aed02f45ed73fa5,open_images:validation:6aed02f45ed73fa5,open_images,6aed02f45ed73fa5,,,,duplicate-78fec9fa2a2b31dfbe1a,positive,train,images/train/open-images-validation-6aed02f45ed73fa5.jpg,labels/train/open-images-validation-6aed02f45ed73fa5.txt,public_v2,30dff60ef1710c53af2fef6bcafde5c09ecd57f46d81452d97e0e03acee413c1,ce2e7bf8b819077742c9789f7dfb8cd7785be0bb2a9bc20377be6e1737ae346f,ec93339cd063cd61,2,car;motorcycle,source_verified,
open-images-validation-6b20d727d067c9af,open_images:validation:6b20d727d067c9af,open_images,6b20d727d067c9af,,,,duplicate-635de86a0e11e56000df,positive,train,images/train/open-images-validation-6b20d727d067c9af.jpg,labels/train/open-images-validation-6b20d727d067c9af.txt,public_v2,75fc810af451bcf97ea8d1b56e6cae75aac6454bd95a477a84b3551e1231a45a,9b20b8323a63079fe548f605689f68fa840428a2f3ee870b9a7fe1e8f1aefcd4,dee152be419a2de0,11,person,source_verified,
open-images-validation-6d0ac5fcb50df70b,open_images:validation:6d0ac5fcb50df70b,open_images,6d0ac5fcb50df70b,,,,duplicate-0fcc31ea2cfab344422f,positive,train,images/train/open-images-validation-6d0ac5fcb50df70b.jpg,labels/train/open-images-validation-6d0ac5fcb50df70b.txt,public_v2,b6f9a1ac0211a70e4198d1644a749ec8148ce393c40f25ea2baca764e8d233e4,d3aa9f3374907a11db8132882c6d4012ec08eaf6859063a9cbb6d32fa3908916,d40b1a74d7950fca,3,car;truck,complete,
open-images-validation-6e7e04ce669f9898,open_images:validation:6e7e04ce669f9898,open_images,6e7e04ce669f9898,,,,duplicate-51dc89565342d904d197,positive,train,images/train/open-images-validation-6e7e04ce669f9898.jpg,labels/train/open-images-validation-6e7e04ce669f9898.txt,public_v2,8dc71a69aa342466fd283fc9e11018c937b1f6f4b2c973498111f1fb6e3499d4,86894ea44b42af411447dd2aa9a929c75f784a522aa2b3bf6c43216166007119,e89358ecc6b59331,1,bicycle,complete,
open-images-validation-6fe6046bdc8438a6,open_images:validation:6fe6046bdc8438a6,open_images,6fe6046bdc8438a6,,,,duplicate-f3e2973aa32627b4b44b,positive,train,images/train/open-images-validation-6fe6046bdc8438a6.jpg,labels/train/open-images-validation-6fe6046bdc8438a6.txt,public_v2,3023a0d8ebf1111c10410a7b6ebb7f4e45d9c661c0daf11bcfa2f196b4f70b57,2e01de66b078948d04648b7db1d4dd09d229f7fa2fe6bf6882926bb175902b3f,89a0a7dfd34c4c53,1,car,source_verified,
open-images-validation-701f228e7772487f,open_images:validation:701f228e7772487f,open_images,701f228e7772487f,,,,duplicate-ffd136da838fad706ee2,positive,train,images/train/open-images-validation-701f228e7772487f.jpg,labels/train/open-images-validation-701f228e7772487f.txt,public_v2,7219c5b3ae4560b54202addc40c0bd8fdfc37dd6aee50f0cb167638e137d9ad6,e04a3a7da90e5148c69ad0b859494440e5c06bbe4e01eb628b718577b76bab03,cc71368e71cc734c,1,person,source_verified,
open-images-validation-707a940657f7235c,open_images:validation:707a940657f7235c,open_images,707a940657f7235c,,,,duplicate-2ae56a087ca2fc1fdb7f,positive,train,images/train/open-images-validation-707a940657f7235c.jpg,labels/train/open-images-validation-707a940657f7235c.txt,public_v2,9518026358fae51097a5b1efc90e293656833bd18f01d47982c638a78f23a785,23588f21826eb9546419ba227d2f0d319cf67d7016fcf6a5e410e4a51be07c63,a116665e0c31fee5,16,person,source_verified,
open-images-validation-707d4314a6dd3a42,open_images:validation:707d4314a6dd3a42,open_images,707d4314a6dd3a42,,,,duplicate-7d53e178ff8e7e70be24,positive,train,images/train/open-images-validation-707d4314a6dd3a42.jpg,labels/train/open-images-validation-707d4314a6dd3a42.txt,public_v2,0b60f46806df7322c25bbaeef533d58610e2ac0178c327b34b1ed1947228737d,54436ec9f20caaa6c0d6df832186fcc1133e0aae4021561c7f2c90f86a1e6275,fa94e18ce3d0ad4a,2,motorcycle,complete,
open-images-validation-71df72bf0f7b67ca,open_images:validation:71df72bf0f7b67ca,open_images,71df72bf0f7b67ca,,,,duplicate-af9b4d5a87b8e745703c,positive,train,images/train/open-images-validation-71df72bf0f7b67ca.jpg,labels/train/open-images-validation-71df72bf0f7b67ca.txt,public_v2,a59802019c7f41b8ca4abf178f4169f8a2cce9e9a422db0e8196aeb5d7eca082,3b20b316455ffa9f2837877d70ecfeef7bb7d5d6cfffd2737c85825fca3b4d2a,ba80c5956e7a35c5,2,bus;car,complete,
open-images-validation-72db546b699bbc62,open_images:validation:72db546b699bbc62,open_images,72db546b699bbc62,,,,duplicate-e02d742f0c94c104cc2d,positive,train,images/train/open-images-validation-72db546b699bbc62.jpg,labels/train/open-images-validation-72db546b699bbc62.txt,public_v2,887d232d2f3c9d01a63ef141de1ee5d0cf36428326ac249cab53c5500d835cbb,a8353767558cb946f887d868ea6b342a6cce904365644221d49ab813688ab799,83adec2212dd6f62,2,car;truck,source_verified,
open-images-validation-77b405c5abec18e4,open_images:validation:77b405c5abec18e4,open_images,77b405c5abec18e4,,,,duplicate-4cbfbac743dce9ed3e0c,positive,train,images/train/open-images-validation-77b405c5abec18e4.jpg,labels/train/open-images-validation-77b405c5abec18e4.txt,public_v2,3fd9b2794f7ae424bb8d3f44c2a121a73c6db0068bb3bf4249c8c7ad2b59d312,dbad09149b5025e60b779f61f0990e7a69f28689648dee557ef81ca4ecb676d4,9e07d13940ddcdcc,10,car;person,source_verified,
open-images-validation-78537950379be986,open_images:validation:78537950379be986,open_images,78537950379be986,,,,duplicate-8295ffc3272dca8dd488,positive,train,images/train/open-images-validation-78537950379be986.jpg,labels/train/open-images-validation-78537950379be986.txt,public_v2,6a448537d748e6322a4ef629c8d075a6eb56a2b0e4aee936c8b09bdde4ca7e0e,2b6eb4bfa2f36f5cac5d5955e75cdca72dd7f2b79d1400733f428f5a859964c0,d7e78a1ae02a8ca7,3,motorcycle;person,complete,
open-images-validation-79241909a73dae1e,open_images:validation:79241909a73dae1e,open_images,79241909a73dae1e,,,,duplicate-f963d8c9e4cd427048b2,positive,train,images/train/open-images-validation-79241909a73dae1e.jpg,labels/train/open-images-validation-79241909a73dae1e.txt,public_v2,02438abd56a5bce4306462fd1eabcd29bd73cdb0d840b91ef6131fb4ca2ef497,0a7a0ab4a53fa4b498c7b4f0771b87f14c9a2e17f831aa90495dbf9e7dbf2fba,f2876934c5299769,1,car,source_verified,
open-images-validation-7a6c2d0a1ee92e3d,open_images:validation:7a6c2d0a1ee92e3d,open_images,7a6c2d0a1ee92e3d,,,,duplicate-c4d5febc2efa487c73c4,positive,train,images/train/open-images-validation-7a6c2d0a1ee92e3d.jpg,labels/train/open-images-validation-7a6c2d0a1ee92e3d.txt,public_v2,12ca38f096e945ea08b0e8e565b578296f2501869b1f73c305de3c9afdb61b29,e755baee1777294802b33bfac50478cc92e8879d5c0df00e41792251040d4792,e9299a3663c98c6d,1,car,source_verified,
open-images-validation-7bc31279dbb3dfe2,open_images:validation:7bc31279dbb3dfe2,open_images,7bc31279dbb3dfe2,,,,duplicate-15a22fa8a663d1205051,positive,train,images/train/open-images-validation-7bc31279dbb3dfe2.jpg,labels/train/open-images-validation-7bc31279dbb3dfe2.txt,public_v2,e6f30c76b32d9b70473eb37d550186ed612dcc4b4a7668105038f9300a0c4b20,7a73ceab8eb8619f8abd751a0b8bfc6c8fd0f153f56d4a42051a43ee0236d5ba,9ccb2766679f9900,5,person,source_verified,
open-images-validation-7d709e8151fe48bf,open_images:validation:7d709e8151fe48bf,open_images,7d709e8151fe48bf,,,,duplicate-3d33c1f621140209cf4a,positive,train,images/train/open-images-validation-7d709e8151fe48bf.jpg,labels/train/open-images-validation-7d709e8151fe48bf.txt,public_v2,5673356d53e7150ec5ae9a6315e6fc070c4ef98229b60f3bdfc22a9cf76fb69c,5287842ffac7577b50078a9293a892facd3bda761198f9b495df6e57617de052,c69cee90e82dedc0,3,person,source_verified,
open-images-validation-7dbfeb4cef319270,open_images:validation:7dbfeb4cef319270,open_images,7dbfeb4cef319270,,,,duplicate-25d0631a577d30f45b1d,positive,train,images/train/open-images-validation-7dbfeb4cef319270.jpg,labels/train/open-images-validation-7dbfeb4cef319270.txt,public_v2,95fee1344fbe8d5598ded90de469b2ddd0a4e156c07174442b3d3a92bf60c912,9e2da52b033e996e55699f3fa818c80cf9286c0293098223b81283998bb863b4,cb9234c35a3d6d2a,1,person,source_verified,
open-images-validation-7df7f347bb9f4dfa,open_images:validation:7df7f347bb9f4dfa,open_images,7df7f347bb9f4dfa,,,,duplicate-eb721803729da156e74c,positive,train,images/train/open-images-validation-7df7f347bb9f4dfa.jpg,labels/train/open-images-validation-7df7f347bb9f4dfa.txt,public_v2,a31893f746230e291ced6f0992d2f435e57dbb9cf202801a3d69f69fc142db47,61a79251f62718879eaa889aef459bb8dafda29b2a381ea6da2860dbaa4afb60,b8dba7e992604ad4,8,car;person;truck,source_verified,
open-images-validation-7e0e65a69143a553,open_images:validation:7e0e65a69143a553,open_images,7e0e65a69143a553,,,,duplicate-09d1cf5301641b92a6da,positive,val,images/val/open-images-validation-7e0e65a69143a553.jpg,labels/val/open-images-validation-7e0e65a69143a553.txt,public_v2,c448f5f9c33c239caa8e67dc8e8b6e418cf2640eeb86f970851b73f0817b96f8,2cd3fe788a1f5952138e204a8e409463e1dd60c3d8c7587db9861a6dd89ccaa8,e18cb6caf18996e1,1,person,source_verified,
open-images-validation-7e19197da3818c53,open_images:validation:7e19197da3818c53,open_images,7e19197da3818c53,,,,duplicate-e88714564ac598839439,positive,train,images/train/open-images-validation-7e19197da3818c53.jpg,labels/train/open-images-validation-7e19197da3818c53.txt,public_v2,86d860627ae98e3b6ba88e9c1c15ca83e196e001932dab7ccafcb8cc736d9785,7c6607f1fadfc5183a60cecf252f08c660ee4218ec1bdc9c3c3f49b7f67c7575,b6d7925852a90bad,24,bus;motorcycle;person,complete,
open-images-validation-7eb6688b2bc4fd3a,open_images:validation:7eb6688b2bc4fd3a,open_images,7eb6688b2bc4fd3a,,,,duplicate-a4ee2990424f7527d977,positive,train,images/train/open-images-validation-7eb6688b2bc4fd3a.jpg,labels/train/open-images-validation-7eb6688b2bc4fd3a.txt,public_v2,46c63cf9036df9179619179244c7cdaa891d4aaed746cd748f9bc8579600f4a6,3b3a38c8f2debb79ed2b99039432252ca261dca997bd1f43d6ac3d24a145d92f,fe82521bb1340fe5,1,bicycle,complete,
open-images-validation-7f98032f70ee5c93,open_images:validation:7f98032f70ee5c93,open_images,7f98032f70ee5c93,,,,duplicate-d02453925bced695aabe,positive,train,images/train/open-images-validation-7f98032f70ee5c93.jpg,labels/train/open-images-validation-7f98032f70ee5c93.txt,public_v2,839b2b4158e62513464110a1697630960df7b3b4f6c79b668ef320dab8c43393,2968ad4dc9f07f94527f3bd1ec2f49081cbc0451f55a7eb4d44fb854f091773f,b5998c4c4e0f37b4,4,person,source_verified,
open-images-validation-816e5c3bfc822700,open_images:validation:816e5c3bfc822700,open_images,816e5c3bfc822700,,,,duplicate-694a32e2616abd79ed93,positive,train,images/train/open-images-validation-816e5c3bfc822700.jpg,labels/train/open-images-validation-816e5c3bfc822700.txt,public_v2,8a14a1b2de7f6bb06452b26758b9e1640f2065bb41ac89c64c6f91e08b0f2023,887ad579f272a34ef930733cafb5e4108d05c4fb25c7117138246f9136190941,88c8ad6315959bb7,2,bus,source_verified,
open-images-validation-845336059e2c106e,open_images:validation:845336059e2c106e,open_images,845336059e2c106e,,,,duplicate-f2dc8d4a53ef4da4c02c,positive,val,images/val/open-images-validation-845336059e2c106e.jpg,labels/val/open-images-validation-845336059e2c106e.txt,public_v2,75375781a2c69ac6e859d2b406dca3d3cd51aff15dc61333b05ba3af38b75f6e,15e7e36969d072e0bafda639df5caabd10525c51d56da54f6bc4acdab0f573eb,de83212d9e8b897a,4,car;truck,source_verified,
open-images-validation-84fa672c3bb3e18e,open_images:validation:84fa672c3bb3e18e,open_images,84fa672c3bb3e18e,,,,duplicate-518d14a644b54680a867,negative,val,images/val/open-images-validation-84fa672c3bb3e18e.jpg,,public_v2,97a0ab2f543580c9c18c82bee11679dedc39c1bacc79f34a4992e47a6a4493a9,06a95f6adff29a6889d1cab3a68d61880f14eae35faf55d8bffe293a1a88afb9,a30fd8f27c6a7064,0,,accepted_negative,
open-images-validation-85e41bcaad711083,open_images:validation:85e41bcaad711083,open_images,85e41bcaad711083,,,,duplicate-bfff9b3d235613581cfa,positive,train,images/train/open-images-validation-85e41bcaad711083.jpg,labels/train/open-images-validation-85e41bcaad711083.txt,public_v2,e19d8e02451cc37ac74767d9c930610419473fc61d78d10633bbfaa8ce9f84dc,a46dd547f94b927625610e8288faf7324a93b25708e67b544293543e16a7045d,d10e7e3182de7b84,10,person,source_verified,
open-images-validation-862179706c51ef8d,open_images:validation:862179706c51ef8d,open_images,862179706c51ef8d,,,,duplicate-b573b3d8264525564d65,positive,val,images/val/open-images-validation-862179706c51ef8d.jpg,labels/val/open-images-validation-862179706c51ef8d.txt,public_v2,f17c449609f3b4168073e9a66dc55c5fa3d28ea5934ceed2923fb13c21eb1762,66d39f14b00da872ea28403f78f51152b9abc7968ea02e82b6fbc9d2808ebc2b,8efa7f7cd21010b8,2,bicycle;car,source_verified,
open-images-validation-8851d9faa6af2db6,open_images:validation:8851d9faa6af2db6,open_images,8851d9faa6af2db6,,,,duplicate-a64a6b45fb85e6bf48da,positive,train,images/train/open-images-validation-8851d9faa6af2db6.jpg,labels/train/open-images-validation-8851d9faa6af2db6.txt,public_v2,fde947a9f1b320999f62e710242dfeeea098d110f993564b71005a89c06495f8,c96ae9987387cb57fb4db53464b2a86528d1073e12e98a35574ac36fafe5839d,c564c6943e3dc96a,2,bus,source_verified,
open-images-validation-890453ed1fdbd3bc,open_images:validation:890453ed1fdbd3bc,open_images,890453ed1fdbd3bc,,,,duplicate-1ee788c102e6dbe54cff,positive,train,images/train/open-images-validation-890453ed1fdbd3bc.jpg,labels/train/open-images-validation-890453ed1fdbd3bc.txt,public_v2,cbf223d7a913a75d39312ed89d5ec28f767502d5cdd16f11fc8bd4f53d5ac749,c40c36473ede8ddb15928ca7da822d2ab33674da731c9c943f8072a42c6db155,c57a16f989a8b712,1,person,source_verified,
open-images-validation-8a80d919489a315f,open_images:validation:8a80d919489a315f,open_images,8a80d919489a315f,,,,duplicate-384a984318187668864f,positive,train,images/train/open-images-validation-8a80d919489a315f.jpg,labels/train/open-images-validation-8a80d919489a315f.txt,public_v2,61521f4de0d14c42e71674451ec4c5e3fe4babe9363328fe68a76a57688ce708,253eb1023b463f8cca3d11ee8bd2ac450e2862f1ba7210d3a8c2d7fa1f0d5241,c581b0b8e8ec6e3e,2,car,source_verified,
open-images-validation-8af639686c2ff2bb,open_images:validation:8af639686c2ff2bb,open_images,8af639686c2ff2bb,,,,duplicate-657324a9ea0712684232,positive,train,images/train/open-images-validation-8af639686c2ff2bb.jpg,labels/train/open-images-validation-8af639686c2ff2bb.txt,public_v2,74aa71e5059d183924a7dbb7f002f0594c2ffa031626f9d6a4698e6c17edf714,90c8f6f5b1c8edd8ee13a24347826e3d21cd1161e154359af91fe6dcaeded207,f2b0e68fc86a7530,1,truck,complete,
open-images-validation-8b09742b62d60334,open_images:validation:8b09742b62d60334,open_images,8b09742b62d60334,,,,duplicate-3c32e88eaeb8f2277d3e,positive,train,images/train/open-images-validation-8b09742b62d60334.jpg,labels/train/open-images-validation-8b09742b62d60334.txt,public_v2,185a9726e6540160ea409a97a24a6dc5f560dca51f6077cac3c3c3f254dd89df,0b5d4bb8f704d4d1d115cf52a64255698562fb3bcf5f758e13b8a822d3f9e9b1,f4c4c4f99b96283a,3,car;truck,source_verified,
open-images-validation-8c38193e31b009fe,open_images:validation:8c38193e31b009fe,open_images,8c38193e31b009fe,,,,duplicate-998af3b8be21e82d1741,positive,val,images/val/open-images-validation-8c38193e31b009fe.jpg,labels/val/open-images-validation-8c38193e31b009fe.txt,public_v2,42579e0f9ccbf3f947d5e2901939c2cf9cdc43ca0eb732fe0230ce0bec701aba,1dad98472c7135e16c56f7b4b286a75f6986963c44ad5305740967bd87fbc348,cac9d16a1cc5653e,3,car;truck,complete,
open-images-validation-8c3a7ca22c0ac8d9,open_images:validation:8c3a7ca22c0ac8d9,open_images,8c3a7ca22c0ac8d9,,,,duplicate-f594a75b28292a091b00,positive,train,images/train/open-images-validation-8c3a7ca22c0ac8d9.jpg,labels/train/open-images-validation-8c3a7ca22c0ac8d9.txt,public_v2,2684deb5e112009a0f2010580ae2ed21b39328bd55530b476174ba860b75fbcc,f50c9cf547b1670dab24321d293e0131b4b0eee47c79274dee1e4daaed13af62,f8b2f231a160ce4f,3,bus,source_verified,
open-images-validation-8c4b9d096f6423ed,open_images:validation:8c4b9d096f6423ed,open_images,8c4b9d096f6423ed,,,,duplicate-5b02f659949c9be24f32,positive,train,images/train/open-images-validation-8c4b9d096f6423ed.jpg,labels/train/open-images-validation-8c4b9d096f6423ed.txt,public_v2,c4212a2170975442f8c6f6098eaf2734618e11ff2051b52af52ddb6c8745e9f8,a79021e3fefb177f431f3c2f1605831ce2d9338bef89edf3c6bd49e5dfaa15c4,88d7f30c9671cb94,1,car,source_verified,
open-images-validation-8cb835b6e06562cb,open_images:validation:8cb835b6e06562cb,open_images,8cb835b6e06562cb,,,,duplicate-85ea1f5a66027cd2f5fb,positive,train,images/train/open-images-validation-8cb835b6e06562cb.jpg,labels/train/open-images-validation-8cb835b6e06562cb.txt,public_v2,d7eedf08820e45262aca521cff20524384274184949c2bb89b7cbb21a27e652b,5099e1b45c5eb9e8582f5a608d9b35139cf76d74daaecfebf95b6287ec0cee4d,dc708f2fb160b09b,1,person,source_verified,
open-images-validation-8d5ea8d8bd790eb3,open_images:validation:8d5ea8d8bd790eb3,open_images,8d5ea8d8bd790eb3,,,,duplicate-7b88c436b62c6accb0a1,positive,train,images/train/open-images-validation-8d5ea8d8bd790eb3.jpg,labels/train/open-images-validation-8d5ea8d8bd790eb3.txt,public_v2,54172cfd3fb20368d1d2ae4b8abbc5377ead694b7caea8e4b2d1a4b8c7069652,4426d09fea65639be1b5e92cf67071241194dc516ad803b998d10269868546ca,e8766b0b1ca8e639,1,person,source_verified,
open-images-validation-8ecb7a4da5a31e2a,open_images:validation:8ecb7a4da5a31e2a,open_images,8ecb7a4da5a31e2a,,,,duplicate-f573d54fd1b2d738ae9f,positive,train,images/train/open-images-validation-8ecb7a4da5a31e2a.jpg,labels/train/open-images-validation-8ecb7a4da5a31e2a.txt,public_v2,09b8a7e0563a06afda24633203e8a66fc518ec7429ce282e911c8d6f4097cb41,b2742ec6cb4fc2e8989e2e39292c74aef6dc46ee7194b3ed899e58308135429b,b383ccaeb2556ba0,1,person,source_verified,
open-images-validation-8f08cb18c27fbaa7,open_images:validation:8f08cb18c27fbaa7,open_images,8f08cb18c27fbaa7,,,,duplicate-57ab4fce032be3957574,positive,train,images/train/open-images-validation-8f08cb18c27fbaa7.jpg,labels/train/open-images-validation-8f08cb18c27fbaa7.txt,public_v2,9f4f74b1bd66955524a7a795146b50c64ad771bb14f9ebeca13812b39d3f380d,970b6df0b236c1987e1198cb72056da76287dbc4e9c152f48aea7eec3b373090,e813170e25757b72,2,bicycle;person,source_verified,
open-images-validation-90576c0143252086,open_images:validation:90576c0143252086,open_images,90576c0143252086,,,,duplicate-fdabe92fa324da91a4ed,positive,train,images/train/open-images-validation-90576c0143252086.jpg,labels/train/open-images-validation-90576c0143252086.txt,public_v2,332fac5c0a2c225f1370966189b0174877f96171a3f81a30b44d976c3b9d3e69,9bce1c55f236ac9d4af2e80dc93316006abf07ffb94f9f7e62b3351065f90e31,a4591b66a1fd8c9a,16,person,source_verified,
open-images-validation-90d47a425eb520f1,open_images:validation:90d47a425eb520f1,open_images,90d47a425eb520f1,,,,duplicate-8a51a7a06d66e16b66b0,positive,train,images/train/open-images-validation-90d47a425eb520f1.jpg,labels/train/open-images-validation-90d47a425eb520f1.txt,public_v2,770c36ad09ad2aa9ea1ef286e82d541c9307b99c0a234b310ca208845d3cbe74,de76043c1680ec32617d877f2c08bd9b9234c360c3db92c15e3aabcc2a100449,91e0aa9dcda4ce5a,1,car,source_verified,
open-images-validation-91c3519ebd61e995,open_images:validation:91c3519ebd61e995,open_images,91c3519ebd61e995,,,,duplicate-f85e4343bf522e35eced,positive,train,images/train/open-images-validation-91c3519ebd61e995.jpg,labels/train/open-images-validation-91c3519ebd61e995.txt,public_v2,6dac210e0d4812ed69967060e3a46dcac4cb9ed1e141914888075874f756b0c8,8c3de77ea58ae7436b7a0c0b65330eaad664c6b768cf1626b1e4d710fb392f61,b687d26c8c9e5e24,12,person,source_verified,
open-images-validation-92157226691247e1,open_images:validation:92157226691247e1,open_images,92157226691247e1,,,,duplicate-5afc92834eeb53a638be,positive,train,images/train/open-images-validation-92157226691247e1.jpg,labels/train/open-images-validation-92157226691247e1.txt,public_v2,066d3dc2fbf747b0612ec3260621768a8f47bee1aa15000b09ccc74ce330836c,695379f4fa0a99d2d0fa8155d2a49796c96f8419183db19a5770bfd71e4a608a,9a8845813bf62b6f,23,person,source_verified,
open-images-validation-92866e831f13e423,open_images:validation:92866e831f13e423,open_images,92866e831f13e423,,,,duplicate-4899b65a9e7102f77e64,positive,train,images/train/open-images-validation-92866e831f13e423.jpg,labels/train/open-images-validation-92866e831f13e423.txt,public_v2,66a66968e1f297efa7961d6b425d4aaf0807483cfb9fc2003b1ab6dbcc94b6e9,8204f852710edc5fdfac976fc07b2534699aff8ef5e8786649e8f858937be46d,e1fc3c67c351e0e0,1,car,source_verified,
open-images-validation-93ce462712b43110,open_images:validation:93ce462712b43110,open_images,93ce462712b43110,,,,duplicate-a4881d4b0dc12f778c06,positive,train,images/train/open-images-validation-93ce462712b43110.jpg,labels/train/open-images-validation-93ce462712b43110.txt,public_v2,5d893a7bbf9a934564c5423f752e8c50e5f63e6574f36891f55e8f1552fd8e99,3df8c75c60364f764abfb1b8a724cdba8a3c3143798d2b803508a261bd66875b,f00a716dcaf35075,5,person,source_verified,
open-images-validation-941319ef5b977fb8,open_images:validation:941319ef5b977fb8,open_images,941319ef5b977fb8,,,,duplicate-c509f8677b62294eb184,negative,train,images/train/open-images-validation-941319ef5b977fb8.jpg,,public_v2,092c5ab118ca198d0115097ca726f298d2c43c4f2d2d89a6f13511533947f191,ad13742dfa46036a0c4bd3099eb6accd4d02c608699c1a82ea38e727c107d855,f1f392d98d46ca81,0,,accepted_negative,
open-images-validation-95c53fb49dac586d,open_images:validation:95c53fb49dac586d,open_images,95c53fb49dac586d,,,,duplicate-7d2afb96fa5e36f02c1d,positive,val,images/val/open-images-validation-95c53fb49dac586d.jpg,labels/val/open-images-validation-95c53fb49dac586d.txt,public_v2,1096b807b141eac0a1b746324c8bb9b812c7e50ac093609ec1e918ba452d8a46,73a1bdf67328a057de16933d7c45461fd84d16e660ed6c5a069b299e27d9a691,ee1ef0ace1f01ec0,1,person,source_verified,
open-images-validation-969ff6fbfc219fda,open_images:validation:969ff6fbfc219fda,open_images,969ff6fbfc219fda,,,,duplicate-45eabd6590532c89e7ab,positive,train,images/train/open-images-validation-969ff6fbfc219fda.jpg,labels/train/open-images-validation-969ff6fbfc219fda.txt,public_v2,272b147adf52fd1ec8de57fa0a5a9138cf3f863e45de77bfe31d0397c7dfb689,f8a7027dc80dd997ee91e0c7465486fc826cc6020fa1def550b873f3325db6f2,9495ab2554559bad,2,car,source_verified,
open-images-validation-99ea63d21eb57ed2,open_images:validation:99ea63d21eb57ed2,open_images,99ea63d21eb57ed2,,,,duplicate-c160975c09669a99aac4,positive,train,images/train/open-images-validation-99ea63d21eb57ed2.jpg,labels/train/open-images-validation-99ea63d21eb57ed2.txt,public_v2,8367af5c4f762a941a5cc9bfc5ce780ff3ea90ad962f1f271489ca77f0ad8952,e978abafdb6cc628725bb1b890d83718e79f6be68d17020fb79bf30638956703,b9074ebc31679cc8,1,person,source_verified,
open-images-validation-9add8c99eb1ce2e2,open_images:validation:9add8c99eb1ce2e2,open_images,9add8c99eb1ce2e2,,,,duplicate-4fd8e561483e8b0d6ca7,positive,train,images/train/open-images-validation-9add8c99eb1ce2e2.jpg,labels/train/open-images-validation-9add8c99eb1ce2e2.txt,public_v2,eb6807a4ea14f4ecb0cc4142134ff38a5c69a3092a7fef1cba0f39cab49b7295,105c1471216f706e5057b74225db9b0a83593d975f103ba2c7c6240a6ccead17,c38fc3605c317796,1,car,source_verified,
open-images-validation-a076eedadef54d8a,open_images:validation:a076eedadef54d8a,open_images,a076eedadef54d8a,,,,duplicate-5286a7f8fadec89520d5,positive,train,images/train/open-images-validation-a076eedadef54d8a.jpg,labels/train/open-images-validation-a076eedadef54d8a.txt,public_v2,090e156575b881a0ed3c2342322ecafa6c481122bf2fc3e19f6626e4b355d504,cec71275536f3caec73be2cba4b3fbb2c6fcc4102ceddc7fc3cc83f6d31eaacf,dac585721e9c73c4,2,bicycle;motorcycle,source_verified,
open-images-validation-a0980b27f617ba7d,open_images:validation:a0980b27f617ba7d,open_images,a0980b27f617ba7d,,,,duplicate-85f9b4a58ff8abc4afea,positive,train,images/train/open-images-validation-a0980b27f617ba7d.jpg,labels/train/open-images-validation-a0980b27f617ba7d.txt,public_v2,3e551540183308c4f87963aee0a45412b9a4d85fec279a1ebba2023341a8ddf3,8d6a591007197b958d2dce0b7892d39ebf44828bd4a8110505ed3773a3eae993,9433532678cbc7e4,7,person,source_verified,
open-images-validation-a0e14c71c9a72b6b,open_images:validation:a0e14c71c9a72b6b,open_images,a0e14c71c9a72b6b,,,,duplicate-b3a4d72044bebd3a119e,positive,train,images/train/open-images-validation-a0e14c71c9a72b6b.jpg,labels/train/open-images-validation-a0e14c71c9a72b6b.txt,public_v2,dbea6f5aedf38593c9ed9334e51376ae9144388350ca071e63bd92e8f09f9380,2344e0af0fadb82e0f8a89f845c4a8439527374b4c7943d7215120cfeeeaa901,b44b6994ecb4496b,1,person,source_verified,
open-images-validation-a2e9e0465112b0e2,open_images:validation:a2e9e0465112b0e2,open_images,a2e9e0465112b0e2,,,,duplicate-4d57fa667f84ca3bf1c6,positive,train,images/train/open-images-validation-a2e9e0465112b0e2.jpg,labels/train/open-images-validation-a2e9e0465112b0e2.txt,public_v2,002a015bbb60563ae8d6fe6aa12eb45869fa1f59c5d3d6aa94e90e676885b5f7,ebcdd15450e3cbb0d0ccb0f0fa12bb6a6b523349834c0fcbaf7fa469a1e02a45,a85557b639cd0527,2,bicycle;person,source_verified,
open-images-validation-a52d7879d01b7465,open_images:validation:a52d7879d01b7465,open_images,a52d7879d01b7465,,,,duplicate-fb2aca4a293fac0006d5,positive,train,images/train/open-images-validation-a52d7879d01b7465.jpg,labels/train/open-images-validation-a52d7879d01b7465.txt,public_v2,9f0792c85afa8725f0003bdb3bdf2f4fd997a032f085d4d2edc2a781bb6f6272,37aa9fa135613cf9391701c478198f2e8d5bac046ce466b431857566f7080b2a,cd85b4a28bfb6d01,6,bicycle;person,source_verified,
open-images-validation-a549c7bdfd521ef2,open_images:validation:a549c7bdfd521ef2,open_images,a549c7bdfd521ef2,,,,duplicate-c74dac775f7dc0427a5d,positive,train,images/train/open-images-validation-a549c7bdfd521ef2.jpg,labels/train/open-images-validation-a549c7bdfd521ef2.txt,public_v2,4607f4c5a86237d9e7f73ea449147286281368db6e376092884ac7d2546b99cc,8073976c7352448168d0b8f7e87302d479de8785e44e7feb108644414234576a,e88995ef95388a33,1,car,source_verified,
open-images-validation-a6cb3c91062ba6fb,open_images:validation:a6cb3c91062ba6fb,open_images,a6cb3c91062ba6fb,,,,duplicate-72e12460dbd4aa35bce6,positive,train,images/train/open-images-validation-a6cb3c91062ba6fb.jpg,labels/train/open-images-validation-a6cb3c91062ba6fb.txt,public_v2,e676cf714431bbc8ab6984df5922273fcda10af6d44c3180c89c7f87782a1f22,09792a5a4a0308a0043eea7796e2d78bc8317a929f5852f0b52338972f4cf255,dc81075e4ccfc6c6,3,car;truck,source_verified,
open-images-validation-a73d0bbdf59ac4bf,open_images:validation:a73d0bbdf59ac4bf,open_images,a73d0bbdf59ac4bf,,,,duplicate-29cd7ea9de09bc47c523,positive,train,images/train/open-images-validation-a73d0bbdf59ac4bf.jpg,labels/train/open-images-validation-a73d0bbdf59ac4bf.txt,public_v2,d3baa280869eb9613d7ded7c97eab021a17eeb5bc2edc35ab855c1814dd26800,0c1fee42ddaa60df94263bcd3730e18fe8bd3326840808d83f7dee36a46e3308,a7a4c2ed94ba9896,1,person,source_verified,
open-images-validation-a7d23d18c22afa38,open_images:validation:a7d23d18c22afa38,open_images,a7d23d18c22afa38,,,,duplicate-ae7c94e1c736b6d621c2,positive,train,images/train/open-images-validation-a7d23d18c22afa38.jpg,labels/train/open-images-validation-a7d23d18c22afa38.txt,public_v2,6cc8ef602b7753cf1c7f1389db5672a343d0515ec903c5c0a21011e2dc41062b,fd2902210c02e284f9c8d51236d548557e6ec2594077a871cb9350a4e1c687e1,efa43232b3eccc11,2,person,source_verified,
open-images-validation-a8852b93fac788d4,open_images:validation:a8852b93fac788d4,open_images,a8852b93fac788d4,,,,duplicate-fa1d43e9dae6ae3ee126,positive,train,images/train/open-images-validation-a8852b93fac788d4.jpg,labels/train/open-images-validation-a8852b93fac788d4.txt,public_v2,335c099682fbaae2ee1c445f0878bd650269455dd0b5e9d85963f70fd00c01ab,a7a6982990bd814b5bd2670b7bf34e69af6b440963bdaf01c88e4b1b64437de7,a1909eeee427f072,4,person,source_verified,
open-images-validation-a9a8fb7b7c44a376,open_images:validation:a9a8fb7b7c44a376,open_images,a9a8fb7b7c44a376,,,,duplicate-ed78d476f1ba240f88c0,positive,train,images/train/open-images-validation-a9a8fb7b7c44a376.jpg,labels/train/open-images-validation-a9a8fb7b7c44a376.txt,public_v2,025e57558c86557d876379b6ea424611c0f556238460a8fea45d830d28eaa875,9178f2df809aca3d40d05757a313dcac915e53710aff30f947f3561b455deaf2,9f95d0eccc737300,5,car;person,source_verified,
open-images-validation-a9df67f758b6c286,open_images:validation:a9df67f758b6c286,open_images,a9df67f758b6c286,,,,duplicate-ae8535f8fe6d348f8974,positive,train,images/train/open-images-validation-a9df67f758b6c286.jpg,labels/train/open-images-validation-a9df67f758b6c286.txt,public_v2,7025dd67e4b2bddd832961c961421d90a2c801f86ffd62b1b52cb27e5f0d8b08,fa66f4248f41c13f8a09b6b07a65aff77bcebeb4c94019ab94ba278211258bf8,fb10c0eb9de9a20d,2,truck,source_verified,
open-images-validation-aa06186fb7db6f0c,open_images:validation:aa06186fb7db6f0c,open_images,aa06186fb7db6f0c,,,,duplicate-f177ec09f1c226958971,positive,train,images/train/open-images-validation-aa06186fb7db6f0c.jpg,labels/train/open-images-validation-aa06186fb7db6f0c.txt,public_v2,5c901ec3ec8cf142841386d99c6196524c3588e7ff4d39a478b01f65fc4f7652,e0f511e9ebbb66f1e06f9a870078856b6ed2a515295e9a8307a0d425c22ccf7d,8dda9e6d80c58379,13,person,source_verified,
open-images-validation-aacadd9f833b7c46,open_images:validation:aacadd9f833b7c46,open_images,aacadd9f833b7c46,,,,duplicate-eae4e3bf058073f40111,positive,train,images/train/open-images-validation-aacadd9f833b7c46.jpg,labels/train/open-images-validation-aacadd9f833b7c46.txt,public_v2,2d9ad393cd6a60278ab5ab12bc827b5cb28cbcc51ab69d99a689f3fee2cf59c1,3004bd3b1090d07a55eda6ea919e666026ab5c070d2102131e26ff4d0da74462,ce0cd9e53652e0ad,1,person,source_verified,
open-images-validation-ad261d4664d30b81,open_images:validation:ad261d4664d30b81,open_images,ad261d4664d30b81,,,,duplicate-fd1ba8cd994cb1f09dc0,positive,train,images/train/open-images-validation-ad261d4664d30b81.jpg,labels/train/open-images-validation-ad261d4664d30b81.txt,public_v2,94d9c42a4c3aca28efae81961707a8f4b77b34fc2e7fe4b3806a8048958dbdba,1d804b86a5eaa0747839ce90fe980f1da1c84cb858d572417eaee63645cd1ad2,c81fb5e5c49e9292,2,motorcycle;person,source_verified,
open-images-validation-ad75e45e4b701b5c,open_images:validation:ad75e45e4b701b5c,open_images,ad75e45e4b701b5c,,,,duplicate-4262b195320f2071019d,positive,train,images/train/open-images-validation-ad75e45e4b701b5c.jpg,labels/train/open-images-validation-ad75e45e4b701b5c.txt,public_v2,e058048bb52cda782f5173fe643cf1bee7493ab4811f068d0273463a79fb76b7,cfc380ff58961f2e9027261f5d1e2ae35093ab9b9310781de6c58160956a20e8,b0b0c7558e7ed185,2,person,source_verified,
open-images-validation-ada7cbd45cf01458,open_images:validation:ada7cbd45cf01458,open_images,ada7cbd45cf01458,,,,duplicate-20cb7da5d945fe8d2051,positive,train,images/train/open-images-validation-ada7cbd45cf01458.jpg,labels/train/open-images-validation-ada7cbd45cf01458.txt,public_v2,f5d8f2bb47e926b2dfa438a9b30bbe3c2f41e3a9664337ee38f7d552d618d4d8,25d8d723da409d3c5f8d8134c25f994996aed304220ed081f1427d12c69206ba,92b2328b6d318f6d,1,car,source_verified,
open-images-validation-ae58a6fa7d12ea50,open_images:validation:ae58a6fa7d12ea50,open_images,ae58a6fa7d12ea50,,,,duplicate-4be3f6ae09e72418a703,positive,train,images/train/open-images-validation-ae58a6fa7d12ea50.jpg,labels/train/open-images-validation-ae58a6fa7d12ea50.txt,public_v2,89dcfc8c28b341494c7d8bcb8c05265c464a7df1aed7baebc96c20fd3dffc5e2,493f43a268abc0362a200d63ae0ce4943e85cc74353842645d077698ce0df7e8,ff94c16c4e32b449,2,car;truck,source_verified,
open-images-validation-b0332967bb3702d4,open_images:validation:b0332967bb3702d4,open_images,b0332967bb3702d4,,,,duplicate-125e3993d9fc61b31bc7,positive,train,images/train/open-images-validation-b0332967bb3702d4.jpg,labels/train/open-images-validation-b0332967bb3702d4.txt,public_v2,897bca040131e6c6607b973f9fd3621347d6489d83b399020a36c9e857652b2f,6c21c8589ac300f7fdd040f9c005de031ac6f96d340e0b1149ff8d4d2d8aadc4,bc98dcf0e0c70793,1,truck,complete,
open-images-validation-b186a4c56fcb10b5,open_images:validation:b186a4c56fcb10b5,open_images,b186a4c56fcb10b5,,,,duplicate-6bb3e1c17d3fb598eaff,positive,train,images/train/open-images-validation-b186a4c56fcb10b5.jpg,labels/train/open-images-validation-b186a4c56fcb10b5.txt,public_v2,4659e36758064928b2ed8c0887be43dd9c56075da01fdef0ad24189cb5b8445e,e3654fefb28aff765a3bcfdd0e3ab4ce7c31105719dc6e033875bd8283c9e5b5,d41fe94490b05e6f,1,person,source_verified,
open-images-validation-b1b3a59d9c38e398,open_images:validation:b1b3a59d9c38e398,open_images,b1b3a59d9c38e398,,,,duplicate-99d317d9bfe055d6ae2e,positive,train,images/train/open-images-validation-b1b3a59d9c38e398.jpg,labels/train/open-images-validation-b1b3a59d9c38e398.txt,public_v2,67ad4f523b7997993a3675d4208d8fd86a9b987266e32d87351b9033e41abd62,a3e34c708a417180cd8a3ab078701f479476504db71a3589e67c097cb0c05057,eec595323b35c44a,1,person,source_verified,
open-images-validation-b2d323f23f9490bd,open_images:validation:b2d323f23f9490bd,open_images,b2d323f23f9490bd,,,,duplicate-4ddc86474ce4821b272d,positive,train,images/train/open-images-validation-b2d323f23f9490bd.jpg,labels/train/open-images-validation-b2d323f23f9490bd.txt,public_v2,c68a8b26f0478b12d7478c43fa5dc1e36d62718a989f4aa55b2d13047de70362,a1319eae4f587715c6fbd093166755da3034026272487a844db84bd0d181a5da,8890ffceb16217b1,13,car;person;truck,source_verified,
open-images-validation-b4ee8c1b2d3fb789,open_images:validation:b4ee8c1b2d3fb789,open_images,b4ee8c1b2d3fb789,,,,duplicate-e8978c865f4038950fbe,positive,train,images/train/open-images-validation-b4ee8c1b2d3fb789.jpg,labels/train/open-images-validation-b4ee8c1b2d3fb789.txt,public_v2,dee9936e502ed3517effd04f464a3eaf8526f4e55e3e45648e4e7c81cf642abc,132da97dc3606d1f9a03707fa1072ae73ed165eb690634b5213290d3c06b0d21,ea16f72bc69d011c,1,car,source_verified,
open-images-validation-b620ae0dea863c6c,open_images:validation:b620ae0dea863c6c,open_images,b620ae0dea863c6c,,,,duplicate-43bf0d72fd1037ce8e9e,positive,train,images/train/open-images-validation-b620ae0dea863c6c.jpg,labels/train/open-images-validation-b620ae0dea863c6c.txt,public_v2,993c032f0a67684580b911b81401635d2a7b352209b47417b09dbfc58fbaa6f2,6d8c1c7a8fe5c7f58ee5cd96a6a78ba1fbb8a9957825f3003ae0b68d54859d57,bb81b7da9cc3d028,6,bus;car;person,complete,
open-images-validation-b6335e12df4c6553,open_images:validation:b6335e12df4c6553,open_images,b6335e12df4c6553,,,,duplicate-ee2ed77a9be64a5c53ae,negative,train,images/train/open-images-validation-b6335e12df4c6553.jpg,,public_v2,fbb3a94a9119b10d39ce1bca3453e4704df62b51dfe8291c5cd4fa5d520ee115,63271c1f4b5cab7f0329f3894725419edb6a8265bf67618c92e62461a452dfde,d5934a956ad9625a,0,,accepted_negative,
open-images-validation-b74a7c57f13b9367,open_images:validation:b74a7c57f13b9367,open_images,b74a7c57f13b9367,,,,duplicate-61c0762dc2bb8765b963,positive,train,images/train/open-images-validation-b74a7c57f13b9367.jpg,labels/train/open-images-validation-b74a7c57f13b9367.txt,public_v2,a1e2477bd3986ff16af70cc592300d3b543130044c8d89d9f4e427d1e6006524,eedad64f934ce34abd9c682513a121f62300b22c18d9e382ae6c47317a4a9a15,d01f611ec89b3376,2,person,source_verified,
open-images-validation-b7b8279ee5925bbc,open_images:validation:b7b8279ee5925bbc,open_images,b7b8279ee5925bbc,,,,duplicate-88cf47e357691629605a,positive,train,images/train/open-images-validation-b7b8279ee5925bbc.jpg,labels/train/open-images-validation-b7b8279ee5925bbc.txt,public_v2,0fdf719d5123d3ad35dc1cec348f821deaaee27ccb51d3a3774e8bb927076bfb,a6d607b9591d2e87b8d588810f9376902bce12c6cc34e02a3feb6a1b4ef4b5b9,c699fc8331c23cf1,1,person,source_verified,
open-images-validation-b83bc06fc626598d,open_images:validation:b83bc06fc626598d,open_images,b83bc06fc626598d,,,,duplicate-e8c462f818f1a6f54a4e,positive,train,images/train/open-images-validation-b83bc06fc626598d.jpg,labels/train/open-images-validation-b83bc06fc626598d.txt,public_v2,f5cd0f3518c693af5f3904734fd75ba3aa566cbb34a4a01afa350b69a985992b,85e2ba7c6fe595b0258b4a76d57040f438bce85c8a2a118a37ae8c272f0e5fbf,c98537f9d2360d89,1,person,source_verified,
open-images-validation-bafdb60c4d5b53b0,open_images:validation:bafdb60c4d5b53b0,open_images,bafdb60c4d5b53b0,,,,duplicate-6657ce02eea945f65484,positive,train,images/train/open-images-validation-bafdb60c4d5b53b0.jpg,labels/train/open-images-validation-bafdb60c4d5b53b0.txt,public_v2,6fcefab514d8e8ba087b33409a7d5b747bcea7b45fccd1b5491c88e9856cfb01,bf655c854f45cfcafdc4bcb1cbd6da4c15678b5c332abaac5db664e1ff016bf1,8a4a73770cdc33c9,2,motorcycle;person,complete,
open-images-validation-bb3990b16c8a4712,open_images:validation:bb3990b16c8a4712,open_images,bb3990b16c8a4712,,,,duplicate-aca088e16af95d85d7c0,positive,train,images/train/open-images-validation-bb3990b16c8a4712.jpg,labels/train/open-images-validation-bb3990b16c8a4712.txt,public_v2,4e35497beba84eb5d9920b60755b9d7addf55b8684486485b4161c6208ba5dac,f91005fc8e297a15756ad8a462384e7050dff7ffe0c4e25060cfc91d34721f14,a4c5cd9a936d6136,3,car;truck,source_verified,
open-images-validation-bb54d90789b049ec,open_images:validation:bb54d90789b049ec,open_images,bb54d90789b049ec,,,,duplicate-b7806bddf8ee81d8afc7,positive,train,images/train/open-images-validation-bb54d90789b049ec.jpg,labels/train/open-images-validation-bb54d90789b049ec.txt,public_v2,6574e8537136d91d2bfee01742ea091f1ee5b8b49ba2f206b23c56a7cd8dc12e,cc27ff227e2f3fc00dbb902b0a908ae03c9fcf716c9dda8fd32a60fd8438c580,92c27dbf22985b61,5,person,source_verified,
open-images-validation-bcc2111336a70f4d,open_images:validation:bcc2111336a70f4d,open_images,bcc2111336a70f4d,,,,duplicate-96fd14a8d2fc6abeec52,positive,val,images/val/open-images-validation-bcc2111336a70f4d.jpg,labels/val/open-images-validation-bcc2111336a70f4d.txt,public_v2,eb340abd1f5bc0d2559bd6216dfc7c605334f70cf2704a35ecffd2785c10efe2,cba44ce4d25fc6503586c012312570fa37dcc99061bf788d52768a2a9874e12f,bd3409327a5c2f63,1,person,source_verified,
open-images-validation-bd0500fe01d067bc,open_images:validation:bd0500fe01d067bc,open_images,bd0500fe01d067bc,,,,duplicate-673e29b35a54e4af8f80,positive,train,images/train/open-images-validation-bd0500fe01d067bc.jpg,labels/train/open-images-validation-bd0500fe01d067bc.txt,public_v2,c51aa094d4b812a75505f7f8fb2078243a4bedd8fd776cd8efad01ede0e6355b,8f9dd3840ccca986e6e1b82dde65a3df38fa2e60b4b7ac38af70943401d0124c,bf14942bf6220add,1,person,source_verified,
open-images-validation-bd57e10961b5948e,open_images:validation:bd57e10961b5948e,open_images,bd57e10961b5948e,,,,duplicate-85e7ccdc814ca53de472,positive,train,images/train/open-images-validation-bd57e10961b5948e.jpg,labels/train/open-images-validation-bd57e10961b5948e.txt,public_v2,8bd7a6369fb76cf7621c33bd502dea5e3344cd45396c1aaa5d85c605970522aa,63dbc43a6554bb6da56ab42103144d0f6e829231271851f2a50df38c5c87d265,c717369599f910d2,21,person,source_verified,
open-images-validation-bf4441e2d25147e7,open_images:validation:bf4441e2d25147e7,open_images,bf4441e2d25147e7,,,,duplicate-9691e515fc66f5e0475b,positive,train,images/train/open-images-validation-bf4441e2d25147e7.jpg,labels/train/open-images-validation-bf4441e2d25147e7.txt,public_v2,49a067d1376459fd1aff11bb789c54e5d3bd1363fa5af10b2ef61a3a68134f30,8d964b25782937159888ac308c7a163da7c9493f2e53465bb0e543768c509dbd,bc94c35fe4364349,2,car;truck,source_verified,
open-images-validation-bf646c5c90dea12c,open_images:validation:bf646c5c90dea12c,open_images,bf646c5c90dea12c,,,,duplicate-a69193aa0d2606721459,positive,train,images/train/open-images-validation-bf646c5c90dea12c.jpg,labels/train/open-images-validation-bf646c5c90dea12c.txt,public_v2,da293299025f04c37164e3a2d8a67387bb0faaa4a618d4773f062bf10e660c97,b2bbcae6eaa9e47573ade2763cd1af033a10716b733009c6c13d4009170ddaaf,c0607d7baae8ea68,5,bicycle;person,source_verified,
open-images-validation-c073c3cf1ff452ec,open_images:validation:c073c3cf1ff452ec,open_images,c073c3cf1ff452ec,,,,duplicate-c7ef7423a0ded242dfa4,positive,val,images/val/open-images-validation-c073c3cf1ff452ec.jpg,labels/val/open-images-validation-c073c3cf1ff452ec.txt,public_v2,03a965a33347939fe5e8c2d7794bf7176464bbb001142f7df2508ffa8574dcc8,8e22fe73cd729df303279f88a65e541a5f02e32ff93cccb36a463525e60deedb,b6318f6a87768570,11,person,source_verified,
open-images-validation-c16781b6b6a0732f,open_images:validation:c16781b6b6a0732f,open_images,c16781b6b6a0732f,,,,duplicate-9c713bd038a587f957a8,positive,train,images/train/open-images-validation-c16781b6b6a0732f.jpg,labels/train/open-images-validation-c16781b6b6a0732f.txt,public_v2,a2857d39adf414ebc47c02fe878f00540b6b1cb5ae19c1619a4a3af0509648d7,3c2e9b002923e69d92689b0a5e54597687df4d7fcc119d41aa91a93fae7cf463,d77ecc64ec1912c2,1,person,source_verified,
open-images-validation-c2866d8ee7d1b7bb,open_images:validation:c2866d8ee7d1b7bb,open_images,c2866d8ee7d1b7bb,,,,duplicate-e20878ae524d72ce5fcd,positive,train,images/train/open-images-validation-c2866d8ee7d1b7bb.jpg,labels/train/open-images-validation-c2866d8ee7d1b7bb.txt,public_v2,c00f549325c2682cac66769f02530fc4f6961827e7b130f43eab25d1b7a5ebd3,d20613a5faea0f23fc10acb93ddf5ec547daff84263ae3091f8cf058715d7e31,bb199163ca3ccb38,23,motorcycle;person,complete,
open-images-validation-c2888bdb4749757e,open_images:validation:c2888bdb4749757e,open_images,c2888bdb4749757e,,,,duplicate-315f7ba5833094110e13,positive,train,images/train/open-images-validation-c2888bdb4749757e.jpg,labels/train/open-images-validation-c2888bdb4749757e.txt,public_v2,60d9b37eaa9456c56138035e9dabc5931f122dc96ae69515db43f6e8c82e090b,4479d12bbcf397aadd636563b3d9b19bc58b7c0f91388fe2415649494d2d4e83,999933e63c2ee60c,1,bicycle,complete,
open-images-validation-c3405456cacedc12,open_images:validation:c3405456cacedc12,open_images,c3405456cacedc12,,,,duplicate-25548277141f533234ab,positive,val,images/val/open-images-validation-c3405456cacedc12.jpg,labels/val/open-images-validation-c3405456cacedc12.txt,public_v2,f962cd7d6a98dd5d2f905ca734d580188740a9e4605c4c5ef3653bae57fea3a4,b84667d30ecd08b01b2774c839b891aaa66a2c43aed1bac1853963cc36426f89,fd84227ba9999a62,1,person,source_verified,
open-images-validation-c36e6a05850dc96f,open_images:validation:c36e6a05850dc96f,open_images,c36e6a05850dc96f,,,,duplicate-f32fa029aec12c6f15b4,positive,train,images/train/open-images-validation-c36e6a05850dc96f.jpg,labels/train/open-images-validation-c36e6a05850dc96f.txt,public_v2,e8efedd03497693e65000e8dfef395d5fef95d24d19708a30564712ea77b3be8,ddeddf2603268a46cd3ed27c5a931894e995931ee850f6ee646832b5e86189fb,dde75234c3bc4b80,5,motorcycle;person,source_verified,
open-images-validation-c36edfa89dc8accd,open_images:validation:c36edfa89dc8accd,open_images,c36edfa89dc8accd,,,,duplicate-5653c32c4cae17f89344,positive,train,images/train/open-images-validation-c36edfa89dc8accd.jpg,labels/train/open-images-validation-c36edfa89dc8accd.txt,public_v2,4d40635bbf959fc88f664820482161d250cbbf8cfe5b43cec54fde340acdee3b,a2b95f4640380c59f22765c6da656a20acf94b18eea1ba1377eb76f7b3683704,c5f4f2eba42c9618,2,bus;person,source_verified,
open-images-validation-c67125ffd5e8cde0,open_images:validation:c67125ffd5e8cde0,open_images,c67125ffd5e8cde0,,,,duplicate-3c0bcbb4105503740234,positive,train,images/train/open-images-validation-c67125ffd5e8cde0.jpg,labels/train/open-images-validation-c67125ffd5e8cde0.txt,public_v2,45c368117dc89763e14c542f266ae7b47f4e078ff5a9236f2e8321007ca7f757,261f1c3f3529e9a5c84ad3fabacd4d8e1970e7f838dc0dfb43c69f963a8e2a35,e8c7c21b9b386527,2,person;truck,source_verified,
open-images-validation-c97de940aa07c48f,open_images:validation:c97de940aa07c48f,open_images,c97de940aa07c48f,,,,duplicate-959cd152cadc74b46381,positive,train,images/train/open-images-validation-c97de940aa07c48f.jpg,labels/train/open-images-validation-c97de940aa07c48f.txt,public_v2,b23b046577bd2fd358f973bc0b597a23ea590b437742a9c569743613ac068dae,df24081ca700d338f122112623b78cff088d69caa8d6d54f580bec7b84bd7cd5,b8da320d9bcd326c,1,car,source_verified,
open-images-validation-ca7c11a1c685a1ba,open_images:validation:ca7c11a1c685a1ba,open_images,ca7c11a1c685a1ba,,,,duplicate-8f5dd974cac914304488,positive,train,images/train/open-images-validation-ca7c11a1c685a1ba.jpg,labels/train/open-images-validation-ca7c11a1c685a1ba.txt,public_v2,d60b8e83852af2ee2b08fc025a7dfb2d03887606a9f7804ffdc9f189bde3842f,92bbb72118c5ac579d07d2f1131e2e434d514c796653cc0026d41c3bc4d4a63d,ce2aaca633e45333,4,bicycle,complete,
open-images-validation-cb71f571fce83515,open_images:validation:cb71f571fce83515,open_images,cb71f571fce83515,,,,duplicate-9d8c0be295c1339fae52,negative,train,images/train/open-images-validation-cb71f571fce83515.jpg,,public_v2,f16210a9a6c0c41c5edc895d20c938b11a8bab6b86add5d053f4e0f7045e714c,624cf593092c3280512cc8450e21873983f6389e08a3ef0ac24ea04b0995504e,b58d81c87a31a6f6,0,,accepted_negative,
open-images-validation-cc4cf9d11010f305,open_images:validation:cc4cf9d11010f305,open_images,cc4cf9d11010f305,,,,duplicate-475452f1b1ffbf5b8916,positive,train,images/train/open-images-validation-cc4cf9d11010f305.jpg,labels/train/open-images-validation-cc4cf9d11010f305.txt,public_v2,1f17617bbd700ef48c363f1b9a28ec4bd2c9a7e5191dd626d8689af42617749a,c2f7e54c320e2f51894ccfb179a4d6fdc2edadf0ab1de9f5334d1fb23ad0f925,ae5251bd8ea27319,1,car,source_verified,
open-images-validation-ccce1c730c1696db,open_images:validation:ccce1c730c1696db,open_images,ccce1c730c1696db,,,,duplicate-9ee0074554e98c5b4569,positive,val,images/val/open-images-validation-ccce1c730c1696db.jpg,labels/val/open-images-validation-ccce1c730c1696db.txt,public_v2,8e506f52a11ac0e5dbf26e17e16d62405d3038b418726c1d620a6127ae9baba8,f11e97cefe52917cd8078bca524a4ed94aafdae37c82655549ab25a71a0f107f,b627c91937c3983c,3,person,source_verified,
open-images-validation-cd73a53b54b0d2d0,open_images:validation:cd73a53b54b0d2d0,open_images,cd73a53b54b0d2d0,,,,duplicate-65c8b8f2dc7884254578,positive,train,images/train/open-images-validation-cd73a53b54b0d2d0.jpg,labels/train/open-images-validation-cd73a53b54b0d2d0.txt,public_v2,08f6da710d3bf943058f7c731e7d22a72295995bbf26b1400d2820a25df06571,c8dcb616b7460d129726aa8fb9228e7e770236e58180aa25d0e70f8d57b19d3a,c2d2ea81d32be29d,1,truck,complete,
open-images-validation-ce3664b6c582a920,open_images:validation:ce3664b6c582a920,open_images,ce3664b6c582a920,,,,duplicate-38b42f7976e3bdce5a4f,positive,train,images/train/open-images-validation-ce3664b6c582a920.jpg,labels/train/open-images-validation-ce3664b6c582a920.txt,public_v2,d9ebf4bc708a8b88f43f2ab39c964fdd61090b72e7a1c699d5368d009d73ffbb,27e8c414f7dad3dda671f8627362f6ee20a397d78092c89fdc0adfde64a4d0a5,afd4957ab48c08cb,2,person;truck,source_verified,
open-images-validation-ce696a0b196b8e36,open_images:validation:ce696a0b196b8e36,open_images,ce696a0b196b8e36,,,,duplicate-88f8fd212a7522bcdace,positive,train,images/train/open-images-validation-ce696a0b196b8e36.jpg,labels/train/open-images-validation-ce696a0b196b8e36.txt,public_v2,653b3ecb3e14ea57b1b6151953cfe4990db3133d615febeed6990171f99d4721,1269dea706b8a0e6be163bbb61f37b1f717f222168d21f345752e341992390fa,9906727b13cb2d72,3,bicycle;motorcycle;person,complete,
open-images-validation-cecdbf1251e6c6ac,open_images:validation:cecdbf1251e6c6ac,open_images,cecdbf1251e6c6ac,,,,duplicate-a4252eb3a14f88f66a0c,positive,train,images/train/open-images-validation-cecdbf1251e6c6ac.jpg,labels/train/open-images-validation-cecdbf1251e6c6ac.txt,public_v2,4f565d9fda2c22f862d8af92f4062a8aebc5cf4ead98407bc9fc6e2aeaffb38d,823413b6d4664415967df151763acbc51aafe5e1dfbb7243224b6dcf28384997,ca956678c8f2386e,1,car,source_verified,
open-images-validation-cef8e5fedcc6acf0,open_images:validation:cef8e5fedcc6acf0,open_images,cef8e5fedcc6acf0,,,,duplicate-52f9d96684dacda6f4b8,positive,train,images/train/open-images-validation-cef8e5fedcc6acf0.jpg,labels/train/open-images-validation-cef8e5fedcc6acf0.txt,public_v2,8a81559480b6531cf2d0ad336b0009305779aa51e713ffbd469a977e9cffbb47,66f380a79b45ad8dd07faf25b59f170de45642ff39e85f0bcfdd2635a7c3a9d3,d4e08e1930f9f8ea,2,bicycle;person,complete,
open-images-validation-cf13f80b28984d23,open_images:validation:cf13f80b28984d23,open_images,cf13f80b28984d23,,,,duplicate-d20af3b34702fd022aeb,positive,train,images/train/open-images-validation-cf13f80b28984d23.jpg,labels/train/open-images-validation-cf13f80b28984d23.txt,public_v2,8c04628149aa2d1339aca594b3b03a773f858d372ae61d2c55cc522f5f233b9d,126317fc116482612507537c72ea0371ae73d41e7bc4e7d5f1758f8ab681086f,ada5569e1678911b,3,person,source_verified,
open-images-validation-d0c51cceae14b069,open_images:validation:d0c51cceae14b069,open_images,d0c51cceae14b069,,,,duplicate-ed0c5541813c62281e6e,positive,train,images/train/open-images-validation-d0c51cceae14b069.jpg,labels/train/open-images-validation-d0c51cceae14b069.txt,public_v2,0b02948aafd407a3d5c96a65284744c24cca3e66ca7c9d45654b0b60259686bb,cdd1e9b6fa44793572c490d34dbf3d8e058f8aab890c32e11f16b1ec4d8e2a92,ed4fc6523b398530,6,bus;car;person,source_verified,
open-images-validation-d0ffc5d3a209d1f0,open_images:validation:d0ffc5d3a209d1f0,open_images,d0ffc5d3a209d1f0,,,,duplicate-fa4f9ad80fe5f71f8a3f,positive,train,images/train/open-images-validation-d0ffc5d3a209d1f0.jpg,labels/train/open-images-validation-d0ffc5d3a209d1f0.txt,public_v2,191d38f6a110c86dbec3d5636200b859df89e15dac71c39d5c07ad928b27bb7d,f32d6a0cdfbb41be93899db42a552cce27daaf15f162b70d0bbf73857e0a01e2,c49a8564b31ede4d,2,bicycle;person,source_verified,
open-images-validation-d183d301d6297b8f,open_images:validation:d183d301d6297b8f,open_images,d183d301d6297b8f,,,,duplicate-1d19451ba6eda3dd1687,positive,train,images/train/open-images-validation-d183d301d6297b8f.jpg,labels/train/open-images-validation-d183d301d6297b8f.txt,public_v2,3c3274ae81ea1819e3b54c6bfffcfd29828aba36dbf897f8d973afee7d270fca,dc0cc2386146c845ec8cff4daac7257fe6555f39c51c67042a87ca46e0aaba05,bd13d0f868c03aeb,1,car,source_verified,
open-images-validation-d240cf7ea67c8f73,open_images:validation:d240cf7ea67c8f73,open_images,d240cf7ea67c8f73,,,,duplicate-146f8d906cb5ab7d9625,negative,train,images/train/open-images-validation-d240cf7ea67c8f73.jpg,,public_v2,050dc17b6e1faa9d651e37637d62ea9ec2e9b5bbe4ba872f059ed23ab8ccdbf7,2518e07d30463b3c34f177a297492c174c364569576ffa1270045dec4a722735,bfd09562ca1f6512,0,,accepted_negative,
open-images-validation-d27b925e9cdbcb0b,open_images:validation:d27b925e9cdbcb0b,open_images,d27b925e9cdbcb0b,,,,duplicate-7cd929b36ba7456de1f3,positive,train,images/train/open-images-validation-d27b925e9cdbcb0b.jpg,labels/train/open-images-validation-d27b925e9cdbcb0b.txt,public_v2,c563f701547753d5c784c0695f493d539d937284bcc4fee7a6a2a2349f397e24,c38575f1c62cae55105e17a30a8ca96a3fe3aad39d1ac3d176873cd0568ef7f5,d54246eae69419fa,2,truck,source_verified,
open-images-validation-d3f9296d6c052fd5,open_images:validation:d3f9296d6c052fd5,open_images,d3f9296d6c052fd5,,,,duplicate-1a06a07a669b145a5017,positive,val,images/val/open-images-validation-d3f9296d6c052fd5.jpg,labels/val/open-images-validation-d3f9296d6c052fd5.txt,public_v2,9a041282e667831a715d912ebeda1802e0c0bd877e9aa22d8a464617d752ad3e,4fe86b016a286f838ee4416c124bfdf8151c7a9cc3878aabfb02fc29cb8c7428,c4d0c47cc31fda6c,3,person,source_verified,
open-images-validation-d4f6d82dd83b75dc,open_images:validation:d4f6d82dd83b75dc,open_images,d4f6d82dd83b75dc,,,,duplicate-a53d305471203fe416a0,positive,train,images/train/open-images-validation-d4f6d82dd83b75dc.jpg,labels/train/open-images-validation-d4f6d82dd83b75dc.txt,public_v2,c1903263645beb35e31e45f3df80aae11f65f841a0ec2581eaab331203aa2a6f,d1dcd7ad9c64958eac92807a8536f6f9cffcc172497eda78af5f6231815bb683,f6a651197994c738,1,person,source_verified,
open-images-validation-d631e3098d7ae780,open_images:validation:d631e3098d7ae780,open_images,d631e3098d7ae780,,,,duplicate-efc5a4a48fc029849a26,positive,train,images/train/open-images-validation-d631e3098d7ae780.jpg,labels/train/open-images-validation-d631e3098d7ae780.txt,public_v2,70ee942d46d3fe3e038960ef0cf0ee0d36a24f712bfac3f76bc33b18616d864d,d6c681b4873e2b38c3840cd77f15c52b82cf75d25714e6f3d55f89bf964aea03,d8859408db72cef3,10,person,source_verified,
open-images-validation-d7f53caf2912bc62,open_images:validation:d7f53caf2912bc62,open_images,d7f53caf2912bc62,,,,duplicate-c5875f9334fb23a65ed3,positive,train,images/train/open-images-validation-d7f53caf2912bc62.jpg,labels/train/open-images-validation-d7f53caf2912bc62.txt,public_v2,1634fe3c358096c0d7b347f4d7483e268ff06f1ddd1d4e614b171094415a1d6e,30447f145a6494329ae99c7d2f8e2187d4e3065518305388f90da6a0212868ef,acd8b934b09489fb,1,truck,source_verified,
open-images-validation-d88dff6b09de8051,open_images:validation:d88dff6b09de8051,open_images,d88dff6b09de8051,,,,duplicate-5922e683ddf134267925,positive,train,images/train/open-images-validation-d88dff6b09de8051.jpg,labels/train/open-images-validation-d88dff6b09de8051.txt,public_v2,545965ad63a812e0ddfaa3caf2a737795fe6ff885b43735df7d22bea100eb12a,d375825df3d37def5b614c9cc1627055affeeacd21e7b1573ac92f7857524c0d,c6cc7dc0d7273c30,22,car;person,source_verified,
open-images-validation-d957035fd4b234d8,open_images:validation:d957035fd4b234d8,open_images,d957035fd4b234d8,,,,duplicate-db67db8d69707f89e067,positive,train,images/train/open-images-validation-d957035fd4b234d8.jpg,labels/train/open-images-validation-d957035fd4b234d8.txt,public_v2,5588991073a1302e9325f59fa7de6892087725f863db22cb493de3f48254606f,db081901e5ab310075f290da8e8e2262472eb8566dac4a3c5cc1a2701bbdf1ea,f9c8ee9892739143,8,bus;person,complete,
open-images-validation-d9771d6601a26947,open_images:validation:d9771d6601a26947,open_images,d9771d6601a26947,,,,duplicate-db22984a0a9c637a6219,positive,train,images/train/open-images-validation-d9771d6601a26947.jpg,labels/train/open-images-validation-d9771d6601a26947.txt,public_v2,39739c333bb86f30be74412c541476a915b10868ee348311dff9606a432155b4,e2d3aa1c7e38b18a17333e75b50925fe5bedc29f90c962b447e427a685191c24,e59de15a89d027d8,22,person,source_verified,
open-images-validation-da48cd4fb673201a,open_images:validation:da48cd4fb673201a,open_images,da48cd4fb673201a,,,,duplicate-96bc0e0dd23d176de612,positive,train,images/train/open-images-validation-da48cd4fb673201a.jpg,labels/train/open-images-validation-da48cd4fb673201a.txt,public_v2,295dcd14c91b34c2a047a4fe7424fa1b44591e5e01d1ccd1d8b39fb110619185,184d3f2280c0e2ec144a07af1407b91ccd44b03f5f4885a80bc4d1cf0d42be87,db56052972d68d9c,10,motorcycle;person,source_verified,
open-images-validation-dafb540b5ee8488a,open_images:validation:dafb540b5ee8488a,open_images,dafb540b5ee8488a,,,,duplicate-c1371d3ce5323b792a3c,positive,train,images/train/open-images-validation-dafb540b5ee8488a.jpg,labels/train/open-images-validation-dafb540b5ee8488a.txt,public_v2,3d7cb9a9aa1535758633325061454de1203914ae7fe718c2cca4de9cce946d5e,8df46c400d6d00fb8fe5e1b945d0f69ac17c72b7c649bca3e1f64bfa7ffd0dfc,8b9dce87941b856c,1,car,source_verified,
open-images-validation-db915d6db0d1f742,open_images:validation:db915d6db0d1f742,open_images,db915d6db0d1f742,,,,duplicate-fde964641dc6a03cde35,positive,train,images/train/open-images-validation-db915d6db0d1f742.jpg,labels/train/open-images-validation-db915d6db0d1f742.txt,public_v2,f4544d34747651647a3fa0ed4f02c6c720b104de8410e63e810fbd2e5bea1a67,a21d5aaa93ab53c8296f8c8afe361ddd7c13e5db22beb46ca858e0931236e1c1,9e6059afa61c711d,13,person,source_verified,
open-images-validation-dbdc6e817e33d92b,open_images:validation:dbdc6e817e33d92b,open_images,dbdc6e817e33d92b,,,,duplicate-574e632b73095ffc7f6f,positive,train,images/train/open-images-validation-dbdc6e817e33d92b.jpg,labels/train/open-images-validation-dbdc6e817e33d92b.txt,public_v2,f12986bde9738665e689d669a1974338ab6fa3800c19dcc285df6c52bade2eb1,77ed9d82325ea31dbccc9d115737af206b7feee4c3b6c86ee6366351e20281eb,bde3c21c6dc130e3,1,truck,source_verified,
open-images-validation-de168a9b8a990836,open_images:validation:de168a9b8a990836,open_images,de168a9b8a990836,,,,duplicate-6b99f0c2899ade28e039,positive,train,images/train/open-images-validation-de168a9b8a990836.jpg,labels/train/open-images-validation-de168a9b8a990836.txt,public_v2,8fcb0bb11a10506689ced92bb71bdd78830b9a808f25131c781b87d5f9251a20,54e072d8b0861f702ae36f83465446c5b881d9a1bc33a21a9d7462a35a8bfbc9,fb91e0bb47408ea5,1,truck,source_verified,
open-images-validation-de7aa2adfdb319ca,open_images:validation:de7aa2adfdb319ca,open_images,de7aa2adfdb319ca,,,,duplicate-0fe955c6cc39ff48bb84,negative,train,images/train/open-images-validation-de7aa2adfdb319ca.jpg,,public_v2,fb0fadfdde0260170dbe89fb8d6d20cc257baacd9ecb1fb8ad72dc501c86c2c6,f8db2a9e9d6c3d3021ba12798d415e3b8c5c3ddbaefc80bd2da57d341e155726,f177290b031f06be,0,,accepted_negative,
open-images-validation-df484b3698f526df,open_images:validation:df484b3698f526df,open_images,df484b3698f526df,,,,duplicate-27dc224126da100f9c52,positive,train,images/train/open-images-validation-df484b3698f526df.jpg,labels/train/open-images-validation-df484b3698f526df.txt,public_v2,752354b60fc7a3cb6118dd96c8c4e76adb0d7b306b3c567abc08040b476c46c5,048757fefcd75f6819366efc2b5aeafdc9fcd3fdfccdbab33328dd3e37a6a18f,f9581426e39e8cd9,1,car,source_verified,
open-images-validation-e2eb9b5eca496b1e,open_images:validation:e2eb9b5eca496b1e,open_images,e2eb9b5eca496b1e,,,,duplicate-7d134e3da1fc8349a644,positive,train,images/train/open-images-validation-e2eb9b5eca496b1e.jpg,labels/train/open-images-validation-e2eb9b5eca496b1e.txt,public_v2,f282f9787a093a1fe559cad64a820fa5aef4003ed0e974305d0dc694f8bc0fdb,c3c8f4d7a8cffd8e0a56386d7a84db47e33ddf5288c8a8c47f79d9b7a132608c,e37cd48b0e342bd4,6,motorcycle;person,complete,
open-images-validation-e35fe0f23cf13088,open_images:validation:e35fe0f23cf13088,open_images,e35fe0f23cf13088,,,,duplicate-a3fe0fee505a2adf2d91,positive,val,images/val/open-images-validation-e35fe0f23cf13088.jpg,labels/val/open-images-validation-e35fe0f23cf13088.txt,public_v2,1b176cf72849b866d6f0593ff6833e3415c23c272edd508d351d5308329b861c,34b65b4f2ed972f44f1d2e98b4020db5a8a87d5b028a2351a3a2d73e258c8b5d,aad54d466784b58d,8,car;motorcycle;person,complete,
open-images-validation-e3f1ef78c4d63ec8,open_images:validation:e3f1ef78c4d63ec8,open_images,e3f1ef78c4d63ec8,,,,duplicate-80bd3c9c55a63f1aa5ec,positive,train,images/train/open-images-validation-e3f1ef78c4d63ec8.jpg,labels/train/open-images-validation-e3f1ef78c4d63ec8.txt,public_v2,4b6bc641a958f600d38d1f5e6d3578ff2efebc9ca92e5d16343e973f5ffb3b37,39120900a9b468eef04573f03268fc7c8d0048aa02cfd8f9149812488ba7b89e,a22accd93baaaab8,1,person,source_verified,
open-images-validation-e405d12592180241,open_images:validation:e405d12592180241,open_images,e405d12592180241,,,,duplicate-31618ffeb55d8290b4a3,positive,train,images/train/open-images-validation-e405d12592180241.jpg,labels/train/open-images-validation-e405d12592180241.txt,public_v2,ff063c1afe3e93538200eba313c3de9774f5681206bc216a4b1a2624b7c306ad,2548c426e56f506bce5728cb690b5d0dee915a589fe7137d8f992d9164aa5e20,ad11d03f92245f76,6,person;truck,complete,
open-images-validation-e40c9760d612b7b9,open_images:validation:e40c9760d612b7b9,open_images,e40c9760d612b7b9,,,,duplicate-904683fed6e83bf300ae,positive,train,images/train/open-images-validation-e40c9760d612b7b9.jpg,labels/train/open-images-validation-e40c9760d612b7b9.txt,public_v2,93f21d59dbba935cbb3ed63f1319d01775c469797bcab495aa9f2d83c2f83b0a,52bd0d22f4ecb1a6f2ba659f1767d493d73fdf22e6fc3397746613f698533ee7,821bca3476aa5bec,2,bicycle;person,source_verified,
open-images-validation-e6aefacfb3386784,open_images:validation:e6aefacfb3386784,open_images,e6aefacfb3386784,,,,duplicate-3002c7c5f427f3c5ccdb,positive,val,images/val/open-images-validation-e6aefacfb3386784.jpg,labels/val/open-images-validation-e6aefacfb3386784.txt,public_v2,a3d67f2115531ca1c5c8ef27cf5df457da596c3a79458235cf3e833defdb5ff2,4555f0ff6c72a45b8954211c6ebb17125b5a38f92996195e56f97d441ca74f75,c4c4e2ff62390d33,10,bus;car;person;truck,complete,
open-images-validation-e73a7d4187158151,open_images:validation:e73a7d4187158151,open_images,e73a7d4187158151,,,,duplicate-7d2bf6f6c8cdc3b4cc81,positive,train,images/train/open-images-validation-e73a7d4187158151.jpg,labels/train/open-images-validation-e73a7d4187158151.txt,public_v2,0b05f7476ded3800948cfa3ef7e21723ea87b3b1c4ca5d82751dd2cc654b5112,523c32567a0555f98ccb54236ff9fe1d51ee1d4a10f3a592f203450ecd722f1b,e615956b89167969,8,motorcycle;person,source_verified,
open-images-validation-e7c48ec16f6e13ab,open_images:validation:e7c48ec16f6e13ab,open_images,e7c48ec16f6e13ab,,,,duplicate-ce2d6a6a037fbaf02716,positive,val,images/val/open-images-validation-e7c48ec16f6e13ab.jpg,labels/val/open-images-validation-e7c48ec16f6e13ab.txt,public_v2,4881f23ff0b833434a3d82d5a0029d3942522d51c7a3b41f191641d1136eb581,1e99d81359e08e3235f44ab5d98bfadaf7af3f56ebbccff5cd30cf95dacb3302,9494eb6f15126a6d,5,person,source_verified,
open-images-validation-e865fb50fafbb374,open_images:validation:e865fb50fafbb374,open_images,e865fb50fafbb374,,,,duplicate-ff3da894750183594d08,positive,train,images/train/open-images-validation-e865fb50fafbb374.jpg,labels/train/open-images-validation-e865fb50fafbb374.txt,public_v2,4d65346eef4d8564a7b818e8284a1e6904b36c1c72c034f703987c270284ba63,833653557a4532a1e8d7b98ad1bc3974dddbee2d8bdf3ac1315f79089d5d3c47,e9aa6975dab61842,1,truck,source_verified,
open-images-validation-e9d5b1047627f9c4,open_images:validation:e9d5b1047627f9c4,open_images,e9d5b1047627f9c4,,,,duplicate-067dc337fc7e3b8f118a,positive,train,images/train/open-images-validation-e9d5b1047627f9c4.jpg,labels/train/open-images-validation-e9d5b1047627f9c4.txt,public_v2,7575e5ba48e99a355e9e63cbf1df704dbcdbb778aa887a79f09bf6565115745b,501082adb0ad3f20d61db7e50fd9aa6faacaae414790583ed3cb559909d3f805,c863a7788e70afe0,1,car,source_verified,
open-images-validation-ea276251a9a18fc1,open_images:validation:ea276251a9a18fc1,open_images,ea276251a9a18fc1,,,,duplicate-eefad1c26670bd1cf753,positive,train,images/train/open-images-validation-ea276251a9a18fc1.jpg,labels/train/open-images-validation-ea276251a9a18fc1.txt,public_v2,caf9438d8e60347c837a7868b4d9f7d769e2443789618329fcd2fe4c1b1d508d,d3141c08337739bc251b984bba6226e7f0fabc112362c0d493cdaef594ef4942,ea85e9bec435c644,6,bus;person,complete,
open-images-validation-ea6116391667c516,open_images:validation:ea6116391667c516,open_images,ea6116391667c516,,,,duplicate-4eaa5a8be2326ffed797,positive,train,images/train/open-images-validation-ea6116391667c516.jpg,labels/train/open-images-validation-ea6116391667c516.txt,public_v2,da13386e2c502f2e34c96a2287e984e70f448e6bc953a4e31ce0113d99621082,c4477af5d3f03f69b8bbfe41963284ec35417b00c85032035826898c96464681,d39ec2ba0de0f06c,3,car;truck,source_verified,
open-images-validation-ea7a0fa40f15afe6,open_images:validation:ea7a0fa40f15afe6,open_images,ea7a0fa40f15afe6,,,,duplicate-4044fb7ee05cb502947f,positive,train,images/train/open-images-validation-ea7a0fa40f15afe6.jpg,labels/train/open-images-validation-ea7a0fa40f15afe6.txt,public_v2,331044709617a895ad4bd4237509c456050421644f68525fd41cae74b000d259,d9533086c43994e234229179941c630948adce575cb31253be06fb87e5a4a269,fffe205fd0a03890,4,person,source_verified,
open-images-validation-eaba3f191c296c00,open_images:validation:eaba3f191c296c00,open_images,eaba3f191c296c00,,,,duplicate-b0b893a44ed87a155fce,positive,train,images/train/open-images-validation-eaba3f191c296c00.jpg,labels/train/open-images-validation-eaba3f191c296c00.txt,public_v2,18df4ba0fd24c94d71dcfc5cf335e718aac24482f7d0893c95149b2b7e5b46b6,f2346d09e43f2b53f75cf6278059ba173fd2a7b9fae1583bad7abdbca2de5dc9,a9e9dc35639e1a09,3,car;truck,source_verified,
open-images-validation-eb5fdfc162e5fd34,open_images:validation:eb5fdfc162e5fd34,open_images,eb5fdfc162e5fd34,,,,duplicate-54ffcd2558fe7ac8c48a,positive,train,images/train/open-images-validation-eb5fdfc162e5fd34.jpg,labels/train/open-images-validation-eb5fdfc162e5fd34.txt,public_v2,67f00a7dadbd022b4af135beae9b493b6950ab16e9b191cfc0428d712db37333,d94c0052fd8d885f209688db2b76d7721c47bae8ab05698093a1c62c6a21079d,eb12c03abd639a4b,2,car;truck,complete,
open-images-validation-eb92e1d9b9c03d6a,open_images:validation:eb92e1d9b9c03d6a,open_images,eb92e1d9b9c03d6a,,,,duplicate-555943456c5f6035776b,positive,train,images/train/open-images-validation-eb92e1d9b9c03d6a.jpg,labels/train/open-images-validation-eb92e1d9b9c03d6a.txt,public_v2,efc23b56f9233e35028545b3f3162d71cdc8c55a046b751800e316bb5c250452,43f45541e7589735acfeecf3006790b6e0c72d851e2c3b846dddef73b07d0087,d5f52a5558772a0a,5,car;truck,complete,
open-images-validation-ec38010503c355a9,open_images:validation:ec38010503c355a9,open_images,ec38010503c355a9,,,,duplicate-1583ca2b36f92d3b10b6,positive,train,images/train/open-images-validation-ec38010503c355a9.jpg,labels/train/open-images-validation-ec38010503c355a9.txt,public_v2,52e0b3a57f0b366889fa639631d51c02b343403069ab9b0333ac662eb40da0f0,062a4e73282c3429ccfa6e4696f90161caf06791034f22598362ffb367c3aa02,9b1a466535cb6635,4,person;truck,source_verified,
open-images-validation-ed39ece290eabd5d,open_images:validation:ed39ece290eabd5d,open_images,ed39ece290eabd5d,,,,duplicate-c87d2eb3c5f28cffc618,positive,train,images/train/open-images-validation-ed39ece290eabd5d.jpg,labels/train/open-images-validation-ed39ece290eabd5d.txt,public_v2,7caad67cee6206b8613b6f444c06b3a85e3ba87c0fbf2b806b22430ce263ce3b,724a4e8153792d273384580af3a00d800dcc814aacd3b9af99654e72730658dc,a48639695f7c4936,2,motorcycle;person,complete,
open-images-validation-ed402095559e0374,open_images:validation:ed402095559e0374,open_images,ed402095559e0374,,,,duplicate-79fc7753ca45d76129fd,positive,train,images/train/open-images-validation-ed402095559e0374.jpg,labels/train/open-images-validation-ed402095559e0374.txt,public_v2,dbd862dfdcc5f0994876c41d390d41b1c52ec45247c5c30eff5cdf1e7b9c3404,77b1a9a47b97dd0c17de8e0db86ca628d3ad28c6d678de33ec8c0747da2346c6,db42a43c53c01eef,2,car;truck,source_verified,
open-images-validation-ede38b49a6619f7c,open_images:validation:ede38b49a6619f7c,open_images,ede38b49a6619f7c,,,,duplicate-c1e9b3f181fbd1cf648a,positive,train,images/train/open-images-validation-ede38b49a6619f7c.jpg,labels/train/open-images-validation-ede38b49a6619f7c.txt,public_v2,e2b95761a7832a8aeed663e3c2333f7470a0f45e113f030f3711e5b5e56b90ad,e2352184b5ee7302864c2a2303814e53c183627eefec0044496ce03acd97bfb0,896ead31da1de682,2,car;truck,source_verified,
open-images-validation-ee5fc4c50bc988d9,open_images:validation:ee5fc4c50bc988d9,open_images,ee5fc4c50bc988d9,,,,duplicate-34a5402d26adf15a44ae,positive,train,images/train/open-images-validation-ee5fc4c50bc988d9.jpg,labels/train/open-images-validation-ee5fc4c50bc988d9.txt,public_v2,f79113b48fe080b9c4207405eac4e990a576d2921b721c0231985f157c43b622,8f9cb25393f2c9438af19260788bc9bf22ba2e0798b2794bba97dc72dd746e38,f001f366986fbc68,2,motorcycle;person,source_verified,
open-images-validation-eea9b15b0199fd7e,open_images:validation:eea9b15b0199fd7e,open_images,eea9b15b0199fd7e,,,,duplicate-f78cec1d26f4e7630487,positive,train,images/train/open-images-validation-eea9b15b0199fd7e.jpg,labels/train/open-images-validation-eea9b15b0199fd7e.txt,public_v2,f009a64d19281fc5fa73e8a334ef31088bb675add02343ac9a57b82fd9acbafc,8e7f0129bed068dde6d6c7525802f27b11713318d340c53bcbf76d20e1467577,87556a7a99d1f0c1,1,person,source_verified,
open-images-validation-eecd919d083778fc,open_images:validation:eecd919d083778fc,open_images,eecd919d083778fc,,,,duplicate-3a9e253b9599e3b3a7bf,positive,train,images/train/open-images-validation-eecd919d083778fc.jpg,labels/train/open-images-validation-eecd919d083778fc.txt,public_v2,ff7550adff727006dfde5b3ca4e8b81c7337374351b28db0c997ef1a594a8065,b4c9864637be06576960c1815544f6d4b8e5b630c0e87e3e0fa802bc932f273c,f05a8f6d4726a89a,1,car,source_verified,
open-images-validation-ef00a76ca0820e42,open_images:validation:ef00a76ca0820e42,open_images,ef00a76ca0820e42,,,,duplicate-b905662190a501af4302,positive,train,images/train/open-images-validation-ef00a76ca0820e42.jpg,labels/train/open-images-validation-ef00a76ca0820e42.txt,public_v2,51786b326d706c0bef9a4a2df187d33d8b7b37d2a2ce9de3d8f3f1253d76e12f,5a8777d60871ec2ab66ef2a7f3664c754f9e09cd8fbfbd1ccccafec4abdf8e78,f98f365869cb4434,5,bicycle;person,source_verified,
open-images-validation-ef1bd7b718a3f6e8,open_images:validation:ef1bd7b718a3f6e8,open_images,ef1bd7b718a3f6e8,,,,duplicate-8bc2df5e9fc57a9d06f3,positive,train,images/train/open-images-validation-ef1bd7b718a3f6e8.jpg,labels/train/open-images-validation-ef1bd7b718a3f6e8.txt,public_v2,bd8f664331cf10c6fa6f7942edf39d89a9737a8f12dee0ee5f2094e6dfe6e09c,29880dad234177874d57d675134f35a0166222960d5685185a3a857685aedc2a,f0484ff0d0f2d1e5,3,bicycle;car;person,source_verified,
open-images-validation-f0066ab0c5db60cc,open_images:validation:f0066ab0c5db60cc,open_images,f0066ab0c5db60cc,,,,duplicate-52da4757f34632f0b328,positive,train,images/train/open-images-validation-f0066ab0c5db60cc.jpg,labels/train/open-images-validation-f0066ab0c5db60cc.txt,public_v2,133b041a0f2aaaebf0fe4b424e25ab097ae1fb0d0196e59abfac0daa9005f824,e23a34b2990d74f25512958a1c2a8d79258343c708124893fa31333a93f5c280,a4995a6649d2f61b,1,person,source_verified,
open-images-validation-f0b88df90e809ed1,open_images:validation:f0b88df90e809ed1,open_images,f0b88df90e809ed1,,,,duplicate-c8c00d4535efaad5045b,positive,train,images/train/open-images-validation-f0b88df90e809ed1.jpg,labels/train/open-images-validation-f0b88df90e809ed1.txt,public_v2,fb70181304b7af0ab82c7955557171c9c47f65d757dd62366af9b3e442869a33,831cba032f99bd498c3cb8dbf1a5d46b499bc401ea796b5e7601c44d2be589ee,dd063c989c67b15c,1,car,source_verified,
open-images-validation-f15a6e4c696003f7,open_images:validation:f15a6e4c696003f7,open_images,f15a6e4c696003f7,,,,duplicate-bfd3c94cdcce28825ced,positive,train,images/train/open-images-validation-f15a6e4c696003f7.jpg,labels/train/open-images-validation-f15a6e4c696003f7.txt,public_v2,c0c9bc6ab312092f91d7b2210bcd85cf08266b01224594927b0d9cba7d4a4c2b,ff20d3a0ff8693cc28b7cc44f3b64b35680aeaf6eb7892220f16cc97c69a8b64,d919a56cca12baea,2,motorcycle;person,complete,
open-images-validation-f3680cd2c8a29e52,open_images:validation:f3680cd2c8a29e52,open_images,f3680cd2c8a29e52,,,,duplicate-a4856b8ff65c3e6ef8d9,positive,train,images/train/open-images-validation-f3680cd2c8a29e52.jpg,labels/train/open-images-validation-f3680cd2c8a29e52.txt,public_v2,8e378940b3c6e1f6f9bbc795d63625eaee80b3a6a90d5bd2a398479fbb7da318,d3fc755fb9f8456316cbd02a90be50e59666b6dd5fa09e8009ff1ebdaf51b999,b3d7841a6d28d665,1,car,source_verified,
open-images-validation-f394d5c099463fd3,open_images:validation:f394d5c099463fd3,open_images,f394d5c099463fd3,,,,duplicate-bbed720a0150117796cd,positive,train,images/train/open-images-validation-f394d5c099463fd3.jpg,labels/train/open-images-validation-f394d5c099463fd3.txt,public_v2,54d4ff87f85ec87ce48d8612cd01697e03e0e06650d668556e1b61531198bb47,e1e1a5b447141ba46cc80bfa51a64e448b7ed760d33adc461b025046fc9b531a,c884b7b3c1dc5c78,12,car;person,source_verified,
open-images-validation-f4360a78d152b01d,open_images:validation:f4360a78d152b01d,open_images,f4360a78d152b01d,,,,duplicate-e6b31f54139787733847,positive,train,images/train/open-images-validation-f4360a78d152b01d.jpg,labels/train/open-images-validation-f4360a78d152b01d.txt,public_v2,1f2b62d0910946acc38ec7874f3ebbf7806908c0627c8baa5a6b831cb5520a24,b47feb3f2e1ee9c49e8a748dc9827deabcdbc5a7d2398156f3bff7603b6fab8d,ebcbd7620274cc25,20,bus;car;person,complete,
open-images-validation-f5128e7a123b4fa8,open_images:validation:f5128e7a123b4fa8,open_images,f5128e7a123b4fa8,,,,duplicate-eb8067608624d31b0abd,positive,train,images/train/open-images-validation-f5128e7a123b4fa8.jpg,labels/train/open-images-validation-f5128e7a123b4fa8.txt,public_v2,579b4226b5a34c2aed2e16c1012920f6fd2946d065a8cd523cc7e5cee7c7e156,9168d9479abe990052eb3e14d9660742a16fd181f7506ac9cf54be34908556cf,e087af68836ddf10,3,car;truck,complete,
open-images-validation-f674368d75409d38,open_images:validation:f674368d75409d38,open_images,f674368d75409d38,,,,duplicate-d90c2b2953a76f9c9baa,positive,train,images/train/open-images-validation-f674368d75409d38.jpg,labels/train/open-images-validation-f674368d75409d38.txt,public_v2,f65894362d40723946ae966ec92a921a441fde95ca36d9ea8dfaaa5d2378a1b1,2543ef7f7a6d138205dcc165f4c145e1b19d7fcb18922a73e377f56bf758ed1c,b8d85e2f1ea2b1d0,1,car,source_verified,
open-images-validation-f72798c9f0c92cd0,open_images:validation:f72798c9f0c92cd0,open_images,f72798c9f0c92cd0,,,,duplicate-a32f12723f45145d9b52,positive,train,images/train/open-images-validation-f72798c9f0c92cd0.jpg,labels/train/open-images-validation-f72798c9f0c92cd0.txt,public_v2,a513bca45747a8092e133f9ee3b68e8a4dfbb674387ddaa692242dbef0b1ffc1,b1b4e5d6666c64dc23151b1eedcf1d8ef16cf3f313277110e049598d2854ee0b,c6d6f6e4c9e03039,1,bicycle,source_verified,
open-images-validation-f7fb45fc9f5e71b9,open_images:validation:f7fb45fc9f5e71b9,open_images,f7fb45fc9f5e71b9,,,,duplicate-22f82f5c0a1f7fadf20c,positive,train,images/train/open-images-validation-f7fb45fc9f5e71b9.jpg,labels/train/open-images-validation-f7fb45fc9f5e71b9.txt,public_v2,35a6b8ca2a82934c43bd9910e1e93fcc116233ccbb9a45c7dd78f31e2bd0eb17,aeecba7384127e10beb208c568e34df6eb4ca76ee211fd06267ccc0e31b993f5,c1f6c69cc9ca0e5a,1,person,source_verified,
open-images-validation-f7fc6fb1cc8e7e53,open_images:validation:f7fc6fb1cc8e7e53,open_images,f7fc6fb1cc8e7e53,,,,duplicate-aacc116b593fb004ec67,positive,train,images/train/open-images-validation-f7fc6fb1cc8e7e53.jpg,labels/train/open-images-validation-f7fc6fb1cc8e7e53.txt,public_v2,a87366b52d5e20eefd2ab4108623a1c0ef5b7ac088995b18ec2808f093496754,1577d0fd407bf9000a3426b9cd7465ca250f1e78c617170496ca6d3a9ec77b03,aaaa15ab69c35a36,2,person,source_verified,
open-images-validation-f856352423ae2991,open_images:validation:f856352423ae2991,open_images,f856352423ae2991,,,,duplicate-586838bbfe9b8b010e3c,positive,train,images/train/open-images-validation-f856352423ae2991.jpg,labels/train/open-images-validation-f856352423ae2991.txt,public_v2,41a93fc7949cdf39d5d2721c6ac802177f6df825b5673031a801474c52cfa210,52d8575fabb41b533952a5cbf2ef6b8ca6da2b416efe0d569397dc911d95861e,e99434638676e39c,2,bicycle;person,source_verified,
open-images-validation-f9afa582c14f54d3,open_images:validation:f9afa582c14f54d3,open_images,f9afa582c14f54d3,,,,duplicate-c269030e7197b3036ee6,positive,train,images/train/open-images-validation-f9afa582c14f54d3.jpg,labels/train/open-images-validation-f9afa582c14f54d3.txt,public_v2,5175fc36e9e054a2bd5edaba23afb15833117871b73517d5a7f1b5bc525cc4eb,70cfa474e17bde9fa091cf443e54a4fef6e64602086fcf43ad1a1ce4002e569b,bdd2c3bd50b019c9,2,motorcycle;person,source_verified,
open-images-validation-f9ec641509f8f5a5,open_images:validation:f9ec641509f8f5a5,open_images,f9ec641509f8f5a5,,,,duplicate-89ae38f0ffbd9c98918c,positive,train,images/train/open-images-validation-f9ec641509f8f5a5.jpg,labels/train/open-images-validation-f9ec641509f8f5a5.txt,public_v2,7cd0a04fab10fe5a265e17937951331d36cb9fcbd328b0883b5fdacdb595f5a2,88af7cbb80a4e34b25cb4e79f599b4c8778704f8bc24ddf0b6bab0cc380fde05,96629e6d4c296d1d,2,person,source_verified,
open-images-validation-fa20b1d3613f6403,open_images:validation:fa20b1d3613f6403,open_images,fa20b1d3613f6403,,,,duplicate-f4d2b9ba4fe7ba1b8cb5,positive,train,images/train/open-images-validation-fa20b1d3613f6403.jpg,labels/train/open-images-validation-fa20b1d3613f6403.txt,public_v2,3f78e7b074275e162f392f9ce8e7d9ac9419f1586b0465962a6a2312b97912fe,ecf712e9bec88d6a543c517a217adef95822d4828dd92a2ecb95f704e38dc6fe,bec1c297616e9570,1,car,source_verified,
open-images-validation-fa5e9d6dc2185614,open_images:validation:fa5e9d6dc2185614,open_images,fa5e9d6dc2185614,,,,duplicate-640a5e19b651883ae417,positive,train,images/train/open-images-validation-fa5e9d6dc2185614.jpg,labels/train/open-images-validation-fa5e9d6dc2185614.txt,public_v2,0cbeddbde3b1e3c25377def15b4812323f04e691915545ac45ca83a91eb48373,bc68f1bbf3e931b61a9c2aba5b129fdc4606db2c802e8c85ca6ffd37780a9650,e6d00d7a652657d8,1,person,source_verified,
open-images-validation-fa9f0ce47c1a885c,open_images:validation:fa9f0ce47c1a885c,open_images,fa9f0ce47c1a885c,,,,duplicate-be2095bf3e6cb54e3432,positive,val,images/val/open-images-validation-fa9f0ce47c1a885c.jpg,labels/val/open-images-validation-fa9f0ce47c1a885c.txt,public_v2,6399bbf495c10e78fc5320830c635d9e9550dbd46c0d5d1ff05d8281859e5108,47597f3df6e31c5c53b55ed25ee57f7a12b6a69dec94e829bbbc001ff26ed31b,e1335b1c9762bc4c,4,bicycle;person,source_verified,
open-images-validation-facae8ea0edfc558,open_images:validation:facae8ea0edfc558,open_images,facae8ea0edfc558,,,,duplicate-2caa74810c2f18da6cef,positive,train,images/train/open-images-validation-facae8ea0edfc558.jpg,labels/train/open-images-validation-facae8ea0edfc558.txt,public_v2,fa7149d7c0017c5bde543299aff8f2fb89d5394c7fc13946e0fde196648f2a22,ec7b9623d5f57503f9bb3c60a72ad435a2175009dcca5b434a25bfd2d8d5bc55,b750b07895249f3e,1,bus,source_verified,
open-images-validation-facddd3b77209fcf,open_images:validation:facddd3b77209fcf,open_images,facddd3b77209fcf,,,,duplicate-11ff3f9c38885d50df5b,positive,train,images/train/open-images-validation-facddd3b77209fcf.jpg,labels/train/open-images-validation-facddd3b77209fcf.txt,public_v2,fd9e8393ea73bfc3f17044bc76391ac4b0b940f7fb2811c968162795061339b8,6d57c4ae7106bf5568edbd819c1bcdbbf97f0d0a1900e19341a3018cfed20b55,ba94a98a092bf4fa,1,bus,source_verified,
open-images-validation-fc6dd8a1072cabdc,open_images:validation:fc6dd8a1072cabdc,open_images,fc6dd8a1072cabdc,,,,duplicate-5902e6f8bbb2e21fd48a,positive,train,images/train/open-images-validation-fc6dd8a1072cabdc.jpg,labels/train/open-images-validation-fc6dd8a1072cabdc.txt,public_v2,2e57b0d7857871bece7a6782ab1bb9c50056031ee7d482d0e9157524bae653a8,b0bb9937f7af2a432573631c0176e1aca52d1a4b9f5ff6205b5da977053464b9,d58702859737b678,1,person,source_verified,
open-images-validation-fdb8b446707360cd,open_images:validation:fdb8b446707360cd,open_images,fdb8b446707360cd,,,,duplicate-c7f7fcf7b7e48450c995,positive,train,images/train/open-images-validation-fdb8b446707360cd.jpg,labels/train/open-images-validation-fdb8b446707360cd.txt,public_v2,944e63439ecf845d44e80083c71eeb2f6141b2a5c1b932df1cfc93392f3af0c8,3ce4290b5941a28702345f27a5a073a6180908227ff48383854af44f97b9d38a,db9ce45053d3e494,3,car;truck,complete,
open-images-validation-fe04d1f99e6f9cd7,open_images:validation:fe04d1f99e6f9cd7,open_images,fe04d1f99e6f9cd7,,,,duplicate-367eed18235a86f3f150,positive,train,images/train/open-images-validation-fe04d1f99e6f9cd7.jpg,labels/train/open-images-validation-fe04d1f99e6f9cd7.txt,public_v2,2c52b2518928308da749f3092c79ffe0a60d6e9b2ae63bd910165373f5443d94,803ac7ca5383f6820d9c8f241afec588443d8b73f6316e28193e460a3bb8f5af,90b6977a5ab570c2,3,bus,source_verified,
open-images-validation-fe4930ec9e0870c9,open_images:validation:fe4930ec9e0870c9,open_images,fe4930ec9e0870c9,,,,duplicate-fbad7d14d213acca3d7d,positive,train,images/train/open-images-validation-fe4930ec9e0870c9.jpg,labels/train/open-images-validation-fe4930ec9e0870c9.txt,public_v2,ff78a6c4c104c61318cabf73dde8e4559c3d89222298b3864ffad3992ed14b84,beb8bfd9d9b5ce0ed322c7b5ce8a99f9002763cc973245ee4504ea4f1304398d,aa8d95109da80fbf,1,car,source_verified,
open-images-validation-feaae30ac8022b03,open_images:validation:feaae30ac8022b03,open_images,feaae30ac8022b03,,,,duplicate-ad69047b959434a60908,positive,val,images/val/open-images-validation-feaae30ac8022b03.jpg,labels/val/open-images-validation-feaae30ac8022b03.txt,public_v2,0671f6ca23eef4db555c7cce780a8e7b33db07343a42cc8c29f02af781e54d81,78572ce821353e5afd8beb47c08f3c45c1d85ef69a87a0a3c6782802a21dcd7f,ac6cf25269acb15a,1,person,source_verified,
open-images-validation-ff02cc7e868681a7,open_images:validation:ff02cc7e868681a7,open_images,ff02cc7e868681a7,,,,duplicate-f9e6509e2b5509b712a1,positive,train,images/train/open-images-validation-ff02cc7e868681a7.jpg,labels/train/open-images-validation-ff02cc7e868681a7.txt,public_v2,57c3807add0384134a8025e1bc786ef384f35928b73dad1511f89baa3f1d6b42,cdea2eed35214c78e197958e5ae18dfd47144b3bba0521e4a15616349b0d88d6,90bbc64e78786707,2,motorcycle;person,source_verified,
phenocam-acadia_2017_10_04_160001,phenocam::acadia_2017_10_04_160001,phenocam,acadia_2017_10_04_160001,acadia,acadia,2017-10-04T16:00:01,phenocam:acadia:2017-10-04,negative,train,images/train/phenocam-acadia_2017_10_04_160001.jpg,,public_v2,cbe61a6d96d513d3aea9476dee7f12de182bece70a0138368448eccd74d55427,9ae8f3394ddbd2d7e85644b33e3b786cc219af610ec47aa086915c0339d4e3a9,81fe7f04e07f1780,0,,accepted_negative,
phenocam-acadia_2017_10_06_110002,phenocam::acadia_2017_10_06_110002,phenocam,acadia_2017_10_06_110002,acadia,acadia,2017-10-06T11:00:02,phenocam:acadia:2017-10-06,negative,train,images/train/phenocam-acadia_2017_10_06_110002.jpg,,public_v2,e3995c4e9b1f08504a7bc2dd8289ec1c5a50e71441db9a7ce40b519dc3bb7111,77298a5121a47a56814d2ea92d762cf8d42dd80deac54d546c6074a2cf47453e,85d65f05c27f17c0,0,,accepted_negative,
phenocam-acadia_2017_10_11_110001,phenocam::acadia_2017_10_11_110001,phenocam,acadia_2017_10_11_110001,acadia,acadia,2017-10-11T11:00:01,phenocam:acadia:2017-10-11,negative,train,images/train/phenocam-acadia_2017_10_11_110001.jpg,,public_v2,71c50e0cdf723c79be18f344afa180be4beca3226d800046fc167d5081e3ffd0,7511b745e12694b3e982e8a59fe3ef5d9f9bc6e840c1e9a08b4d9a47023fbb5e,d0b70c3344d4bb2f,0,,accepted_negative,
phenocam-acadia_2017_10_13_110001,phenocam::acadia_2017_10_13_110001,phenocam,acadia_2017_10_13_110001,acadia,acadia,2017-10-13T11:00:01,phenocam:acadia:2017-10-13,negative,train,images/train/phenocam-acadia_2017_10_13_110001.jpg,,public_v2,8b262a5d1b02aee18fe02cabea19522450d3a327a9284987a9215f998e8b35ca,76447c399d00f6cf813e9d67e4cddf06f43ea13d32a4686a631af57d27f75207,d8b70c3245d5ba2d,0,,accepted_negative,
phenocam-acadia_2017_10_13_180001,phenocam::acadia_2017_10_13_180001,phenocam,acadia_2017_10_13_180001,acadia,acadia,2017-10-13T18:00:01,phenocam:acadia:2017-10-13,negative,train,images/train/phenocam-acadia_2017_10_13_180001.jpg,,public_v2,801b1d5f7e63c3e9f6facf049929bddc0025dd7e07c82d77fbe643ce999dae35,b2bb12e398478c61765b8971d27619bdacf154d03f60fdd3b3a5545b91b6e37a,d0b72e2b40d5ab2b,0,,accepted_negative,
phenocam-acadia_2017_10_18_160001,phenocam::acadia_2017_10_18_160001,phenocam,acadia_2017_10_18_160001,acadia,acadia,2017-10-18T16:00:01,phenocam:acadia:2017-10-18,negative,train,images/train/phenocam-acadia_2017_10_18_160001.jpg,,public_v2,5820934bcd53f040a7de828dec342c9af7fe0220cdcab4f627c8eb960cd40ac8,dc7a40fff3af228a71e42445d183276fa9e12616183bcd647194a26219b1fbc1,d8a53e6310c5bb2e,0,,accepted_negative,
phenocam-acadia_2017_10_24_130002,phenocam::acadia_2017_10_24_130002,phenocam,acadia_2017_10_24_130002,acadia,acadia,2017-10-24T13:00:02,phenocam:acadia:2017-10-24,negative,train,images/train/phenocam-acadia_2017_10_24_130002.jpg,,public_v2,1978cf0a0cec63594a020f9e592c5b9eacef7757442ff8aba9d78634445d6464,864487ca264355e64c7d9242d6ca981c2e6a49dc9f7862ae11835765a7d0b2ba,d0a73d62c1d6392e,0,,accepted_negative,
phenocam-acadia_2017_10_25_130001,phenocam::acadia_2017_10_25_130001,phenocam,acadia_2017_10_25_130001,acadia,acadia,2017-10-25T13:00:01,phenocam:acadia:2017-10-25,negative,train,images/train/phenocam-acadia_2017_10_25_130001.jpg,,public_v2,9e51dc119cfe2dfb31bdb0a912ac6f35359cf693caf0e95c5a4255105d9be453,754ae82371a7f6abd423d6103f57b01794e05b6d1b974975ffe8daca514b2050,d0e53d42c9e6392e,0,,accepted_negative,
phenocam-ahwahnee_2015_04_02_090009,phenocam::ahwahnee_2015_04_02_090009,phenocam,ahwahnee_2015_04_02_090009,ahwahnee,ahwahnee,2015-04-02T09:00:09,phenocam:ahwahnee:2015-04-02,negative,train,images/train/phenocam-ahwahnee_2015_04_02_090009.jpg,,public_v2,69a3975237aad62b25b68c48523c6d75e9324ccb708ade5fae35500909c1d813,1d73b726581f03dfcb9477f2941e2c8e40e297c171228be0fb2c5152ad665a33,b3929400d87c3fb7,0,,accepted_negative,
phenocam-ahwahnee_2015_04_04_100016,phenocam::ahwahnee_2015_04_04_100016,phenocam,ahwahnee_2015_04_04_100016,ahwahnee,ahwahnee,2015-04-04T10:00:16,phenocam:ahwahnee:2015-04-04,negative,train,images/train/phenocam-ahwahnee_2015_04_04_100016.jpg,,public_v2,639a5a30d1d1d02f20ea85a3a5b7dde0dc3dce0e02435b2925b0f16462bfc947,1fa9069d38244bb5792ef6ab5d47379159cb3085ab30aed05e35e1a0273956f6,b3838700c87c3fb7,0,,accepted_negative,
phenocam-ahwahnee_2015_04_08_160015,phenocam::ahwahnee_2015_04_08_160015,phenocam,ahwahnee_2015_04_08_160015,ahwahnee,ahwahnee,2015-04-08T16:00:15,phenocam:ahwahnee:2015-04-08,negative,train,images/train/phenocam-ahwahnee_2015_04_08_160015.jpg,,public_v2,5c8cc986f2743a54641d7550cacb91a7789c05226282cb063efcb0ff28525ac0,de9a2e3b781793c7dad79132706b0c896cd4ecca86c2f8a3f95b000523eea20b,8f8941707c2e33b7,0,,accepted_negative,
phenocam-ahwahnee_2015_04_10_120007,phenocam::ahwahnee_2015_04_10_120007,phenocam,ahwahnee_2015_04_10_120007,ahwahnee,ahwahnee,2015-04-10T12:00:07,phenocam:ahwahnee:2015-04-10,negative,train,images/train/phenocam-ahwahnee_2015_04_10_120007.jpg,,public_v2,3ef287dc71973664da6b4771e70c28936cfe20dd7c5e5c05ddf1a82448918478,21cfa4ca3b86061c1786536bcf1a890c50a3cdf7f01f60ea6fe5f568c1245b92,e1b18e04ec383fe3,0,,accepted_negative,
phenocam-ahwahnee_2015_04_29_070007,phenocam::ahwahnee_2015_04_29_070007,phenocam,ahwahnee_2015_04_29_070007,ahwahnee,ahwahnee,2015-04-29T07:00:07,phenocam:ahwahnee:2015-04-29,negative,train,images/train/phenocam-ahwahnee_2015_04_29_070007.jpg,,public_v2,4ace5eade3ae1d33c71ac67ee78fc8906c2a8defc2b5ea7d9edb1fbd874783e5,7c228032e1eb5228050d6f5cca5ea2a725c00a0fbf7ad51cb4a43349f7ebeb4c,c0c0b9194f4f4fad,0,,accepted_negative,
phenocam-alligatorriver_2016_02_26_123110,phenocam::alligatorriver_2016_02_26_123110,phenocam,alligatorriver_2016_02_26_123110,alligatorriver,alligatorriver,2016-02-26T12:31:10,phenocam:alligatorriver:2016-02-26,negative,train,images/train/phenocam-alligatorriver_2016_02_26_123110.jpg,,public_v2,5dc125ee3f686e53fdcd62eb6c361f11acbe2625567dc771271f187c57d206b0,b072840a8298fe7bd0541bdd5f333e89c737ae35eb513dc4687401fe31930b47,89c7ad83171b0f2b,0,,accepted_negative,
phenocam-alligatorriver_2016_02_26_190111,phenocam::alligatorriver_2016_02_26_190111,phenocam,alligatorriver_2016_02_26_190111,alligatorriver,alligatorriver,2016-02-26T19:01:11,phenocam:alligatorriver:2016-02-26,negative,train,images/train/phenocam-alligatorriver_2016_02_26_190111.jpg,,public_v2,4f9dc2ba5cb67732f39410d7ecda7257e803beb6db9783cbf3538f1030e5157a,4104a69e632b1e35f89cd333e3237a1270c3ca229e50be320182b1c5fc47d7a4,fcececece8e0c0c0,0,,accepted_negative,
phenocam-alligatorriver_2016_02_27_163108,phenocam::alligatorriver_2016_02_27_163108,phenocam,alligatorriver_2016_02_27_163108,alligatorriver,alligatorriver,2016-02-27T16:31:08,phenocam:alligatorriver:2016-02-27,negative,train,images/train/phenocam-alligatorriver_2016_02_27_163108.jpg,,public_v2,4deea84851a81cff9dbbb1092f66ea240c52d82d7b1ba5967ab4606d0eac8915,27b332da7432dcbc8d2a1350567bbd1e7b5348d7ccdf07de3eb10182794efced,f7d381830b1b2733,0,,accepted_negative,
phenocam-alligatorriver_2016_02_28_110109,phenocam::alligatorriver_2016_02_28_110109,phenocam,alligatorriver_2016_02_28_110109,alligatorriver,alligatorriver,2016-02-28T11:01:09,phenocam:alligatorriver:2016-02-28,negative,train,images/train/phenocam-alligatorriver_2016_02_28_110109.jpg,,public_v2,3204d64445f3c67c97ca8c656940f95718d00cf0c240e1b80300d5fc678ff4e4,f5e9c9231763688ef24d32b36953ff3a49b676ac7684b455622d103120ca7270,9386ad8337171f2a,0,,accepted_negative,
phenocam-arbutuslakeinlet_2021_11_03_120206,phenocam::arbutuslakeinlet_2021_11_03_120206,phenocam,arbutuslakeinlet_2021_11_03_120206,arbutuslakeinlet,arbutuslakeinlet,2021-11-03T12:02:06,phenocam:arbutuslakeinlet:2021-11-03,negative,train,images/train/phenocam-arbutuslakeinlet_2021_11_03_120206.jpg,,public_v2,bdd338b3b9deee00c1ef07e1f055735cc8dc352eff17d99c83e455145448884b,f89c40f847370acf21d1c8d129836ac8a91ecb00fed34a121d46dbdc2367caf2,c38a86d397171717,0,,accepted_negative,
phenocam-arbutuslakeinlet_2021_11_19_120157,phenocam::arbutuslakeinlet_2021_11_19_120157,phenocam,arbutuslakeinlet_2021_11_19_120157,arbutuslakeinlet,arbutuslakeinlet,2021-11-19T12:01:57,phenocam:arbutuslakeinlet:2021-11-19,negative,train,images/train/phenocam-arbutuslakeinlet_2021_11_19_120157.jpg,,public_v2,e9dc517aa718482134fa747d5ae7bb53fd517bad786331bbdc2d1cf954ebe19e,65baf0a297a26c558566a6e68f39dcd83a9734c169fcc4db3d5c552a6643aa96,c18e96919717171f,0,,accepted_negative,
phenocam-arbutuslakeinlet_2021_11_20_090156,phenocam::arbutuslakeinlet_2021_11_20_090156,phenocam,arbutuslakeinlet_2021_11_20_090156,arbutuslakeinlet,arbutuslakeinlet,2021-11-20T09:01:56,phenocam:arbutuslakeinlet:2021-11-20,negative,train,images/train/phenocam-arbutuslakeinlet_2021_11_20_090156.jpg,,public_v2,86cba53f12d0bb0fb8f289e7e42e8d0db843931a584c767102df483580339310,68138e390cd96e351a81a2a13c309828edd239030ce7ccdb414f00a740f18fd1,c1ca829b17173737,0,,accepted_negative,
phenocam-arbutuslakeinlet_2021_11_22_080155,phenocam::arbutuslakeinlet_2021_11_22_080155,phenocam,arbutuslakeinlet_2021_11_22_080155,arbutuslakeinlet,arbutuslakeinlet,2021-11-22T08:01:55,phenocam:arbutuslakeinlet:2021-11-22,negative,train,images/train/phenocam-arbutuslakeinlet_2021_11_22_080155.jpg,,public_v2,ff5af12bb3f2df77e8a0ea186debe0e690aa7bb463bc1a2c5132fd6b1806fb08,1bf307a27a568688bed3f04a24ce2872a3679355d5e3eeb3d0802fe336e7b9d2,828ea78f17171717,0,,accepted_negative,
phenocam-arbutuslakeinlet_2021_11_26_150150,phenocam::arbutuslakeinlet_2021_11_26_150150,phenocam,arbutuslakeinlet_2021_11_26_150150,arbutuslakeinlet,arbutuslakeinlet,2021-11-26T15:01:50,phenocam:arbutuslakeinlet:2021-11-26,negative,train,images/train/phenocam-arbutuslakeinlet_2021_11_26_150150.jpg,,public_v2,cc0732c8d988e3b0ec0686205bdd0cf32e3929111b54e5d9f123a73a57be5462,0a1265c24eaeb3be6a4ecacd6377398ad5440f2896193e147ca0b0b82c2a3281,94961f2b6a666475,0,,accepted_negative,
phenocam-archboldbahia_2022_05_04_083804,phenocam::archboldbahia_2022_05_04_083804,phenocam,archboldbahia_2022_05_04_083804,archboldbahia,archboldbahia,2022-05-04T08:38:04,phenocam:archboldbahia:2022-05-04,negative,val,images/val/phenocam-archboldbahia_2022_05_04_083804.jpg,,public_v2,757f303baae3ca6dda11cd09d1c8e9a122181ea93502f143e50a433a577f3445,0208b55680ae14cc6e1bd88267fe8338239b54ac0ce6d643fb7b2c5aa0c1e423,d49bbaae9bb22212,0,,accepted_negative,
phenocam-archboldbahia_2022_05_29_144808,phenocam::archboldbahia_2022_05_29_144808,phenocam,archboldbahia_2022_05_29_144808,archboldbahia,archboldbahia,2022-05-29T14:48:08,phenocam:archboldbahia:2022-05-29,negative,val,images/val/phenocam-archboldbahia_2022_05_29_144808.jpg,,public_v2,c911c203f413ea16bbf2b26c8b005f8ddcd2e7136f59c019dc327fd38e907305,76699256414a507b535fdeb4f02fca8e6a0be446b8bedea1b3b6e51736a1f6e4,c69b97861316263f,0,,accepted_negative,
phenocam-armoklahoma_2014_05_01_202856,phenocam::armoklahoma_2014_05_01_202856,phenocam,armoklahoma_2014_05_01_202856,armoklahoma,armoklahoma,2014-05-01T20:28:56,phenocam:armoklahoma:2014-05-01,negative,train,images/train/phenocam-armoklahoma_2014_05_01_202856.jpg,,public_v2,acfa5c0fad80145ac3fbe87060fe49c38a2fd0dab1ec47b8969fca2de1f6f8b8,d51d98c778463e7ccc977188d10a55218d72c5522c61abcf181a04436967788a,fffff0c0c0e0e0c0,0,,accepted_negative,
phenocam-armoklahoma_2014_05_02_162855,phenocam::armoklahoma_2014_05_02_162855,phenocam,armoklahoma_2014_05_02_162855,armoklahoma,armoklahoma,2014-05-02T16:28:55,phenocam:armoklahoma:2014-05-02,negative,train,images/train/phenocam-armoklahoma_2014_05_02_162855.jpg,,public_v2,8ddb3252869bba05b3b40856d814a87eb2c0548eda63808754d55d9a04c3f17c,9af25b8ce67be777e7184cba9f187473cce24ad2a8d715e3524e61e056b779c4,90830b7bf2af0d71,0,,accepted_negative,
phenocam-armoklahoma_2014_05_03_092854,phenocam::armoklahoma_2014_05_03_092854,phenocam,armoklahoma_2014_05_03_092854,armoklahoma,armoklahoma,2014-05-03T09:28:54,phenocam:armoklahoma:2014-05-03,negative,train,images/train/phenocam-armoklahoma_2014_05_03_092854.jpg,,public_v2,2dcfcc701333400db373aeaa7f761609c2f2015468fd2497927480fa8d7723d4,ac6cb1ce1aeb1769ad7724f87746311d90c99bb3672fed07251d83f8242a1c39,d0d10f3bf2c50c73,0,,accepted_negative,
phenocam-armoklahoma_2014_05_07_172926,phenocam::armoklahoma_2014_05_07_172926,phenocam,armoklahoma_2014_05_07_172926,armoklahoma,armoklahoma,2014-05-07T17:29:26,phenocam:armoklahoma:2014-05-07,negative,train,images/train/phenocam-armoklahoma_2014_05_07_172926.jpg,,public_v2,40cd9024dac0963a21415963fd911357a115fe76a4391da66e8e274f60fbc1a8,ddfbd868f799a74c8cd595c23909b179e54b2340b2eb849a784706671e69e308,80874b7771c70f71,0,,accepted_negative,
phenocam-arsgacp2_2016_04_27_190000,phenocam::arsgacp2_2016_04_27_190000,phenocam,arsgacp2_2016_04_27_190000,arsgacp2,arsgacp2,2016-04-27T19:00:00,phenocam:arsgacp2:2016-04-27,negative,train,images/train/phenocam-arsgacp2_2016_04_27_190000.jpg,,public_v2,222550efbae2e11f2b4634a65f5956af6088585d08bf2a39ea5241685e76baa8,f71e2ff7f8c6d048d1cc18c2834ea896c48991c1b421d9143977e3a29566a4c0,d4d61696969696d2,0,,accepted_negative,
phenocam-arsgacp2_2016_04_28_053000,phenocam::arsgacp2_2016_04_28_053000,phenocam,arsgacp2_2016_04_28_053000,arsgacp2,arsgacp2,2016-04-28T05:30:00,phenocam:arsgacp2:2016-04-28,negative,train,images/train/phenocam-arsgacp2_2016_04_28_053000.jpg,,public_v2,84d3c2821044e77407495a5c2a6456e7d5e53e51b80f6ab8298b7e207b0ea62b,c74b8a4c0a7bbbc27d35084b9de9e75a21362f05047c297ab92ce86c6b127843,d6d6d6d6d0d0d0d0,0,,accepted_negative,
phenocam-arsgacp2_2016_04_29_113000,phenocam::arsgacp2_2016_04_29_113000,phenocam,arsgacp2_2016_04_29_113000,arsgacp2,arsgacp2,2016-04-29T11:30:00,phenocam:arsgacp2:2016-04-29,negative,train,images/train/phenocam-arsgacp2_2016_04_29_113000.jpg,,public_v2,8582e617fd3d18ec139a65423ba56d6f781333fef5e1a64e027aa3d22a156106,b80a179e48f4863530b0d8a826177175c29d43200210be42efadab3c749b756e,96d656869a9693d2,0,,accepted_negative,
phenocam-arsgacp2_2016_04_30_200000,phenocam::arsgacp2_2016_04_30_200000,phenocam,arsgacp2_2016_04_30_200000,arsgacp2,arsgacp2,2016-04-30T20:00:00,phenocam:arsgacp2:2016-04-30,negative,train,images/train/phenocam-arsgacp2_2016_04_30_200000.jpg,,public_v2,d6bdd99c81490409b7bb9cec139a5a27cc6f3e235ba310a7fde7df5b33d9d3f9,bc21260319e8399d5e4ceed1a10ad1d2023b63f46c456b9885926f9ac4280d73,f8f8f8f8e8c8c8c0,0,,accepted_negative,
phenocam-arsgreatbasinltar177_2023_03_07_140006,phenocam::arsgreatbasinltar177_2023_03_07_140006,phenocam,arsgreatbasinltar177_2023_03_07_140006,arsgreatbasinltar177,arsgreatbasinltar177,2023-03-07T14:00:06,phenocam:arsgreatbasinltar177:2023-03-07,negative,train,images/train/phenocam-arsgreatbasinltar177_2023_03_07_140006.jpg,,public_v2,e42ab94de2c00b2f9c054ff136d7e9ca4ebba84bb541fd547cd40bc7e7f98aab,1d404dfadc65b198486ebdfc3331de89079c694159d4e5ddbe50cf725a958dcc,d5be1c2c353c3d24,0,,accepted_negative,
phenocam-arsgreatbasinltar177_2023_03_12_120006,phenocam::arsgreatbasinltar177_2023_03_12_120006,phenocam,arsgreatbasinltar177_2023_03_12_120006,arsgreatbasinltar177,arsgreatbasinltar177,2023-03-12T12:00:06,phenocam:arsgreatbasinltar177:2023-03-12,negative,train,images/train/phenocam-arsgreatbasinltar177_2023_03_12_120006.jpg,,public_v2,42b6090614b646fb829f140db0afe1fdec56736ba1f8ddfbba10d717470af1ce,8c0d1b616e58f97237607caefd7d2a8df644180fe6144a6b482e9658bd8295e5,d516151757547574,0,,accepted_negative,
phenocam-arsgreatbasinltar177_2023_03_14_120006,phenocam::arsgreatbasinltar177_2023_03_14_120006,phenocam,arsgreatbasinltar177_2023_03_14_120006,arsgreatbasinltar177,arsgreatbasinltar177,2023-03-14T12:00:06,phenocam:arsgreatbasinltar177:2023-03-14,negative,train,images/train/phenocam-arsgreatbasinltar177_2023_03_14_120006.jpg,,public_v2,bbeb16f604abdccb68c8c3e28edebd3ebc9a20c7e0a0183107385d3834dc5e79,ba358f24b7f144ae9b416cfb7b2472108e262c9a48511cb092ddb20875fb1f40,d51e5c5655747470,0,,accepted_negative,
phenocam-arsgreatbasinltar177_2023_03_15_110006,phenocam::arsgreatbasinltar177_2023_03_15_110006,phenocam,arsgreatbasinltar177_2023_03_15_110006,arsgreatbasinltar177,arsgreatbasinltar177,2023-03-15T11:00:06,phenocam:arsgreatbasinltar177:2023-03-15,negative,train,images/train/phenocam-arsgreatbasinltar177_2023_03_15_110006.jpg,,public_v2,3aa5320f6216a05bf19bf2f891d6e80cc394d129a097a2a37de6d7c6fd4447df,34b255d8d1cda36bb955b25cae752e05d0a719734efeb6dfb951939d35851fdf,c5164d9765936593,0,,accepted_negative,
phenocam-arsgreatbasinltar177_2023_03_24_123007,phenocam::arsgreatbasinltar177_2023_03_24_123007,phenocam,arsgreatbasinltar177_2023_03_24_123007,arsgreatbasinltar177,arsgreatbasinltar177,2023-03-24T12:30:07,phenocam:arsgreatbasinltar177:2023-03-24,negative,train,images/train/phenocam-arsgreatbasinltar177_2023_03_24_123007.jpg,,public_v2,e3c2703cc09716dde1abcb194172fed3bfe8898e9b85788a279795e38437ae78,63b0493ac15c900cec4966872d6c20197bff1bb27e9fed087a620a47c6dd3e2e,d51f1f5b70707070,0,,accepted_negative,
phenocam-arsgreatbasinltar177_2023_03_28_130006,phenocam::arsgreatbasinltar177_2023_03_28_130006,phenocam,arsgreatbasinltar177_2023_03_28_130006,arsgreatbasinltar177,arsgreatbasinltar177,2023-03-28T13:00:06,phenocam:arsgreatbasinltar177:2023-03-28,negative,train,images/train/phenocam-arsgreatbasinltar177_2023_03_28_130006.jpg,,public_v2,8249098c8fd2476eb3907e0f8a5e748a7411269f3f9e1e649451d7f47e3c6778,3cd45f80efea040083f303ea4328e230c1400040ae2862dda3bdfb03bc73670b,d515151515757575,0,,accepted_negative,
phenocam-arsmorris2_2017_07_28_160000,phenocam::arsmorris2_2017_07_28_160000,phenocam,arsmorris2_2017_07_28_160000,arsmorris2,arsmorris2,2017-07-28T16:00:00,phenocam:arsmorris2:2017-07-28,negative,val,images/val/phenocam-arsmorris2_2017_07_28_160000.jpg,,public_v2,6c0ac6214a0c24667103c2cbfe6ce9308ba52046823acf4e8be0d3481424117e,e3dcdeec0013e6bed0e579153e4c7ebf08aab97f18eb688770877052090aac3a,97c68fa08387a697,0,,accepted_negative,
phenocam-arsmorris2_2017_07_29_120001,phenocam::arsmorris2_2017_07_29_120001,phenocam,arsmorris2_2017_07_29_120001,arsmorris2,arsmorris2,2017-07-29T12:00:01,phenocam:arsmorris2:2017-07-29,negative,val,images/val/phenocam-arsmorris2_2017_07_29_120001.jpg,,public_v2,113446ea4ffca887d96cdcad8da2bf6d9231f1117d458a4f2bc27bcea69fe655,b0d886012b11cf902abaf4f4bc4f34b0e9044151f014b8a73a3051789b2b7d1d,9da68686a784a69f,0,,accepted_negative,
phenocam-ashburnham_2014_12_01_150102,phenocam::ashburnham_2014_12_01_150102,phenocam,ashburnham_2014_12_01_150102,ashburnham,ashburnham,2014-12-01T15:01:02,phenocam:ashburnham:2014-12-01,negative,train,images/train/phenocam-ashburnham_2014_12_01_150102.jpg,,public_v2,c4c8ba7c46e37e03ab088067c9189ef04d716285f6e362e908e76581081b71bf,c3f4bd7f9b7711173658cfa423ecfc2027dc0037decd074d55b9c306bc7cea63,838d97160f328fb6,0,,accepted_negative,
phenocam-ashburnham_2014_12_01_163102,phenocam::ashburnham_2014_12_01_163102,phenocam,ashburnham_2014_12_01_163102,ashburnham,ashburnham,2014-12-01T16:31:02,phenocam:ashburnham:2014-12-01,negative,train,images/train/phenocam-ashburnham_2014_12_01_163102.jpg,,public_v2,37c53c2e9237bb4bf907c5cc32d6657509d0a05aab4bd3b613d7986ce9183a08,8f1751acf616bdb72debf34b9d59facb80519e15509bbf70692d904d53e3fdab,fcecf4f8e8e0c0c0,0,,accepted_negative,
phenocam-ashburnham_2014_12_02_133101,phenocam::ashburnham_2014_12_02_133101,phenocam,ashburnham_2014_12_02_133101,ashburnham,ashburnham,2014-12-02T13:31:01,phenocam:ashburnham:2014-12-02,positive,train,images/train/phenocam-ashburnham_2014_12_02_133101.jpg,labels/train/phenocam-ashburnham_2014_12_02_133101.txt,public_v2,78fb19ceef941b1dacdee0c5f2f6fa78d8014934ac0b472de9a16f2294ff7c24,9b34bedae38118c940cfdf0d2454aafe44f76bba7cdc5c7103d13e21904f0e36,8289971b0f3aaf96,1,truck,complete,
phenocam-ashburnham_2014_12_03_100102,phenocam::ashburnham_2014_12_03_100102,phenocam,ashburnham_2014_12_03_100102,ashburnham,ashburnham,2014-12-03T10:01:02,phenocam:ashburnham:2014-12-03,negative,train,images/train/phenocam-ashburnham_2014_12_03_100102.jpg,,public_v2,5f0fa1ec950597f31fdf399c4a3664410e62ffc2f2ba41393f045611f655912a,b66a027d38b611d97924ce7bd9a365f5497cbb694c05a323350062a7a4c47f33,8b84671e8d361d76,0,,accepted_negative,
phenocam-ashburnham_2014_12_03_153102,phenocam::ashburnham_2014_12_03_153102,phenocam,ashburnham_2014_12_03_153102,ashburnham,ashburnham,2014-12-03T15:31:02,phenocam:ashburnham:2014-12-03,positive,train,images/train/phenocam-ashburnham_2014_12_03_153102.jpg,labels/train/phenocam-ashburnham_2014_12_03_153102.txt,public_v2,6708226b8d408231bfc5fa85b0c6c4934c6cc3a9af7b0954f623edf6fa9917ba,ce99642e7c907967421676a6e31a32d0b1402e1bd8123e0a36f970ea890885ec,8385931b0f3a3f96,3,car,complete,
phenocam-bartlett_2008_02_09_130554,phenocam::bartlett_2008_02_09_130554,phenocam,bartlett_2008_02_09_130554,bartlett,bartlett,2008-02-09T13:05:54,phenocam:bartlett:2008-02-09,negative,train,images/train/phenocam-bartlett_2008_02_09_130554.jpg,,public_v2,a6ecf921a042d966c85dbb35d688a0668abdd14039b47dd2797028936f46e286,f463137af884d13c5e3fb853cabbc2f312436ddfcfeeb54b7bd9b1b6f8453e48,d58ea6cf218b6583,0,,accepted_negative,
phenocam-bartlett_2008_02_15_133017,phenocam::bartlett_2008_02_15_133017,phenocam,bartlett_2008_02_15_133017,bartlett,bartlett,2008-02-15T13:30:17,phenocam:bartlett:2008-02-15,negative,train,images/train/phenocam-bartlett_2008_02_15_133017.jpg,,public_v2,d1d4e181c0f9d2a1a5e7dfbbec3e31d1ec25a8b07aa69d61148cea996fffb2f8,d5ae0cc3242e401535f0b6cca4421caab30c538b29615bf50020b82951a6d93e,a3acebedc1c18585,0,,accepted_negative,
phenocam-bartlett_2008_02_16_123514,phenocam::bartlett_2008_02_16_123514,phenocam,bartlett_2008_02_16_123514,bartlett,bartlett,2008-02-16T12:35:14,phenocam:bartlett:2008-02-16,negative,train,images/train/phenocam-bartlett_2008_02_16_123514.jpg,,public_v2,ef56459ea8eabb3305a59466ef212278d986884c72683ecc422e147f6b101106,dd105f5fc65938414bfd1951d1f6446c18617e86194c13ca7a4217117dcb918d,e7a0ebe9c3890587,0,,accepted_negative,
phenocam-bartlett_2008_02_18_124008,phenocam::bartlett_2008_02_18_124008,phenocam,bartlett_2008_02_18_124008,bartlett,bartlett,2008-02-18T12:40:08,phenocam:bartlett:2008-02-18,negative,train,images/train/phenocam-bartlett_2008_02_18_124008.jpg,,public_v2,435bee9cc23be8b72bc4377f788a60d7556798c0f94012e8ab1c88c68ff1f521,7f632b9d7a36eb8d26e125a76fe75dea381968d2074e35b770e3ca2dd905aa2a,8184e7b459993fa6,0,,accepted_negative,
phenocam-bartlett_2008_02_22_123949,phenocam::bartlett_2008_02_22_123949,phenocam,bartlett_2008_02_22_123949,bartlett,bartlett,2008-02-22T12:39:49,phenocam:bartlett:2008-02-22,negative,train,images/train/phenocam-bartlett_2008_02_22_123949.jpg,,public_v2,4a8ef4f6ec34fdbf41389dd1e5d061cffd5ec996667e0477be8194f4844b01c7,3fdd640722cef523de3cfde77ac157e85d9ed90733f16a4d9f8441213e1f3a58,c39ce3fc42982d87,0,,accepted_negative,
phenocam-bartlett_2008_02_27_132940,phenocam::bartlett_2008_02_27_132940,phenocam,bartlett_2008_02_27_132940,bartlett,bartlett,2008-02-27T13:29:40,phenocam:bartlett:2008-02-27,negative,train,images/train/phenocam-bartlett_2008_02_27_132940.jpg,,public_v2,63455772ea32c313a7572713edfd0ffb271b43964a2d68c1c99aadaa0e95091e,624a204ae35a56d4de07c562c9f33c4c1e52930d603bc45e80f157495f97590e,a7acaea58388ed85,0,,accepted_negative,
phenocam-bartlettir_2009_05_02_124016,phenocam::bartlettir_2009_05_02_124016,phenocam,bartlettir_2009_05_02_124016,bartlettir,bartlettir,2009-05-02T12:40:16,phenocam:bartlettir:2009-05-02,negative,train,images/train/phenocam-bartlettir_2009_05_02_124016.jpg,,public_v2,53e18a2f29d98328a4a430bb3173b2e6c5891fc57399a283a4a412ce2955c151,3b5a555dd449b1a497ffa4a250d0234eaeae065dc4431c4dc316328ba686d2d9,8ab0bf8e9595151d,0,,accepted_negative,
phenocam-bartlettir_2009_05_21_122054,phenocam::bartlettir_2009_05_21_122054,phenocam,bartlettir_2009_05_21_122054,bartlettir,bartlettir,2009-05-21T12:20:54,phenocam:bartlettir:2009-05-21,negative,train,images/train/phenocam-bartlettir_2009_05_21_122054.jpg,,public_v2,956327122ec5b3e926537f3393f0762b177aa4ed50790651cf0cc5f63ea251d5,67de668247edb0c334e8e432f12d3a3ec71ca06ed949fa21ed6625495ea29a61,a2bca59ac597151d,0,,accepted_negative,
phenocam-bartlettir_2009_05_26_124100,phenocam::bartlettir_2009_05_26_124100,phenocam,bartlettir_2009_05_26_124100,bartlettir,bartlettir,2009-05-26T12:41:00,phenocam:bartlettir:2009-05-26,negative,train,images/train/phenocam-bartlettir_2009_05_26_124100.jpg,,public_v2,f449d42d98645faa4b2897fbc174fe5860982122d6712edcb73865f3e386d8f0,1ae83f9ad0305c37af9e02b2d18e6c9047bffe2c5e430160dbedb156584ea8e5,aa95b19a9597151d,0,,accepted_negative,
phenocam-bartlettir_2009_05_27_124059,phenocam::bartlettir_2009_05_27_124059,phenocam,bartlettir_2009_05_27_124059,bartlettir,bartlettir,2009-05-27T12:40:59,phenocam:bartlettir:2009-05-27,negative,train,images/train/phenocam-bartlettir_2009_05_27_124059.jpg,,public_v2,f66a6c10b70a3133c9f60cda7b3edc79660a7780fc167f51ea014ff03ea62890,205394d4a4983ccc987171f0551b0c9ca118423b0efb693ffa19e6b0fc1d93e9,b8b091de47061f3e,0,,accepted_negative,
phenocam-bigtraillake_2021_01_02_100038,phenocam::bigtraillake_2021_01_02_100038,phenocam,bigtraillake_2021_01_02_100038,bigtraillake,bigtraillake,2021-01-02T10:00:38,phenocam:bigtraillake:2021-01-02,negative,train,images/train/phenocam-bigtraillake_2021_01_02_100038.jpg,,public_v2,a90c5b44e31d6f533dbc4f113b8bfb29c923332afb3403196c541dbfc24ad529,b43622e59e7331bba21fd3d504169333a6a410613ca4bc4de9a98b75c2a713be,91113024eeeeeee6,0,,accepted_negative,
phenocam-bigtraillake_2021_01_04_120042,phenocam::bigtraillake_2021_01_04_120042,phenocam,bigtraillake_2021_01_04_120042,bigtraillake,bigtraillake,2021-01-04T12:00:42,phenocam:bigtraillake:2021-01-04,negative,train,images/train/phenocam-bigtraillake_2021_01_04_120042.jpg,,public_v2,02967843fa38dd8b2b27423510de91c8027bc36fbe3fb65f7bab443c766fe714,9acb898949ba3341380caa39141b565550101d0503cd3b2f31822bd6e1e9c357,81910285eeeede5e,0,,accepted_negative,
phenocam-bigtraillake_2021_01_09_100038,phenocam::bigtraillake_2021_01_09_100038,phenocam,bigtraillake_2021_01_09_100038,bigtraillake,bigtraillake,2021-01-09T10:00:38,phenocam:bigtraillake:2021-01-09,negative,train,images/train/phenocam-bigtraillake_2021_01_09_100038.jpg,,public_v2,9aa29be5cf34a9ae753f7b41650abfa940cc3392896de1293687023f6b939ee6,1f9a7043cd24cbf2539f985dd1aa5c017d4859812797a733a24b07981ba9380c,91151aa5eaecced4,0,,accepted_negative,
phenocam-bigtraillake_2021_01_18_100039,phenocam::bigtraillake_2021_01_18_100039,phenocam,bigtraillake_2021_01_18_100039,bigtraillake,bigtraillake,2021-01-18T10:00:39,phenocam:bigtraillake:2021-01-18,negative,train,images/train/phenocam-bigtraillake_2021_01_18_100039.jpg,,public_v2,ec076583b7cf81cbd7057636b45462c8d0ec685de2cb87a6dd37e94e7f4f1aae,7277702cf6113f9b9171296be8b8211d15d2c7a45b613409b648081f5f522269,911512a5eaeceecc,0,,accepted_negative,
phenocam-bigtraillake_2021_01_19_100405,phenocam::bigtraillake_2021_01_19_100405,phenocam,bigtraillake_2021_01_19_100405,bigtraillake,bigtraillake,2021-01-19T10:04:05,phenocam:bigtraillake:2021-01-19,negative,train,images/train/phenocam-bigtraillake_2021_01_19_100405.jpg,,public_v2,8e9545d20d3b633d75e4c399352fdcdc4ea459b8ae2b633e1fa8b40c55c2e8df,ae9ea1dea6082d70cca4292c73d291e860bf28b567690f584c4c67bc2544a700,90153aa5eae4ded4,0,,accepted_negative,
phenocam-bigtraillake_2021_01_20_140405,phenocam::bigtraillake_2021_01_20_140405,phenocam,bigtraillake_2021_01_20_140405,bigtraillake,bigtraillake,2021-01-20T14:04:05,phenocam:bigtraillake:2021-01-20,negative,train,images/train/phenocam-bigtraillake_2021_01_20_140405.jpg,,public_v2,b049f726a8bae472e34845c7163dc89aa465f82c715d552a572e41f53f556bef,796e0915bfabc74b59694a2894586976e9f16fe75a01d65ec9d79f5aa8639de2,90353824eaeeded4,0,,accepted_negative,
phenocam-bigtraillake_2021_01_25_120405,phenocam::bigtraillake_2021_01_25_120405,phenocam,bigtraillake_2021_01_25_120405,bigtraillake,bigtraillake,2021-01-25T12:04:05,phenocam:bigtraillake:2021-01-25,negative,train,images/train/phenocam-bigtraillake_2021_01_25_120405.jpg,,public_v2,287e44a1e50818cbe34d26a6d6336c97b878520341f0df290d085706b050effe,4b692bc9d849e9d4d7cfb1d57f2abe69dcd59e12ce477a5e44b9390b87da2ff1,c195022c63eefbc6,0,,accepted_negative,
phenocam-bitterootvalley_2002_07_04_150000,phenocam::bitterootvalley_2002_07_04_150000,phenocam,bitterootvalley_2002_07_04_150000,bitterootvalley,bitterootvalley,2002-07-04T15:00:00,phenocam:bitterootvalley:2002-07-04,negative,train,images/train/phenocam-bitterootvalley_2002_07_04_150000.jpg,,public_v2,a64f94dbbc9002d218ed39f484bf90a8f52304fe5b5492f5adb969f0b6e5e121,d56a2839b7681c04638d37c147ab33fe36e074bac94efc9d60aeda4345c3f4fe,e1df087946ad931c,0,,accepted_negative,
phenocam-bitterootvalley_2002_07_07_120000,phenocam::bitterootvalley_2002_07_07_120000,phenocam,bitterootvalley_2002_07_07_120000,bitterootvalley,bitterootvalley,2002-07-07T12:00:00,phenocam:bitterootvalley:2002-07-07,negative,train,images/train/phenocam-bitterootvalley_2002_07_07_120000.jpg,,public_v2,56d9d099f5996a69aa7ad114cb22f7edf51fea3a3bf543f99ee77ab87dda27eb,7e5538e7917d205b4a85523ba257ed6d560d779415a9767f7388b848ad63b30b,e087087be6b19c79,0,,accepted_negative,
phenocam-bitterootvalley_2002_07_17_150000,phenocam::bitterootvalley_2002_07_17_150000,phenocam,bitterootvalley_2002_07_17_150000,bitterootvalley,bitterootvalley,2002-07-17T15:00:00,phenocam:bitterootvalley:2002-07-17,negative,train,images/train/phenocam-bitterootvalley_2002_07_17_150000.jpg,,public_v2,1189a3d1610d0dbecd7d3ee02675e4dba331008fab91857075b649dd99058f31,5b7c50874024b7c2716b8a8da3ec991810fd45ebccddb0c252da40871300659d,e1de2879c6a1959a,0,,accepted_negative,
phenocam-bnzoldbog_2023_02_07_110024,phenocam::bnzoldbog_2023_02_07_110024,phenocam,bnzoldbog_2023_02_07_110024,bnzoldbog,bnzoldbog,2023-02-07T11:00:24,phenocam:bnzoldbog:2023-02-07,negative,train,images/train/phenocam-bnzoldbog_2023_02_07_110024.jpg,,public_v2,7c88d1563fd436ecf4f9a43efee1aa3aebacc719b179bc0847d3221667a22316,5824fa646c541fe72a4d2336722b7ef5cf508b16f7a1d0233658b622efd947bb,840f87d775793134,0,,accepted_negative,
phenocam-bnzoldbog_2023_02_08_120023,phenocam::bnzoldbog_2023_02_08_120023,phenocam,bnzoldbog_2023_02_08_120023,bnzoldbog,bnzoldbog,2023-02-08T12:00:23,phenocam:bnzoldbog:2023-02-08,negative,train,images/train/phenocam-bnzoldbog_2023_02_08_120023.jpg,,public_v2,7db4481494f65654c729d572e9dff3cc3decd6153abe11eb2955fa9b78cfc323,2f221d076fbba47652b7c4e871e2e72ccdae0e1b84d37b283dea49c687f98963,842ac3d6646bbb36,0,,accepted_negative,
phenocam-bnzoldbog_2023_02_11_120023,phenocam::bnzoldbog_2023_02_11_120023,phenocam,bnzoldbog_2023_02_11_120023,bnzoldbog,bnzoldbog,2023-02-11T12:00:23,phenocam:bnzoldbog:2023-02-11,negative,train,images/train/phenocam-bnzoldbog_2023_02_11_120023.jpg,,public_v2,9c58778ce3ceff5d0fafdb248bbffc7daab73c46529e5bb5817621f677585068,fc7d96fd4968234d445810f554fe844c7e6b022e83d8a4b826483bffb7d62a72,942fd3c66569293c,0,,accepted_negative,
phenocam-bnzoldbog_2023_02_21_120021,phenocam::bnzoldbog_2023_02_21_120021,phenocam,bnzoldbog_2023_02_21_120021,bnzoldbog,bnzoldbog,2023-02-21T12:00:21,phenocam:bnzoldbog:2023-02-21,negative,train,images/train/phenocam-bnzoldbog_2023_02_21_120021.jpg,,public_v2,0f2472ed9979e7a0b3bbb648ce17c3d11f8ad654aa3461678beb034add8bb2bb,e4ecca65ef23771c04b126d21af5075452717207c9a1452ec14161ffde9c0e47,8424c3d6666bbb36,0,,accepted_negative,
phenocam-bnzoldbog_2023_02_25_110021,phenocam::bnzoldbog_2023_02_25_110021,phenocam,bnzoldbog_2023_02_25_110021,bnzoldbog,bnzoldbog,2023-02-25T11:00:21,phenocam:bnzoldbog:2023-02-25,negative,train,images/train/phenocam-bnzoldbog_2023_02_25_110021.jpg,,public_v2,5450040633089782ae919811e53d84aee9ec350aea5e87201920a74b04ad46c1,ef8fbdf791fb4bf68cf8f4ec0f2a4f04052f4385245e0a306aabc5ea8447ab73,952f8af56514aa3a,0,,accepted_negative,
phenocam-bnzrichfen_2023_11_02_110128,phenocam::bnzrichfen_2023_11_02_110128,phenocam,bnzrichfen_2023_11_02_110128,bnzrichfen,bnzrichfen,2023-11-02T11:01:28,phenocam:bnzrichfen:2023-11-02,negative,train,images/train/phenocam-bnzrichfen_2023_11_02_110128.jpg,,public_v2,1d527f662a853063e63e8153220b3eaf37bd630509d623651cdc5786dc938201,b2dc31c4fe489045625209923040f18638426430d896d02203351d42798af709,8520a496d6df1e3e,0,,accepted_negative,
phenocam-bnzrichfen_2023_11_13_110127,phenocam::bnzrichfen_2023_11_13_110127,phenocam,bnzrichfen_2023_11_13_110127,bnzrichfen,bnzrichfen,2023-11-13T11:01:27,phenocam:bnzrichfen:2023-11-13,negative,train,images/train/phenocam-bnzrichfen_2023_11_13_110127.jpg,,public_v2,1983b2e198c2f93ac57e01ab70f6b7951ed41d7616723c99a583a78aa89bf3f0,6bfc5b24c8d75c25a29fac0b9ba46cdb628c7b5bb694dad498945b31cb278c77,9526b586cccfc85a,0,,accepted_negative,
phenocam-bnzrichfen_2023_11_16_140126,phenocam::bnzrichfen_2023_11_16_140126,phenocam,bnzrichfen_2023_11_16_140126,bnzrichfen,bnzrichfen,2023-11-16T14:01:26,phenocam:bnzrichfen:2023-11-16,negative,train,images/train/phenocam-bnzrichfen_2023_11_16_140126.jpg,,public_v2,56b983a6523374fd864d1dc453ba88c17dd9d84fca4dbbff1005d388126fdba0,9ecbb8476b09a0ab5a518c365d35187c91facd416cd92f2c0b728b94c410ed33,9526b586c4cfca5a,0,,accepted_negative,
phenocam-bnzrichfen_2023_11_21_120125,phenocam::bnzrichfen_2023_11_21_120125,phenocam,bnzrichfen_2023_11_21_120125,bnzrichfen,bnzrichfen,2023-11-21T12:01:25,phenocam:bnzrichfen:2023-11-21,negative,train,images/train/phenocam-bnzrichfen_2023_11_21_120125.jpg,,public_v2,711954da4066ac22f055d19f7722ce0fa1134b34ff76c164fcc92d6b41188d27,e44e50cf60da3cadbd058981191974ba50878b1a80c88171cbc6074075340541,963634cfcdc94913,0,,accepted_negative,
phenocam-bnzrichfen_2023_11_26_120125,phenocam::bnzrichfen_2023_11_26_120125,phenocam,bnzrichfen_2023_11_26_120125,bnzrichfen,bnzrichfen,2023-11-26T12:01:25,phenocam:bnzrichfen:2023-11-26,negative,train,images/train/phenocam-bnzrichfen_2023_11_26_120125.jpg,,public_v2,806fda30fbacea38ef62b955d3d008c267b9589ff3a26ebf61d831c3bafe0bf5,9eba4495de90611216d44d7d3e67b9040fc6a9c7c9ace530c18d10c404179202,913f3cc448d4657e,0,,accepted_negative,
phenocam-borgocioffinorth_2017_06_10_090002,phenocam::borgocioffinorth_2017_06_10_090002,phenocam,borgocioffinorth_2017_06_10_090002,borgocioffinorth,borgocioffinorth,2017-06-10T09:00:02,phenocam:borgocioffinorth:2017-06-10,negative,train,images/train/phenocam-borgocioffinorth_2017_06_10_090002.jpg,,public_v2,d63cefce4c7e148d5536596cbe48d407328f3dbeb40595a3a49abc784ba7d407,15ff2f8be089044195d6802fffa8a7b8fdfdc028f3b0e369764d827f2fb31466,918e93c4574a2f2f,0,,accepted_negative,
phenocam-borgocioffinorth_2017_06_11_140002,phenocam::borgocioffinorth_2017_06_11_140002,phenocam,borgocioffinorth_2017_06_11_140002,borgocioffinorth,borgocioffinorth,2017-06-11T14:00:02,phenocam:borgocioffinorth:2017-06-11,negative,train,images/train/phenocam-borgocioffinorth_2017_06_11_140002.jpg,,public_v2,f8082cce92b5f2ed8570133176e2f26c3d5c406777ee8d21a2f5aba184069f0c,fced8db54c28bb03021dd0d534e7935eb48e794b47da86e219622e567a86baa7,99b8d9d851492b2f,0,,accepted_negative,
phenocam-borgocioffinorth_2017_06_13_170003,phenocam::borgocioffinorth_2017_06_13_170003,phenocam,borgocioffinorth_2017_06_13_170003,borgocioffinorth,borgocioffinorth,2017-06-13T17:00:03,phenocam:borgocioffinorth:2017-06-13,negative,train,images/train/phenocam-borgocioffinorth_2017_06_13_170003.jpg,,public_v2,0c7fe86c98e34f88ffa1cfb5aae7ca8da8127b04188613a07a9060d0cefe9791,26b6851cc9c477ae36b759237c3fccae135d969065565fba97fe01c254b6e7cd,91dcd3c2c74a0f2d,0,,accepted_negative,
phenocam-borgocioffinorth_2017_06_22_140002,phenocam::borgocioffinorth_2017_06_22_140002,phenocam,borgocioffinorth_2017_06_22_140002,borgocioffinorth,borgocioffinorth,2017-06-22T14:00:02,phenocam:borgocioffinorth:2017-06-22,negative,train,images/train/phenocam-borgocioffinorth_2017_06_22_140002.jpg,,public_v2,fcb140628b9ce8f01f18f9ee006b1b19c2588ced48946f3c2e791cdc838c0087,efce2d35d3d83bc3e0ade2c96db7aeb1afd985f911f311b075a38ffedd023011,91bc397ef1f2c0c0,0,,accepted_negative,
phenocam-borgocioffinorth_2017_06_23_170003,phenocam::borgocioffinorth_2017_06_23_170003,phenocam,borgocioffinorth_2017_06_23_170003,borgocioffinorth,borgocioffinorth,2017-06-23T17:00:03,phenocam:borgocioffinorth:2017-06-23,negative,train,images/train/phenocam-borgocioffinorth_2017_06_23_170003.jpg,,public_v2,b131d9980497d7b69ba8510cc2bf2a5867376253d411b97773b426c406e80138,34403b1bed263b34ad95fb14b0eb34fe287a374301f4a10ac868343d1bd1cef1,9197d1ffd1c6c0c0,0,,accepted_negative,
phenocam-borgocioffinorth_2017_06_28_113303,phenocam::borgocioffinorth_2017_06_28_113303,phenocam,borgocioffinorth_2017_06_28_113303,borgocioffinorth,borgocioffinorth,2017-06-28T11:33:03,phenocam:borgocioffinorth:2017-06-28,positive,train,images/train/phenocam-borgocioffinorth_2017_06_28_113303.jpg,labels/train/phenocam-borgocioffinorth_2017_06_28_113303.txt,public_v2,86ccf8c0aa606bfb9438834f36ffca5a155f79db71ad7093655e3e07ed902086,59b959dd31118533bd75f50d484e461cf8eeeabcfff138bc2443216bc4b25d8e,91a9bffed1d0c0c0,2,person,complete,
phenocam-boundarywaters_2005_12_16_150000,phenocam::boundarywaters_2005_12_16_150000,phenocam,boundarywaters_2005_12_16_150000,boundarywaters,boundarywaters,2005-12-16T15:00:00,phenocam:boundarywaters:2005-12-16,negative,val,images/val/phenocam-boundarywaters_2005_12_16_150000.jpg,,public_v2,58784373f97523baba6f68461812d47f6e86344dcdca2a52dfa0f289fa08ad91,ef60df9670d80be8c00ca83f2363b7c694cf54bbfa230b97945124de23b78361,87b0e97689c7a871,0,,accepted_negative,
phenocam-boundarywaters_2005_12_17_120000,phenocam::boundarywaters_2005_12_17_120000,phenocam,boundarywaters_2005_12_17_120000,boundarywaters,boundarywaters,2005-12-17T12:00:00,phenocam:boundarywaters:2005-12-17,negative,val,images/val/phenocam-boundarywaters_2005_12_17_120000.jpg,,public_v2,902cd967c5afc08ec5ed7c80698daf43ce423bfe7cea9fbb8690ceee19ea1bb8,aafb112f330a5ad1f6f657345ab32a82c7031f682122ccb26c4ac9ff2b921232,82edef12c5169974,0,,accepted_negative,
phenocam-boundarywaters_2005_12_18_090000,phenocam::boundarywaters_2005_12_18_090000,phenocam,boundarywaters_2005_12_18_090000,boundarywaters,boundarywaters,2005-12-18T09:00:00,phenocam:boundarywaters:2005-12-18,negative,val,images/val/phenocam-boundarywaters_2005_12_18_090000.jpg,,public_v2,bce7e15654d0529becd5567efeb9ee9604fc559d1860f044af2ee1ccbcec3a4f,886c12379ea07813d06bb67762df99128ccf89b8df05cc966382eaddc2d5b9a7,85b2e95a21d6aa75,0,,accepted_negative,
phenocam-boundarywaters_2005_12_20_090000,phenocam::boundarywaters_2005_12_20_090000,phenocam,boundarywaters_2005_12_20_090000,boundarywaters,boundarywaters,2005-12-20T09:00:00,phenocam:boundarywaters:2005-12-20,negative,val,images/val/phenocam-boundarywaters_2005_12_20_090000.jpg,,public_v2,58a5de015d0737708ee269b0d8137e46b802a8cff06f3eae56a7888e56bd23bb,701718d0e2ae6231ab176ce77d07ce2c3203e13a52d2d6778d6af7d0664df128,85d26e559a65ba70,0,,accepted_negative,
phenocam-boundarywaters_2005_12_22_090000,phenocam::boundarywaters_2005_12_22_090000,phenocam,boundarywaters_2005_12_22_090000,boundarywaters,boundarywaters,2005-12-22T09:00:00,phenocam:boundarywaters:2005-12-22,negative,val,images/val/phenocam-boundarywaters_2005_12_22_090000.jpg,,public_v2,5ba46bd2259660a3039f37fbc30f977d1b31e1e98c4aa94c1d949856794b1452,8e3d14e1163d5e5591fc952a004370afb9f45329296f37b5f60387cb03fbe912,c196e9748dc7b861,0,,accepted_negative,
phenocam-burdetterice3_2021_07_26_073006,phenocam::burdetterice3_2021_07_26_073006,phenocam,burdetterice3_2021_07_26_073006,burdetterice3,burdetterice3,2021-07-26T07:30:06,phenocam:burdetterice3:2021-07-26,negative,val,images/val/phenocam-burdetterice3_2021_07_26_073006.jpg,,public_v2,ee7cb5e96e0435e116bcbb8bcb2a458530bc8c6f30b5cee3bf4453ec1616e91e,b3a68d7427423225f79c7c88fa6373152cad81f80e93713df2252cef2cebf2d8,9385a9b39c872e8e,0,,accepted_negative,
phenocam-burdetterice3_2021_07_26_093006,phenocam::burdetterice3_2021_07_26_093006,phenocam,burdetterice3_2021_07_26_093006,burdetterice3,burdetterice3,2021-07-26T09:30:06,phenocam:burdetterice3:2021-07-26,negative,val,images/val/phenocam-burdetterice3_2021_07_26_093006.jpg,,public_v2,68e20ff4621d937bd63fe50377b6caf28cedba62fb559ad20a98672759585fa1,124cfc411e78837b4a549b80a38f11b0e1252445da0709d4117cf8bea2131740,c796a1a691a707ae,0,,accepted_negative,
phenocam-butte_2010_06_13_040021,phenocam::butte_2010_06_13_040021,phenocam,butte_2010_06_13_040021,butte,butte,2010-06-13T04:00:21,phenocam:butte:2010-06-13,negative,train,images/train/phenocam-butte_2010_06_13_040021.jpg,,public_v2,e1259fd253220e6ef2826372bdd18970b1f15ea5cf30262a2962aed1cdfa1bc2,1d49aa62dae604b147bb3b99cf4df726ffe70b2ea305c198e1dd678e8aeb2ff8,df9a081f0f0c0f1f,0,,accepted_negative,
phenocam-butte_2010_06_13_100022,phenocam::butte_2010_06_13_100022,phenocam,butte_2010_06_13_100022,butte,butte,2010-06-13T10:00:22,phenocam:butte:2010-06-13,negative,train,images/train/phenocam-butte_2010_06_13_100022.jpg,,public_v2,281f673e499f7f0cf6b506dfcca8dd0910d6f18d5661d5d0d7c90998d3a89bcf,809cb7c791c349be4d4b49d09f3d3fea61f00f537693c0c4ea2f225e6071c209,a498d5d9486ea637,0,,accepted_negative,
phenocam-butte_2010_06_15_083051,phenocam::butte_2010_06_15_083051,phenocam,butte_2010_06_15_083051,butte,butte,2010-06-15T08:30:51,phenocam:butte:2010-06-15,negative,train,images/train/phenocam-butte_2010_06_15_083051.jpg,,public_v2,b9f4115e56da43e8dfd405a807d7a334febbf478209a602efe548b0e68b72939,b48a9d29a7bebbdaf0f652c863f858dfcd803da4bdf13dfb50d64ba65b9f418e,a2b891d9c86ea637,0,,accepted_negative,
phenocam-butte_2010_06_15_093051,phenocam::butte_2010_06_15_093051,phenocam,butte_2010_06_15_093051,butte,butte,2010-06-15T09:30:51,phenocam:butte:2010-06-15,negative,train,images/train/phenocam-butte_2010_06_15_093051.jpg,,public_v2,438a485562cce22ae7459330b86e75841e0c5eee85ca89aeb07eda258384e6ac,caeaec3ffa8469fff7bb6ced59e47a1358e1f4644dd66f95cfe936a3bf087168,a698d5d9c866a636,0,,accepted_negative,
phenocam-butte_2010_06_15_100052,phenocam::butte_2010_06_15_100052,phenocam,butte_2010_06_15_100052,butte,butte,2010-06-15T10:00:52,phenocam:butte:2010-06-15,negative,train,images/train/phenocam-butte_2010_06_15_100052.jpg,,public_v2,b42b2c09396f2bee650d03b672f895e3073acfe3d3cc741ca08cb64967cc9e12,0ede16ba9aa0288bb9fbb9b13b127e041d0d155bba91d521e9936c026da24366,a0b895d9c86ea637,0,,accepted_negative,
phenocam-butte_2010_06_28_073033,phenocam::butte_2010_06_28_073033,phenocam,butte_2010_06_28_073033,butte,butte,2010-06-28T07:30:33,phenocam:butte:2010-06-28,negative,train,images/train/phenocam-butte_2010_06_28_073033.jpg,,public_v2,b1ef43d2653c63e41910e9269eb568581bf13b568305d87f961a22477e11c921,31e5c70b2d764f20cb08fc2be48cb58dec8b952f59416cdd4a4f5360fb25574f,ffbcd54148262437,0,,accepted_negative,
phenocam-butte_2010_06_28_120034,phenocam::butte_2010_06_28_120034,phenocam,butte_2010_06_28_120034,butte,butte,2010-06-28T12:00:34,phenocam:butte:2010-06-28,negative,train,images/train/phenocam-butte_2010_06_28_120034.jpg,,public_v2,719e2de9dc1786bfadb5d2d023b4dd4842fa562bebe3c19a7dc645d0dc901394,5ae37ab64870fb80188b9480c059d7465d03984107495f75c94671b761dec33f,a2b8d1d9c86ea635,0,,accepted_negative,
phenocam-caryinstitute_2022_07_03_212705,phenocam::caryinstitute_2022_07_03_212705,phenocam,caryinstitute_2022_07_03_212705,caryinstitute,caryinstitute,2022-07-03T21:27:05,phenocam:caryinstitute:2022-07-03,negative,train,images/train/phenocam-caryinstitute_2022_07_03_212705.jpg,,public_v2,67ddf66d1255a36d5b0bea7515d6aeae3158b40a3c0ef825bb86688bc24e7217,5187db2533976f0ba37076114dab2b280d93d0d5162e4a044f07edbda02a781d,f1f0f1f1f0c1d0c2,0,,accepted_negative,
phenocam-caryinstitute_2022_07_04_045705,phenocam::caryinstitute_2022_07_04_045705,phenocam,caryinstitute_2022_07_04_045705,caryinstitute,caryinstitute,2022-07-04T04:57:05,phenocam:caryinstitute:2022-07-04,negative,train,images/train/phenocam-caryinstitute_2022_07_04_045705.jpg,,public_v2,19547186e65f77ccd49f37b287308c36a3402eba98367ec478ecc689488dcf54,a03e20f47323aca7ec4a7d05af2b8d8b03c8312ad86c3c60d79fb5bd5b041703,98bf8f8e260c3c33,0,,accepted_negative,
phenocam-caryinstitute_2022_07_08_214850,phenocam::caryinstitute_2022_07_08_214850,phenocam,caryinstitute_2022_07_08_214850,caryinstitute,caryinstitute,2022-07-08T21:48:50,phenocam:caryinstitute:2022-07-08,negative,train,images/train/phenocam-caryinstitute_2022_07_08_214850.jpg,,public_v2,2a8504c23396342ee48d7209fc1e760d00e9e2474a554dd951d47196c1b34f2d,bae7cc7cf6b5e910ada6528e30c9118341ef7f096c33878f81536ad0d2cd1560,e1f1f1f1d1c1d0c1,0,,accepted_negative,
phenocam-caryinstitute_2022_07_09_064851,phenocam::caryinstitute_2022_07_09_064851,phenocam,caryinstitute_2022_07_09_064851,caryinstitute,caryinstitute,2022-07-09T06:48:51,phenocam:caryinstitute:2022-07-09,negative,train,images/train/phenocam-caryinstitute_2022_07_09_064851.jpg,,public_v2,8206c01d610c82bd53554ca3001de5b21087d57c03124b9c02482ea1f32c353d,d8a823767929e0c71f266f6c17bfda496fe45cd4033abd0e1f4e4d592bf12d78,9c9e83ae62364e63,0,,accepted_negative,
phenocam-caryinstitute_2022_07_09_204303,phenocam::caryinstitute_2022_07_09_204303,phenocam,caryinstitute_2022_07_09_204303,caryinstitute,caryinstitute,2022-07-09T20:43:03,phenocam:caryinstitute:2022-07-09,negative,train,images/train/phenocam-caryinstitute_2022_07_09_204303.jpg,,public_v2,04355f8afa55d68c5ea932ebadb0c6d97d06e4c49b0e72457f53b84b310ffb20,ddac908afe826197cfc10647662ddbd387e6867ef042b8437cc4c31a770883a4,f1f1f1f1f0c1c0c1,0,,accepted_negative,
phenocam-caryinstitute_2022_07_16_200303,phenocam::caryinstitute_2022_07_16_200303,phenocam,caryinstitute_2022_07_16_200303,caryinstitute,caryinstitute,2022-07-16T20:03:03,phenocam:caryinstitute:2022-07-16,negative,train,images/train/phenocam-caryinstitute_2022_07_16_200303.jpg,,public_v2,7b22b7a462104b775932ee03cde172fdc6ff6732706d897c1a016ed7fd588a79,6371198cf73d26bd5d024d7bcc60e81b00797c67cdf619b5e214449ffd602011,f1f1f1f1f0c1d0c0,0,,accepted_negative,
phenocam-contactcreek_2010_09_24_110000,phenocam::contactcreek_2010_09_24_110000,phenocam,contactcreek_2010_09_24_110000,contactcreek,contactcreek,2010-09-24T11:00:00,phenocam:contactcreek:2010-09-24,negative,train,images/train/phenocam-contactcreek_2010_09_24_110000.jpg,,public_v2,f58eaaefbbb6bdbbd895c56b622a4d6ba73198336db0b64ddbc1dd4edaa5e655,d1629416aca40a3736774ed2a125bfc4f616dcf5f6b2b407446f66a4c3b1a6c9,d5f2e9c08d8a2f1a,0,,accepted_negative,
phenocam-contactcreek_2010_09_26_110000,phenocam::contactcreek_2010_09_26_110000,phenocam,contactcreek_2010_09_26_110000,contactcreek,contactcreek,2010-09-26T11:00:00,phenocam:contactcreek:2010-09-26,negative,train,images/train/phenocam-contactcreek_2010_09_26_110000.jpg,,public_v2,ba450bfba7aee5d8cc179ecbc7a419df878c8433d500f598722a600a48fa37a3,5170717edf0fa9f0edcf2cf358d4e2698452eb251624b032fd3d5e788a6ff1a6,d5f2e9c88d882f1a,0,,accepted_negative,
phenocam-contactcreek_2010_09_28_110000,phenocam::contactcreek_2010_09_28_110000,phenocam,contactcreek_2010_09_28_110000,contactcreek,contactcreek,2010-09-28T11:00:00,phenocam:contactcreek:2010-09-28,negative,train,images/train/phenocam-contactcreek_2010_09_28_110000.jpg,,public_v2,67e978752f7368457d7b2923f025f680ed6b9f3c78ffbc3b12660720d348b9f3,ed86097c796f97f02e2e8e89c2f563079abf17ed735b7e2f7d67e49b04b14125,d5fae1c883889e1e,0,,accepted_negative,
phenocam-contactcreek_2010_09_29_140000,phenocam::contactcreek_2010_09_29_140000,phenocam,contactcreek_2010_09_29_140000,contactcreek,contactcreek,2010-09-29T14:00:00,phenocam:contactcreek:2010-09-29,negative,train,images/train/phenocam-contactcreek_2010_09_29_140000.jpg,,public_v2,18a84d68cfead2a0d1790ec18f521674afa075b6f5686bafe3a635fce59796bd,b45614e802d3f2c7b9a3501aec4f5d6b6dc7507d112ccb8e53e27a6849cd4e97,d5fbe1c8818a869e,0,,accepted_negative,
phenocam-coville_2012_08_07_132114,phenocam::coville_2012_08_07_132114,phenocam,coville_2012_08_07_132114,coville,coville,2012-08-07T13:21:14,phenocam:coville:2012-08-07,negative,train,images/train/phenocam-coville_2012_08_07_132114.jpg,,public_v2,8298c91dfe5702197db6651799db85df319cf4f1e5b102d69cf4f8ee53a09867,cc1729da2dbbab1363c7c3f6b5edb1c3021207cb5e7eeb5cfd1cd066836630e9,c5aa95b2011e69fe,0,,accepted_negative,
phenocam-coville_2012_08_16_142119,phenocam::coville_2012_08_16_142119,phenocam,coville_2012_08_16_142119,coville,coville,2012-08-16T14:21:19,phenocam:coville:2012-08-16,negative,train,images/train/phenocam-coville_2012_08_16_142119.jpg,,public_v2,38c7baa256d9c91477e3f9f6858606b0f6eb7f02c6359f7d60fb472e3104de6a,e91447b85fdfb34770ef00a9937f18ef6df36a40401929a058730f7db3bf86f2,c5ecd4f8911a417e,0,,accepted_negative,
phenocam-coville_2012_08_21_112123,phenocam::coville_2012_08_21_112123,phenocam,coville_2012_08_21_112123,coville,coville,2012-08-21T11:21:23,phenocam:coville:2012-08-21,negative,train,images/train/phenocam-coville_2012_08_21_112123.jpg,,public_v2,46f6f32e9ff86527610d9fed8de9863ef05f6daf887d9a7b2fcf637ba8a2d377,27d2af9ece1d33e2ea42e8fcbdaa70c891bd5185791e8fe919bc81a1a0d03f9a,d5ea952a45dea01e,0,,accepted_negative,
phenocam-cperagm_2023_02_21_163006,phenocam::cperagm_2023_02_21_163006,phenocam,cperagm_2023_02_21_163006,cperagm,cperagm,2023-02-21T16:30:06,phenocam:cperagm:2023-02-21,negative,train,images/train/phenocam-cperagm_2023_02_21_163006.jpg,,public_v2,a63e354db603f7808226651141b42a8c4ca7105e51c32531ea0e779a5e0b061b,41d424c65f817dbcb093bcb7e498cf06b633bf641bd194d83f1dddd7e6792fca,d096a52e2f079397,0,,accepted_negative,
phenocam-cperagm_2023_02_22_113006,phenocam::cperagm_2023_02_22_113006,phenocam,cperagm_2023_02_22_113006,cperagm,cperagm,2023-02-22T11:30:06,phenocam:cperagm:2023-02-22,negative,train,images/train/phenocam-cperagm_2023_02_22_113006.jpg,,public_v2,4b6d0e592ed3de13d5b517fd97879bf71f518879fd3ef3a8de78f9fdabd5c287,2f1099b55597501a404a783cfcd6c96e7a18bada13062e5c0054ac2c4c1edbb0,85765e2728363736,0,,accepted_negative,
phenocam-cperagm_2023_02_23_133006,phenocam::cperagm_2023_02_23_133006,phenocam,cperagm_2023_02_23_133006,cperagm,cperagm,2023-02-23T13:30:06,phenocam:cperagm:2023-02-23,negative,train,images/train/phenocam-cperagm_2023_02_23_133006.jpg,,public_v2,277fa74dcec39c397bde08fe1cd8ba60784f8cd69d90223533ce2edaf65e2f41,be8a32a0235785506a2b44974a9051401b16203d4e37534bbcb347a2869809b6,85222d3c3c3f6c7c,0,,accepted_negative,
phenocam-cperagm_2023_02_24_160005,phenocam::cperagm_2023_02_24_160005,phenocam,cperagm_2023_02_24_160005,cperagm,cperagm,2023-02-24T16:00:05,phenocam:cperagm:2023-02-24,negative,train,images/train/phenocam-cperagm_2023_02_24_160005.jpg,,public_v2,ac2404ca4cad53f7f09cbb59789842e3b44a953fd0af3c85acdb34c227aacdc7,0d3445efa377099d64c4a3ba629dc6c3704db17b7cd934701b801b4171c3661a,c1726d5a2cc748fc,0,,accepted_negative,
phenocam-cperagm_2023_02_25_130005,phenocam::cperagm_2023_02_25_130005,phenocam,cperagm_2023_02_25_130005,cperagm,cperagm,2023-02-25T13:00:05,phenocam:cperagm:2023-02-25,negative,train,images/train/phenocam-cperagm_2023_02_25_130005.jpg,,public_v2,afc7e48a22d9262a967992be79b209716d5454eac7b0b35902b93566e798e737,7394efd7513bd826ac614fc8cf2c08ffe924b3b4b438bd83d62e992eb7d16eaf,81bc6e4937d2c9a3,0,,accepted_negative,
phenocam-cperagm_2023_02_26_140005,phenocam::cperagm_2023_02_26_140005,phenocam,cperagm_2023_02_26_140005,cperagm,cperagm,2023-02-26T14:00:05,phenocam:cperagm:2023-02-26,negative,train,images/train/phenocam-cperagm_2023_02_26_140005.jpg,,public_v2,366184452fbb4c925f0933a6073ffd65fb349a8c58b4efacc029cc9e5d540b8a,d47ae4aa678d903b94ba3daf9abd41d7e5641d36b21fa2aa799769a08e60d918,8487872767478f87,0,,accepted_negative,
phenocam-cperagm_2023_02_28_163007,phenocam::cperagm_2023_02_28_163007,phenocam,cperagm_2023_02_28_163007,cperagm,cperagm,2023-02-28T16:30:07,phenocam:cperagm:2023-02-28,negative,train,images/train/phenocam-cperagm_2023_02_28_163007.jpg,,public_v2,56cf2765ae49b3d373c9b3eab3d765501a93777509b08948ac46b7107a4f0fda,afc9bcd4475b3fef90be5e1274d52763edeb1cde4b6a65844892e89b17a37dc2,d5d7402e23069fd6,0,,accepted_negative,
phenocam-dollysods_2016_04_06_140020,phenocam::dollysods_2016_04_06_140020,phenocam,dollysods_2016_04_06_140020,dollysods,dollysods,2016-04-06T14:00:20,phenocam:dollysods:2016-04-06,negative,train,images/train/phenocam-dollysods_2016_04_06_140020.jpg,,public_v2,433d3653742ebefb4f951d4c7fb22ae84c6142ceb2b8ba4191358b45c87a022a,4028ff062dc97049e7d6e4a98f091d0f80f38cd7235de912c914a1aad2e3a846,8caf7519aaa35d18,0,,accepted_negative,
phenocam-dollysods_2016_04_07_170020,phenocam::dollysods_2016_04_07_170020,phenocam,dollysods_2016_04_07_170020,dollysods,dollysods,2016-04-07T17:00:20,phenocam:dollysods:2016-04-07,negative,train,images/train/phenocam-dollysods_2016_04_07_170020.jpg,,public_v2,e5464c0511d9d160365c8f9f0b68587a85586e655e766925fd09bcc5c539cb07,8dddf39ed57d8407a19ccc68d7ab493867cbbe7b44ee2c324d551782e11d547e,98c733f84739cc43,0,,accepted_negative,
phenocam-dollysods_2016_04_09_060002,phenocam::dollysods_2016_04_09_060002,phenocam,dollysods_2016_04_09_060002,dollysods,dollysods,2016-04-09T06:00:02,phenocam:dollysods:2016-04-09,negative,train,images/train/phenocam-dollysods_2016_04_09_060002.jpg,,public_v2,5ffd1ef702ecf7877900ff93f3744e93817ce5e4e8952d3945bb015c3bfc8cdf,64dd09eeb7256c26d5d252b5033e6ac9da87f8ec3f5d38cea1f19a68b7e66bcd,d9c7229887799c63,0,,accepted_negative,
phenocam-dollysods_2016_04_21_120022,phenocam::dollysods_2016_04_21_120022,phenocam,dollysods_2016_04_21_120022,dollysods,dollysods,2016-04-21T12:00:22,phenocam:dollysods:2016-04-21,negative,train,images/train/phenocam-dollysods_2016_04_21_120022.jpg,,public_v2,8b634c744d04bee612607e25ba9899a369dc38a34b90c789a0774251faa253c1,c822076846821a625e059116396f8d74af59cc5d7568c99552bccf7bc71d5482,9cc5671a8fe7501c,0,,accepted_negative,
phenocam-dollysods_2016_04_23_140020,phenocam::dollysods_2016_04_23_140020,phenocam,dollysods_2016_04_23_140020,dollysods,dollysods,2016-04-23T14:00:20,phenocam:dollysods:2016-04-23,negative,train,images/train/phenocam-dollysods_2016_04_23_140020.jpg,,public_v2,2439f60720e12e5c9bade2c7332d55e07378cae8019070db096c2e843f9aadbc,377b9ccfc759e90c53947c7d54b759f15f9117814253faaad629dfb838511df2,d0c76b18a6791ca7,0,,accepted_negative,
phenocam-dollysods_2016_04_28_180018,phenocam::dollysods_2016_04_28_180018,phenocam,dollysods_2016_04_28_180018,dollysods,dollysods,2016-04-28T18:00:18,phenocam:dollysods:2016-04-28,negative,train,images/train/phenocam-dollysods_2016_04_28_180018.jpg,,public_v2,11e8bc9d2e6088381c4dac9d11e362b72870c402292ed9d5b7b4b9b4c7a3b0e1,a9168b241b5f987da5131244f849c10674f2ffde07dc70374935b7870ee74f06,d8872bf886799c07,0,,accepted_negative,
phenocam-dollysods_2016_04_29_120026,phenocam::dollysods_2016_04_29_120026,phenocam,dollysods_2016_04_29_120026,dollysods,dollysods,2016-04-29T12:00:26,phenocam:dollysods:2016-04-29,negative,train,images/train/phenocam-dollysods_2016_04_29_120026.jpg,,public_v2,c70646636bf825f5bb2fc856828dd28dda880d5c66dc491eebe5aa39b183ee14,74d2e6e557d8052e79e526b5adad841d8be8af3c4e7c51bb11929e9384b458b2,d8c3635de2a53724,0,,accepted_negative,
phenocam-drippingsprings_2001_09_01_090000,phenocam::drippingsprings_2001_09_01_090000,phenocam,drippingsprings_2001_09_01_090000,drippingsprings,drippingsprings,2001-09-01T09:00:00,phenocam:drippingsprings:2001-09-01,negative,train,images/train/phenocam-drippingsprings_2001_09_01_090000.jpg,,public_v2,2dcbc0b76e97aa738b82ffe3fcf89c84f9d055da3b7af9d03e8f5318dba1cc33,fe9d469bd3af49f4e1121d336d25b034b694384dcb29544be78159ba2b75b833,a5928bc45ae5f661,0,,accepted_negative,
phenocam-drippingsprings_2001_09_11_120000,phenocam::drippingsprings_2001_09_11_120000,phenocam,drippingsprings_2001_09_11_120000,drippingsprings,drippingsprings,2001-09-11T12:00:00,phenocam:drippingsprings:2001-09-11,negative,train,images/train/phenocam-drippingsprings_2001_09_11_120000.jpg,,public_v2,c701aa084bf3009390c33b6cf61cdb95fd62b56fb58158c6bddf3a0a9ad71a90,e5624046d36d05f75837b36f166d7628e9b2d1ca042336392d58388ee4ea562a,8dd2a9965b60f6a1,0,,accepted_negative,
phenocam-drippingsprings_2001_09_18_150000,phenocam::drippingsprings_2001_09_18_150000,phenocam,drippingsprings_2001_09_18_150000,drippingsprings,drippingsprings,2001-09-18T15:00:00,phenocam:drippingsprings:2001-09-18,negative,train,images/train/phenocam-drippingsprings_2001_09_18_150000.jpg,,public_v2,9859fb498876e87d9a94ccb72aa99b42b0d857613bfb83b32c16a11351d737e8,8b25b78114105a70f47f96f33c485a0b00892741845fead90ed9bd4f4bf484dd,8488eacd72e8b799,0,,accepted_negative,
phenocam-drippingsprings_2001_09_24_120000,phenocam::drippingsprings_2001_09_24_120000,phenocam,drippingsprings_2001_09_24_120000,drippingsprings,drippingsprings,2001-09-24T12:00:00,phenocam:drippingsprings:2001-09-24,negative,train,images/train/phenocam-drippingsprings_2001_09_24_120000.jpg,,public_v2,5a15ba2900dffef88162ac7e8f2e686086bf5fb80366de0d5db7297daabdd0e0,14226944eef67441342ce3787b6d6966b762376fe37043088b633b4fd6b3433c,8d9289c47b7497a9,0,,accepted_negative,
phenocam-eastend_2015_04_25_101500,phenocam::eastend_2015_04_25_101500,phenocam,eastend_2015_04_25_101500,eastend,eastend,2015-04-25T10:15:00,phenocam:eastend:2015-04-25,negative,train,images/train/phenocam-eastend_2015_04_25_101500.jpg,,public_v2,3961553fb9cb5e37f95f65c8c8a8dd6ec680415b2f4590e7920bea5c3a8c753f,dea699fe2c37f3fe3f81f1ae233b867f32a9835c02d99f6899a7f9f9245f6d35,89bb292379931735,0,,accepted_negative,
phenocam-eastend_2015_04_26_084500,phenocam::eastend_2015_04_26_084500,phenocam,eastend_2015_04_26_084500,eastend,eastend,2015-04-26T08:45:00,phenocam:eastend:2015-04-26,negative,train,images/train/phenocam-eastend_2015_04_26_084500.jpg,,public_v2,1c97953d24d3fe2cd0dcdeabd107af7d6dd52035b55a9b05d3feda1cf2f3b0e3,bad1192023ed29cb45d4cdf96db493ee5b87035bfa34c7f12070a181ca64a438,90e62976c9b22d4f,0,,accepted_negative,
phenocam-eastend_2015_04_26_164500,phenocam::eastend_2015_04_26_164500,phenocam,eastend_2015_04_26_164500,eastend,eastend,2015-04-26T16:45:00,phenocam:eastend:2015-04-26,negative,train,images/train/phenocam-eastend_2015_04_26_164500.jpg,,public_v2,79c2f1bc7e5fab2d58bd9b269c1e2d708a94cc33c522381352d439ee5e9e8b1c,fda3a2ec3d3624ab22f7313145491afed95894a04eac1b613c67910164d10e65,dc8d096fdac39234,0,,accepted_negative,
phenocam-eastend_2015_04_27_181500,phenocam::eastend_2015_04_27_181500,phenocam,eastend_2015_04_27_181500,eastend,eastend,2015-04-27T18:15:00,phenocam:eastend:2015-04-27,negative,train,images/train/phenocam-eastend_2015_04_27_181500.jpg,,public_v2,19c00c3154e9d7b2642d6e44c5fb03874fdd882ceb342bfa2d813419f8ebb7b7,d7e600fe35cce4414e6b27e574d52eee2102ec44c59a50dca0fef17238caa3d8,96956d6ec0c99672,0,,accepted_negative,
phenocam-eastend_2015_04_29_174500,phenocam::eastend_2015_04_29_174500,phenocam,eastend_2015_04_29_174500,eastend,eastend,2015-04-29T17:45:00,phenocam:eastend:2015-04-29,negative,train,images/train/phenocam-eastend_2015_04_29_174500.jpg,,public_v2,53bee2fd197e65658180f01edb40ff474ba35521558822b7c6733b43bfd65f86,e958acd1e09d5e59d44f042aa6984a15e305c4f9464e77596e64ef56b1c56f07,92933a73cea10e7a,0,,accepted_negative,
phenocam-elverde_2021_03_15_153006,phenocam::elverde_2021_03_15_153006,phenocam,elverde_2021_03_15_153006,elverde,elverde,2021-03-15T15:30:06,phenocam:elverde:2021-03-15,negative,val,images/val/phenocam-elverde_2021_03_15_153006.jpg,,public_v2,6fe9593edc68247392f37d21f71bbd6eaebc79dc7824b75a501e982fca4b322a,d0c92acb98e2854ffd34bc2538616719da2a67558543de29068a5f6ffc12e033,d1c7879736262666,0,,accepted_negative,
phenocam-elverde_2021_03_24_110006,phenocam::elverde_2021_03_24_110006,phenocam,elverde_2021_03_24_110006,elverde,elverde,2021-03-24T11:00:06,phenocam:elverde:2021-03-24,negative,val,images/val/phenocam-elverde_2021_03_24_110006.jpg,,public_v2,729d8c670d983bfff4db878bbf4af6f2adcf0866eba921df198085099aaf6ef4,a5294a32c0ea9b8ed255c9c62968f6f898e3e438baa8ef913814db3dda36f0be,d0d7949236373726,0,,accepted_negative,
phenocam-esalb_2016_11_22_113103,phenocam::esalb_2016_11_22_113103,phenocam,esalb_2016_11_22_113103,esalb,esalb,2016-11-22T11:31:03,phenocam:esalb:2016-11-22,negative,train,images/train/phenocam-esalb_2016_11_22_113103.jpg,,public_v2,42b896be2611d4a84e032f2bab22f650256dd712f5d49567ac58a623e71cc469,8ad4e63680675d0d40ca2001426e17261abb5e575417aebd86ecebd4692a6a95,9fe38181e6add511,0,,accepted_negative,
phenocam-esalb_2016_11_23_140103,phenocam::esalb_2016_11_23_140103,phenocam,esalb_2016_11_23_140103,esalb,esalb,2016-11-23T14:01:03,phenocam:esalb:2016-11-23,negative,train,images/train/phenocam-esalb_2016_11_23_140103.jpg,,public_v2,92fb763aa824e6d75e7ee0bfa5712d9d1c02dcc726be3b8cb8c414ae75b4e7d7,2711fc378eac3c3ebab35035859cecc027d573f806525b5dfa72e1e35dc211d3,d8a7c983e49fcd10,0,,accepted_negative,
phenocam-esalb_2016_11_26_133103,phenocam::esalb_2016_11_26_133103,phenocam,esalb_2016_11_26_133103,esalb,esalb,2016-11-26T13:31:03,phenocam:esalb:2016-11-26,negative,train,images/train/phenocam-esalb_2016_11_26_133103.jpg,,public_v2,9c91f316db926ffc0512cb2ed691d4c9ba405cb655008788052ce60a9cae48e8,b5b907976ff1c3e3828a6a4697ece93e4f58af6c7e6fce56d70b80664bd81fb1,dba78981a69fc512,0,,accepted_negative,
phenocam-esalb_2016_11_30_143103,phenocam::esalb_2016_11_30_143103,phenocam,esalb_2016_11_30_143103,esalb,esalb,2016-11-30T14:31:03,phenocam:esalb:2016-11-30,negative,train,images/train/phenocam-esalb_2016_11_30_143103.jpg,,public_v2,ec6953c34b35c5d0f0c7f4d4a3d0bb3c6817f6874e3722e5b56330afe9462727,dffaa09c4053ca92202f401538f41c5f2cbd4d551659a76c2063e88d5e4423b4,97e79180e6ad9711,0,,accepted_negative,
phenocam-eucflux_2021_09_01_140306,phenocam::eucflux_2021_09_01_140306,phenocam,eucflux_2021_09_01_140306,eucflux,eucflux,2021-09-01T14:03:06,phenocam:eucflux:2021-09-01,negative,train,images/train/phenocam-eucflux_2021_09_01_140306.jpg,,public_v2,a53043c694fa758517f5ffacee93f59296b2ad22b6b139921337e9cea275c2d9,1cb7473d4154488c3065c28382d64339b9ebc2bdf7d03cea9c555019a4018791,9786afa087b3141f,0,,accepted_negative,
phenocam-eucflux_2021_09_01_213305,phenocam::eucflux_2021_09_01_213305,phenocam,eucflux_2021_09_01_213305,eucflux,eucflux,2021-09-01T21:33:05,phenocam:eucflux:2021-09-01,negative,train,images/train/phenocam-eucflux_2021_09_01_213305.jpg,,public_v2,ac3cbd68494d814e846e742af012d534ccf8baa9f09d2525700e1a21819dfc17,e6348274e5618ec4ddab25d2f9f2df3273439e170d793316be9aae4e0e8f460b,f8f8f8f8e8c8c8c0,0,,accepted_negative,
phenocam-eucflux_2021_09_02_050306,phenocam::eucflux_2021_09_02_050306,phenocam,eucflux_2021_09_02_050306,eucflux,eucflux,2021-09-02T05:03:06,phenocam:eucflux:2021-09-02,negative,train,images/train/phenocam-eucflux_2021_09_02_050306.jpg,,public_v2,46989d3678563d77dba97754ab7749ecca149423e90ddc6efa7b824666665725,2269e3a4b6944aedb269c17465cb5275839a52a4572d50f5ea5094f46bb623b3,f8f8f8f8e8c8c8c0,0,,accepted_negative,
phenocam-forbes_2017_01_29_103112,phenocam::forbes_2017_01_29_103112,phenocam,forbes_2017_01_29_103112,forbes,forbes,2017-01-29T10:31:12,phenocam:forbes:2017-01-29,negative,train,images/train/phenocam-forbes_2017_01_29_103112.jpg,,public_v2,42a7bfe214b041ffbe1719d66fa55c83449be69bd1288c98d7828eebea75f4aa,b8d1167bdcc03eb72ce299740ce6743c79c90398a862a2d2c5018d4a6b92610a,d5e1c193a0878f8f,0,,accepted_negative,
phenocam-forbes_2017_01_31_100111,phenocam::forbes_2017_01_31_100111,phenocam,forbes_2017_01_31_100111,forbes,forbes,2017-01-31T10:01:11,phenocam:forbes:2017-01-31,negative,train,images/train/phenocam-forbes_2017_01_31_100111.jpg,,public_v2,a883e981f0fcdb812042455e67d629b05995b8de1aed8e6360501724f0532886,a7fd20d66829454ed8278dfe313ed4219781608e39ef33f6b3d77a82ab1772d3,d1e1e193a487878f,0,,accepted_negative,
phenocam-forbes_2017_01_31_103111,phenocam::forbes_2017_01_31_103111,phenocam,forbes_2017_01_31_103111,forbes,forbes,2017-01-31T10:31:11,phenocam:forbes:2017-01-31,negative,train,images/train/phenocam-forbes_2017_01_31_103111.jpg,,public_v2,26bc494528ab284ca2869cbb4494db5d9be9efff77b8dfe671a9fb9cf67cf4e5,e4d5e988f227c5665e963e80820ab1c2cb150b54e0e0d390c4d280713d2763fc,d5e0c0d386878f8f,0,,accepted_negative,
phenocam-forbes_2017_01_31_110111,phenocam::forbes_2017_01_31_110111,phenocam,forbes_2017_01_31_110111,forbes,forbes,2017-01-31T11:01:11,phenocam:forbes:2017-01-31,negative,train,images/train/phenocam-forbes_2017_01_31_110111.jpg,,public_v2,ced02ad9b6a4fe4aea5c8b6aff034683d1493ae222762deaa5bc1a5e9882a2a5,9c31f2942178e8ac4eabfe0c03fb167f0e3edf3c576fa3f44089d86fd774cd0f,c0e1e183a78f878f,0,,accepted_negative,
phenocam-forthgr_2023_08_01_074405,phenocam::forthgr_2023_08_01_074405,phenocam,forthgr_2023_08_01_074405,forthgr,forthgr,2023-08-01T07:44:05,phenocam:forthgr:2023-08-01,negative,train,images/train/phenocam-forthgr_2023_08_01_074405.jpg,,public_v2,268447554e181bdc547d9c1a8101fe7647aad8e23837d9916acf443e47068403,53f29ba12492ab23265c914b2c914fe5475bec78aaac090867f523fa0665087f,c38e86b38ce3374c,0,,accepted_negative,
phenocam-forthgr_2023_08_17_184406,phenocam::forthgr_2023_08_17_184406,phenocam,forthgr_2023_08_17_184406,forthgr,forthgr,2023-08-17T18:44:06,phenocam:forthgr:2023-08-17,negative,train,images/train/phenocam-forthgr_2023_08_17_184406.jpg,,public_v2,f3fc52c4b7fc18f007afb86c4a88bac109b65d2a1363f28a157c188cf2f7ffc1,56893ddf9e96b055094e45121c77ebe9fbab0557a5c9bfadd97da0b6d8686688,c38e83b38ce3364e,0,,accepted_negative,
phenocam-forthgr_2023_08_24_094405,phenocam::forthgr_2023_08_24_094405,phenocam,forthgr_2023_08_24_094405,forthgr,forthgr,2023-08-24T09:44:05,phenocam:forthgr:2023-08-24,negative,train,images/train/phenocam-forthgr_2023_08_24_094405.jpg,,public_v2,d53a4c84c85759f60beacbeffba8b939d6bef9151b88b61f6a72def9a2453764,d507d4915e57059104f2293e1fb91b316397720bd2ba4c9ff157bbd6ddf9c699,d306dcb38ce3364c,0,,accepted_negative,
phenocam-forthgr_2023_08_30_204405,phenocam::forthgr_2023_08_30_204405,phenocam,forthgr_2023_08_30_204405,forthgr,forthgr,2023-08-30T20:44:05,phenocam:forthgr:2023-08-30,negative,train,images/train/phenocam-forthgr_2023_08_30_204405.jpg,,public_v2,68c7df47bce00ab6766cf52d33d981da25c07ce43fb2d9892a3b815f8c5c35fe,900d436fbc89d25332b5c7f2f26e4e9347ccec75297a708e1a07da53ea021386,d1d0f032ae6e4ecc,0,,accepted_negative,
phenocam-goodnow_2018_10_05_124233,phenocam::goodnow_2018_10_05_124233,phenocam,goodnow_2018_10_05_124233,goodnow,goodnow,2018-10-05T12:42:33,phenocam:goodnow:2018-10-05,negative,train,images/train/phenocam-goodnow_2018_10_05_124233.jpg,,public_v2,f8c1d27bd50c586df40b4334b49e4fe55af610d6e15d1218eeb7341a9766cf50,810c2d0b5a4bbed00cc8645a1604ea79e0e9b70f90bdba2a483b68a6545592c1,c4918d1a396ef9c9,0,,accepted_negative,
phenocam-goodnow_2018_10_07_112439,phenocam::goodnow_2018_10_07_112439,phenocam,goodnow_2018_10_07_112439,goodnow,goodnow,2018-10-07T11:24:39,phenocam:goodnow:2018-10-07,negative,train,images/train/phenocam-goodnow_2018_10_07_112439.jpg,,public_v2,2113c9f10339071ff630694b5f6b760110062227db80629c3a411508a6527ead,f782781ee7da213851fa544d5e9b9ffad10994ed181463a22590874cb6a65e3a,c595199e1f341c37,0,,accepted_negative,
phenocam-goodnow_2018_10_10_140438,phenocam::goodnow_2018_10_10_140438,phenocam,goodnow_2018_10_10_140438,goodnow,goodnow,2018-10-10T14:04:38,phenocam:goodnow:2018-10-10,negative,train,images/train/phenocam-goodnow_2018_10_10_140438.jpg,,public_v2,1bff0d0c16e51d6c32ec37f32261c8c0fdb396049c81a3d8e70625b5d7927c5b,922d6d12be1e48dae34219753c631ceda8a74ce81aa9bccf05f28eb0d9b4f173,94f29716333e3187,0,,accepted_negative,
phenocam-goodnow_2018_10_16_112140,phenocam::goodnow_2018_10_16_112140,phenocam,goodnow_2018_10_16_112140,goodnow,goodnow,2018-10-16T11:21:40,phenocam:goodnow:2018-10-16,negative,train,images/train/phenocam-goodnow_2018_10_16_112140.jpg,,public_v2,ad494b3d535bbd26ac4fc64feeec325eacc3863a6053377aefaf6104f872b437,8945c277ba1c41f42604522ddf18ef412face3b82069d20cfa90940e0d804241,d0d1901a1a7f5dcd,0,,accepted_negative,
phenocam-goodnow_2018_10_19_100938,phenocam::goodnow_2018_10_19_100938,phenocam,goodnow_2018_10_19_100938,goodnow,goodnow,2018-10-19T10:09:38,phenocam:goodnow:2018-10-19,negative,train,images/train/phenocam-goodnow_2018_10_19_100938.jpg,,public_v2,c3d7338b5926b22fc11567551a80fd073a82bbd9059b4f867532f6cae47c24d4,b64b6a1c292d30d2dc6a50132c352d151f08e338d6ed3cbbfbb9ad96367b4cd9,c4818c1b1d3f71ee,0,,accepted_negative,
phenocam-goodnow_2018_10_20_124938,phenocam::goodnow_2018_10_20_124938,phenocam,goodnow_2018_10_20_124938,goodnow,goodnow,2018-10-20T12:49:38,phenocam:goodnow:2018-10-20,negative,train,images/train/phenocam-goodnow_2018_10_20_124938.jpg,,public_v2,d46297f28a57334d0eaf336566d61a4c98fbcdefdfd51ff2d59511f1d6512556,b40266127cd13d75beeb3f8de55b2505e588892662973c500ca9dd17ef492280,c4a1a50c316f73e7,0,,accepted_negative,
phenocam-goodnow_2018_10_21_123437,phenocam::goodnow_2018_10_21_123437,phenocam,goodnow_2018_10_21_123437,goodnow,goodnow,2018-10-21T12:34:37,phenocam:goodnow:2018-10-21,negative,train,images/train/phenocam-goodnow_2018_10_21_123437.jpg,,public_v2,228d7c937b7c4cbac5b4f8e99a62eb80c32273761cbdfc8edf1711da65e85dd9,b80004c9c999e80e22068d90db74b9e71d8d5d9d8ef8545d7b8f084c9e77e523,d481871a113f3f1f,0,,accepted_negative,
phenocam-goodnow_2018_10_22_121436,phenocam::goodnow_2018_10_22_121436,phenocam,goodnow_2018_10_22_121436,goodnow,goodnow,2018-10-22T12:14:36,phenocam:goodnow:2018-10-22,negative,train,images/train/phenocam-goodnow_2018_10_22_121436.jpg,,public_v2,ec50d14cc218904b80b4a3b3535624bf022993cdce04388a198f86910e93ac2c,a689eabea5b8b31a4e700fa6ce6e1c5f192a5eb67421f385d878c0a43de03712,d491949c193f3d99,0,,accepted_negative,
phenocam-grandteton_2019_04_27_073006,phenocam::grandteton_2019_04_27_073006,phenocam,grandteton_2019_04_27_073006,grandteton,grandteton,2019-04-27T07:30:06,phenocam:grandteton:2019-04-27,negative,val,images/val/phenocam-grandteton_2019_04_27_073006.jpg,,public_v2,869997b1b9dd1d00fd60ae708cff43daa5c8822be94c42e364faac939a171ffb,861218af3cb345fc9336d6a33a72708ee0ccab20ef491e1fffdab03ac4b9dbe9,872c27bc93c4d9d2,0,,accepted_negative,
phenocam-grandteton_2019_04_28_123006,phenocam::grandteton_2019_04_28_123006,phenocam,grandteton_2019_04_28_123006,grandteton,grandteton,2019-04-28T12:30:06,phenocam:grandteton:2019-04-28,negative,val,images/val/phenocam-grandteton_2019_04_28_123006.jpg,,public_v2,5d26acd5bbd610d07d7ab3f8a65fbd0d989d80d8fbe76aa598721041de908ac1,a4308ad5d37f1db27f90485a09df6c05c937fb174519afeb0a200fb2bbf63b27,852c2ed2d2d1f16d,0,,accepted_negative,
phenocam-grandteton_2019_04_28_143005,phenocam::grandteton_2019_04_28_143005,phenocam,grandteton_2019_04_28_143005,grandteton,grandteton,2019-04-28T14:30:05,phenocam:grandteton:2019-04-28,negative,val,images/val/phenocam-grandteton_2019_04_28_143005.jpg,,public_v2,0bd7fa9fb820c18f7f7dc46f11ea0c05749662523ec34a6d51721e16dd424861,b47955c8f855cf09ffc55a2ccad957009e2a143d6bf1662b5b2640ab68246949,856e7eb6d0d1c149,0,,accepted_negative,
phenocam-grandteton_2019_04_28_160005,phenocam::grandteton_2019_04_28_160005,phenocam,grandteton_2019_04_28_160005,grandteton,grandteton,2019-04-28T16:00:05,phenocam:grandteton:2019-04-28,negative,val,images/val/phenocam-grandteton_2019_04_28_160005.jpg,,public_v2,21ddbfd9e290c11ecd608e511825ab0e2004c7ef05bad5d901d645ac9ba5cf0c,3e9d059f369bdcac1b3bad74719af02b1453b4be6c4d86184ac4eaead72aa2bd,842e3eb690d9d959,0,,accepted_negative,
phenocam-grandteton_2019_04_28_210006,phenocam::grandteton_2019_04_28_210006,phenocam,grandteton_2019_04_28_210006,grandteton,grandteton,2019-04-28T21:00:06,phenocam:grandteton:2019-04-28,negative,val,images/val/phenocam-grandteton_2019_04_28_210006.jpg,,public_v2,c4dc89c80b6b8bd3f1af724ca1e7c5d09e2a30509d719c4ea8eb7b7e015bf303,a1f48b25d457332f3b8750f6254dd7b8e924fe82b481f7ea80876f95937b32af,f5f6f2f2d0c1c041,0,,accepted_negative,
phenocam-grandteton_2019_04_30_063005,phenocam::grandteton_2019_04_30_063005,phenocam,grandteton_2019_04_30_063005,grandteton,grandteton,2019-04-30T06:30:05,phenocam:grandteton:2019-04-30,negative,val,images/val/phenocam-grandteton_2019_04_30_063005.jpg,,public_v2,75fb158269c4b94044704087f1c2e3d93125cd60f60864e47cb631253c9ba2a4,d704857af809a7f716c1c16337a88b559b72565c9fa22308e52e6a008e94c154,852f27a6a585d555,0,,accepted_negative,
phenocam-gumpenstein2_2018_08_01_094506,phenocam::gumpenstein2_2018_08_01_094506,phenocam,gumpenstein2_2018_08_01_094506,gumpenstein2,gumpenstein2,2018-08-01T09:45:06,phenocam:gumpenstein2:2018-08-01,negative,train,images/train/phenocam-gumpenstein2_2018_08_01_094506.jpg,,public_v2,175f1aba35cd234bf3e438195073457e71e956df70b316fc93b1b668481b7dc8,1135100e536aae10b6d5ae7b2cdc3c2a8d928746758c6f95eea2cda078c28535,80d62cbb66bacfa0,0,,accepted_negative,
phenocam-gumpenstein2_2018_08_13_094506,phenocam::gumpenstein2_2018_08_13_094506,phenocam,gumpenstein2_2018_08_13_094506,gumpenstein2,gumpenstein2,2018-08-13T09:45:06,phenocam:gumpenstein2:2018-08-13,negative,train,images/train/phenocam-gumpenstein2_2018_08_13_094506.jpg,,public_v2,0df3b3cee24667d2167307efcd0a001bfd8a60511d871191122b1091f7cb2e64,a3fbbed6e0de13b297132b855ba4670fcb93786f8c3286e6ae52768eb6010365,95b42d3ba637ea20,0,,accepted_negative,
phenocam-gumpenstein2_2018_08_14_094506,phenocam::gumpenstein2_2018_08_14_094506,phenocam,gumpenstein2_2018_08_14_094506,gumpenstein2,gumpenstein2,2018-08-14T09:45:06,phenocam:gumpenstein2:2018-08-14,negative,train,images/train/phenocam-gumpenstein2_2018_08_14_094506.jpg,,public_v2,77288a4588c70883ab3125ad27a59f96472bc74d1ebec07dde53a90ad190e50a,bb1f68ce1a9e6bd5cf6e3f68092c54598bf7262b652c255fcea33d255a5ee01d,d5b61d6699361925,0,,accepted_negative,
phenocam-gumpenstein2_2018_08_24_094506,phenocam::gumpenstein2_2018_08_24_094506,phenocam,gumpenstein2_2018_08_24_094506,gumpenstein2,gumpenstein2,2018-08-24T09:45:06,phenocam:gumpenstein2:2018-08-24,negative,train,images/train/phenocam-gumpenstein2_2018_08_24_094506.jpg,,public_v2,3f3a397e1dbee2fbab47f6a96e9189a8b6b70f1907a9e847b7331f0ca9cbc378,4bff6fe356187806de1304162d3cdc513975385882d1c4a4faf8f21371d8f48e,9db6196689367925,0,,accepted_negative,
phenocam-gumpenstein2_2018_08_25_094506,phenocam::gumpenstein2_2018_08_25_094506,phenocam,gumpenstein2_2018_08_25_094506,gumpenstein2,gumpenstein2,2018-08-25T09:45:06,phenocam:gumpenstein2:2018-08-25,negative,train,images/train/phenocam-gumpenstein2_2018_08_25_094506.jpg,,public_v2,fa1a749466d15930a5ea8b4ee7efbcea4acf3d11ad3fd51d6eedb47755a2cfa1,75ccb99dd0ff78e7e7dd94fd8c99dd1ce85fd934270809b11114766ca3c3c290,d5b61d6699365921,0,,accepted_negative,
phenocam-gumpenstein_2019_05_01_094505,phenocam::gumpenstein_2019_05_01_094505,phenocam,gumpenstein_2019_05_01_094505,gumpenstein,gumpenstein,2019-05-01T09:45:05,phenocam:gumpenstein:2019-05-01,negative,train,images/train/phenocam-gumpenstein_2019_05_01_094505.jpg,,public_v2,3a224a3b2aa4a17a58434f676bd709f1fc5aca12c5b83a6e011566a9b4591abe,8e70bfbe6f53e71093740ffe9338d6460996a9a3dd96e1ba5a11a0fe1e270713,81f085835b3e2f3d,0,,accepted_negative,
phenocam-gumpenstein_2019_05_03_094506,phenocam::gumpenstein_2019_05_03_094506,phenocam,gumpenstein_2019_05_03_094506,gumpenstein,gumpenstein,2019-05-03T09:45:06,phenocam:gumpenstein:2019-05-03,negative,train,images/train/phenocam-gumpenstein_2019_05_03_094506.jpg,,public_v2,65a5db606acda616e2d301495b65d3fc958b8d19d9a189279f14eac43606d882,b8f1f4a3d4a0e9b9cecfe89da01a37f1440daabdc276cc63df7a3cd0fbe0980d,838081833b5e3f7f,0,,accepted_negative,
phenocam-gumpenstein_2019_05_15_094505,phenocam::gumpenstein_2019_05_15_094505,phenocam,gumpenstein_2019_05_15_094505,gumpenstein,gumpenstein,2019-05-15T09:45:05,phenocam:gumpenstein:2019-05-15,negative,train,images/train/phenocam-gumpenstein_2019_05_15_094505.jpg,,public_v2,d0ea9a65d51ef0214fbf06342f49c3a5b62fc7854de16ccb8d19a873a641c87f,391539e502784aa9f177f243967207ee36568798b1a33099e27bc29b20a87fd2,878087878a963f77,0,,accepted_negative,
phenocam-gumpenstein_2019_05_19_094506,phenocam::gumpenstein_2019_05_19_094506,phenocam,gumpenstein_2019_05_19_094506,gumpenstein,gumpenstein,2019-05-19T09:45:06,phenocam:gumpenstein:2019-05-19,negative,train,images/train/phenocam-gumpenstein_2019_05_19_094506.jpg,,public_v2,f8d14522593e6f5f910b4c93af3ac7ecf25726dd98beb286ab39770ded176b15,96e34088c964475890257622ea78755d83066b61e8b964d85df5296f61d0b349,879085839b563f75,0,,accepted_negative,
phenocam-gumpenstein_2019_05_21_094506,phenocam::gumpenstein_2019_05_21_094506,phenocam,gumpenstein_2019_05_21_094506,gumpenstein,gumpenstein,2019-05-21T09:45:06,phenocam:gumpenstein:2019-05-21,positive,train,images/train/phenocam-gumpenstein_2019_05_21_094506.jpg,labels/train/phenocam-gumpenstein_2019_05_21_094506.txt,public_v2,999dc1551f3ad6ebc0b9b8639398cf883044d3af33084dc1846957dc035a2a01,af60456369ad6a04266517cca6761fcd5fdaf7566937a8798067778c0880e441,839081871a7e3f77,3,person,complete,
phenocam-hawbeckereddy_2019_01_01_102841,phenocam::hawbeckereddy_2019_01_01_102841,phenocam,hawbeckereddy_2019_01_01_102841,hawbeckereddy,hawbeckereddy,2019-01-01T10:28:41,phenocam:hawbeckereddy:2019-01-01,negative,train,images/train/phenocam-hawbeckereddy_2019_01_01_102841.jpg,,public_v2,b5b168a74ae646ec5ecedf24fbc6d4f1c54c8c742162aecd8290144251dc831e,3c2e9bf771153bacc14db15f69930fdce779a460398bd26250a6761562656024,90881a6a6bf3ed17,0,,accepted_negative,
phenocam-hawbeckereddy_2019_01_11_142406,phenocam::hawbeckereddy_2019_01_11_142406,phenocam,hawbeckereddy_2019_01_11_142406,hawbeckereddy,hawbeckereddy,2019-01-11T14:24:06,phenocam:hawbeckereddy:2019-01-11,negative,train,images/train/phenocam-hawbeckereddy_2019_01_11_142406.jpg,,public_v2,322a2d0b79c4f45a09e30f51edcbb28fb6ae2a7e19e24524cdac5efaf075675a,382507a5e459e0854e8a313ad2ac7fccfa2f37524bcf6bcaa55c615d7baf5927,858796ba2a33276e,0,,accepted_negative,
phenocam-hawbeckereddy_2019_01_14_172406,phenocam::hawbeckereddy_2019_01_14_172406,phenocam,hawbeckereddy_2019_01_14_172406,hawbeckereddy,hawbeckereddy,2019-01-14T17:24:06,phenocam:hawbeckereddy:2019-01-14,negative,train,images/train/phenocam-hawbeckereddy_2019_01_14_172406.jpg,,public_v2,6aa79273b8c6db31ceda94eff68b1fe8c3c0d170d4808471edeedc786b16187a,97fb4f879a68f0ca7cfd658d98640854dd8455f26aa8fd7702af0f948c4ea4ee,c7d58f9522332627,0,,accepted_negative,
phenocam-hawbeckereddy_2019_01_26_095706,phenocam::hawbeckereddy_2019_01_26_095706,phenocam,hawbeckereddy_2019_01_26_095706,hawbeckereddy,hawbeckereddy,2019-01-26T09:57:06,phenocam:hawbeckereddy:2019-01-26,negative,train,images/train/phenocam-hawbeckereddy_2019_01_26_095706.jpg,,public_v2,6551c3e8f39f2e92b6b89bbb6915d94758cda94bdcb2dbf302e87fbb9057ca42,f69ce0b261242f8d03ec904a0c63f61a619a3dd620982145f14cb784becadc8a,95cb968d35122d76,0,,accepted_negative,
phenocam-hawbeckereddy_2019_01_28_085406,phenocam::hawbeckereddy_2019_01_28_085406,phenocam,hawbeckereddy_2019_01_28_085406,hawbeckereddy,hawbeckereddy,2019-01-28T08:54:06,phenocam:hawbeckereddy:2019-01-28,negative,train,images/train/phenocam-hawbeckereddy_2019_01_28_085406.jpg,,public_v2,83fa0a5f48639569eef9a5cbfda59a7e1f923dc9de76cd10a884e5bcadfed96a,18d70badfbc1f9faf301cccbe05735bbe1c0649a14f13497b98f2ef403b61065,95e11e617f1a2f21,0,,accepted_negative,
phenocam-hawbeckereddy_2019_01_29_092405,phenocam::hawbeckereddy_2019_01_29_092405,phenocam,hawbeckereddy_2019_01_29_092405,hawbeckereddy,hawbeckereddy,2019-01-29T09:24:05,phenocam:hawbeckereddy:2019-01-29,negative,train,images/train/phenocam-hawbeckereddy_2019_01_29_092405.jpg,,public_v2,69bf7e93efa35408a01fd55344e0c18b677e71ad1fe282b125966bec0dac0c16,23176a58b634b31d1cc53440b3fe7bc348b0603ac7c7ff4be0a79f6c8f557ceb,956e1abce13a2e25,0,,accepted_negative,
phenocam-hawbeckereddy_2019_01_30_094220,phenocam::hawbeckereddy_2019_01_30_094220,phenocam,hawbeckereddy_2019_01_30_094220,hawbeckereddy,hawbeckereddy,2019-01-30T09:42:20,phenocam:hawbeckereddy:2019-01-30,negative,train,images/train/phenocam-hawbeckereddy_2019_01_30_094220.jpg,,public_v2,d61b7bc929b5e6f93afa11e643ed100c0b7aa2a0ec907258d841d0d67e4fe3ec,8a4eb6917c722dd62a87293c85fd137a70366f0df6fd0468d94406574f143a51,c42e5bf5f5920e05,0,,accepted_negative,
phenocam-howland2_2011_09_01_130136,phenocam::howland2_2011_09_01_130136,phenocam,howland2_2011_09_01_130136,howland2,howland2,2011-09-01T13:01:36,phenocam:howland2:2011-09-01,negative,train,images/train/phenocam-howland2_2011_09_01_130136.jpg,,public_v2,cea55e2bdb8caccbd03db240e758c2542142f09622eacfa60bf05661a4a8c237,5c838452254d61b8d2e8d226c50eb71c512517d9c0f45ac0ec390e2a7fce0cae,9b8784878f1b161f,0,,accepted_negative,
phenocam-howland2_2011_09_22_133138,phenocam::howland2_2011_09_22_133138,phenocam,howland2_2011_09_22_133138,howland2,howland2,2011-09-22T13:31:38,phenocam:howland2:2011-09-22,negative,train,images/train/phenocam-howland2_2011_09_22_133138.jpg,,public_v2,f8fe63f0b45739c097b0c66ec3186b0a154e2de73e03a8163319e0e1d7ca0450,53ee54f60f616a3b32312e0a82a88a3437a8b3c51f68c1483f78bf86f4443ec5,bb8796878e13061f,0,,accepted_negative,
phenocam-hubbardbrook_2019_01_07_103105,phenocam::hubbardbrook_2019_01_07_103105,phenocam,hubbardbrook_2019_01_07_103105,hubbardbrook,hubbardbrook,2019-01-07T10:31:05,phenocam:hubbardbrook:2019-01-07,negative,train,images/train/phenocam-hubbardbrook_2019_01_07_103105.jpg,,public_v2,d22d116b235bd526ae09f046b0ac88ee07ce5b360a3817eb98792bc8248c49c9,f1da4f8637e2a48ee97e52388f4917a712b7d4f2c71d66ef008f37fbd1fb904c,d607e57ad171150b,0,,accepted_negative,
phenocam-hubbardbrook_2019_01_07_140105,phenocam::hubbardbrook_2019_01_07_140105,phenocam,hubbardbrook_2019_01_07_140105,hubbardbrook,hubbardbrook,2019-01-07T14:01:05,phenocam:hubbardbrook:2019-01-07,negative,train,images/train/phenocam-hubbardbrook_2019_01_07_140105.jpg,,public_v2,71cc99a6620390d046106c4a55bc579e41af4c284da252e9a2e6b0c5cc754316,9f3d69cdc90806c7a83049b527a051af8ad94c10c6ce011c0a275b803ed57235,d6afe6b8d1703112,0,,accepted_negative,
phenocam-hubbardbrook_2019_01_07_163105,phenocam::hubbardbrook_2019_01_07_163105,phenocam,hubbardbrook_2019_01_07_163105,hubbardbrook,hubbardbrook,2019-01-07T16:31:05,phenocam:hubbardbrook:2019-01-07,negative,train,images/train/phenocam-hubbardbrook_2019_01_07_163105.jpg,,public_v2,051c0b3c0d178f6f147afa83c5dd14c4fbb11887359de3fae3849fab4636e939,7131f3baf87750bf48884f37ed407e20f6e2b31c8aa363dc717d3a39bcb2a12a,d6a7e7b881793502,0,,accepted_negative,
phenocam-hubbardbrook_2019_01_08_070106,phenocam::hubbardbrook_2019_01_08_070106,phenocam,hubbardbrook_2019_01_08_070106,hubbardbrook,hubbardbrook,2019-01-08T07:01:06,phenocam:hubbardbrook:2019-01-08,negative,train,images/train/phenocam-hubbardbrook_2019_01_08_070106.jpg,,public_v2,523b1dc424752f64a81f92ce348ca8817dc0ce98db91a6f212fe3288c1ce7978,6d71c6c87ff490f9fdec8db715a1d67061e658bf9682fa81ef1ec5227afd70e3,d68fc6b8c1711d46,0,,accepted_negative,
phenocam-hubbardbrooknfws_2013_12_05_161500,phenocam::hubbardbrooknfws_2013_12_05_161500,phenocam,hubbardbrooknfws_2013_12_05_161500,hubbardbrooknfws,hubbardbrooknfws,2013-12-05T16:15:00,phenocam:hubbardbrooknfws:2013-12-05,negative,train,images/train/phenocam-hubbardbrooknfws_2013_12_05_161500.jpg,,public_v2,b21ff7c76e10d3eabc9d3d38b9afcf943e7e388bcea835f633dc91481b421894,1da2db8c378e4d8201bc4059be981222eff50583da1ac444a89d829be1f67a26,80f878f8f0f8f0f0,0,,accepted_negative,
phenocam-hubbardbrooknfws_2013_12_07_171502,phenocam::hubbardbrooknfws_2013_12_07_171502,phenocam,hubbardbrooknfws_2013_12_07_171502,hubbardbrooknfws,hubbardbrooknfws,2013-12-07T17:15:02,phenocam:hubbardbrooknfws:2013-12-07,negative,train,images/train/phenocam-hubbardbrooknfws_2013_12_07_171502.jpg,,public_v2,026ff0a9b82d612a381b78be58156081f1a9a98b31fa4feae75d8b3839fddcd4,9e9db77373c2a6597fdd318d1fabaf9fb735fb6e40c20c468f450c641834985b,f0f0f0f0f0f0f0f0,0,,accepted_negative,
phenocam-hubbardbrooknfws_2013_12_08_131502,phenocam::hubbardbrooknfws_2013_12_08_131502,phenocam,hubbardbrooknfws_2013_12_08_131502,hubbardbrooknfws,hubbardbrooknfws,2013-12-08T13:15:02,phenocam:hubbardbrooknfws:2013-12-08,negative,train,images/train/phenocam-hubbardbrooknfws_2013_12_08_131502.jpg,,public_v2,87e8cad1e3e37a90361355219ed71cfbe781db08a263cb526372d252f76cdc2b,cb0241dcd2e03ae9ab96f5f2cd8b879ba7b48f15c7f893df753d3abf0295790d,a9f2cf858387831b,0,,accepted_negative,
phenocam-hubbardbrooknfws_2013_12_21_091502,phenocam::hubbardbrooknfws_2013_12_21_091502,phenocam,hubbardbrooknfws_2013_12_21_091502,hubbardbrooknfws,hubbardbrooknfws,2013-12-21T09:15:02,phenocam:hubbardbrooknfws:2013-12-21,negative,train,images/train/phenocam-hubbardbrooknfws_2013_12_21_091502.jpg,,public_v2,c79b3926fb46282affe627bf88bd19a4e81d8903777a2a98bd08581ac43f9ed0,698601df2dd5fbfd01e72448b1c390e482eecd62dec6c7fd8337f0e744ac3ac0,81c7cf070387971f,0,,accepted_negative,
phenocam-hubbardbrooknfws_2013_12_27_081502,phenocam::hubbardbrooknfws_2013_12_27_081502,phenocam,hubbardbrooknfws_2013_12_27_081502,hubbardbrooknfws,hubbardbrooknfws,2013-12-27T08:15:02,phenocam:hubbardbrooknfws:2013-12-27,negative,train,images/train/phenocam-hubbardbrooknfws_2013_12_27_081502.jpg,,public_v2,9ec850baa992512c4cd758b13c3866675053ce86ee66d5506bbf44e82461984e,0ad102b8d6f8fe53294be98152805b6d1d8186b241cd9a98ccd20bbd0371f445,90c3870707171fdf,0,,accepted_negative,
phenocam-hubbardbrooknfws_2013_12_27_151502,phenocam::hubbardbrooknfws_2013_12_27_151502,phenocam,hubbardbrooknfws_2013_12_27_151502,hubbardbrooknfws,hubbardbrooknfws,2013-12-27T15:15:02,phenocam:hubbardbrooknfws:2013-12-27,negative,train,images/train/phenocam-hubbardbrooknfws_2013_12_27_151502.jpg,,public_v2,f0692e3c9f0ad19488e77a7cdb61bf3be8516f9ad3a8f17d023ecc1c6af4a61b,1a8329a386e6132b736889ff9e50084035ba5ad8036367c2608bf0efdec890d8,f1efc5838383031f,0,,accepted_negative,
phenocam-hubbardbrooksfws_2017_03_07_080004,phenocam::hubbardbrooksfws_2017_03_07_080004,phenocam,hubbardbrooksfws_2017_03_07_080004,hubbardbrooksfws,hubbardbrooksfws,2017-03-07T08:00:04,phenocam:hubbardbrooksfws:2017-03-07,negative,train,images/train/phenocam-hubbardbrooksfws_2017_03_07_080004.jpg,,public_v2,a27b4b233c266f6bf3a82360e20be1cafb5d47f367f0c2c339bc703a08d90792,4e077bd367e35c972820b2df341a30367b36a114fc762a164f66849edcd41ee7,9187a39f07270f0f,0,,accepted_negative,
phenocam-hubbardbrooksfws_2017_03_08_090218,phenocam::hubbardbrooksfws_2017_03_08_090218,phenocam,hubbardbrooksfws_2017_03_08_090218,hubbardbrooksfws,hubbardbrooksfws,2017-03-08T09:02:18,phenocam:hubbardbrooksfws:2017-03-08,negative,train,images/train/phenocam-hubbardbrooksfws_2017_03_08_090218.jpg,,public_v2,e267bece31a318ee1ac94be3060206ec4aa78968f6509374129f03ca32ca1b2a,6263fc14041f05d7c3dfe3f9f1ad036f395ce1401b806ae14f9153e0bbadff55,d189919d3f312667,0,,accepted_negative,
phenocam-hubbardbrooksfws_2017_03_21_100004,phenocam::hubbardbrooksfws_2017_03_21_100004,phenocam,hubbardbrooksfws_2017_03_21_100004,hubbardbrooksfws,hubbardbrooksfws,2017-03-21T10:00:04,phenocam:hubbardbrooksfws:2017-03-21,negative,train,images/train/phenocam-hubbardbrooksfws_2017_03_21_100004.jpg,,public_v2,b2d8d5362d1e0820e47b24e6fcdf6d21667deb4b0266e5347224ed363fe609fc,a687df1a78e7045e74a983b5e7804e4239f8565a9bdacc8b9648ea62539a86b3,938f839f0f030f0f,0,,accepted_negative,
phenocam-hubbardbrooksfws_2017_03_22_100002,phenocam::hubbardbrooksfws_2017_03_22_100002,phenocam,hubbardbrooksfws_2017_03_22_100002,hubbardbrooksfws,hubbardbrooksfws,2017-03-22T10:00:02,phenocam:hubbardbrooksfws:2017-03-22,negative,train,images/train/phenocam-hubbardbrooksfws_2017_03_22_100002.jpg,,public_v2,b910dbe5cc557c65d792db27219d35ec36845120a4fd6f7988a0b64c1ac21a51,58f7a1796cea7e526aa2c2e2779b9fd52c33bafce78933ce004bfc795f32a94e,89af8ad70f050f27,0,,accepted_negative,
phenocam-hubbardbrooksfws_2017_03_31_150002,phenocam::hubbardbrooksfws_2017_03_31_150002,phenocam,hubbardbrooksfws_2017_03_31_150002,hubbardbrooksfws,hubbardbrooksfws,2017-03-31T15:00:02,phenocam:hubbardbrooksfws:2017-03-31,negative,train,images/train/phenocam-hubbardbrooksfws_2017_03_31_150002.jpg,,public_v2,b97cbe4e260a0752da5fedf07e99e1d97d4430401c507ccb5660480d8921a092,16c3ec1785f0a622bd1aa1c3ab9c6c7aa38ca591e72c1a5bdbaa39e7b1ee4986,9987231d87a70b8f,0,,accepted_negative,
phenocam-humnokericec_2015_09_26_180005,phenocam::humnokericec_2015_09_26_180005,phenocam,humnokericec_2015_09_26_180005,humnokericec,humnokericec,2015-09-26T18:00:05,phenocam:humnokericec:2015-09-26,negative,train,images/train/phenocam-humnokericec_2015_09_26_180005.jpg,,public_v2,f52da3c50aaa6350e79bddecbf7221a98b52ef844e0b5f0cc8ebff0d829f7810,de25e23ea730ee3113716dc4f99dd3244103f94f7444f4cc4889fa419876f2f8,87b38737060716b7,0,,accepted_negative,
phenocam-humnokericec_2015_09_26_220005,phenocam::humnokericec_2015_09_26_220005,phenocam,humnokericec_2015_09_26_220005,humnokericec,humnokericec,2015-09-26T22:00:05,phenocam:humnokericec:2015-09-26,negative,train,images/train/phenocam-humnokericec_2015_09_26_220005.jpg,,public_v2,1d3f597d3311605f09f2a60d272df9bb6e070c83204312de537991e09bdf28cc,fa983e471d5f2fcf86c09d8b667993c5f390b6f2bdd5fdf3992546fa0eeab204,d8d8d8f8f8d8c8c8,0,,accepted_negative,
phenocam-imcrkfen_2017_05_04_180614,phenocam::imcrkfen_2017_05_04_180614,phenocam,imcrkfen_2017_05_04_180614,imcrkfen,imcrkfen,2017-05-04T18:06:14,phenocam:imcrkfen:2017-05-04,negative,train,images/train/phenocam-imcrkfen_2017_05_04_180614.jpg,,public_v2,63e101efd5ff70a67032809335c82eb719b40a42d5cf6e0517d208bf3af10d6d,b079a3b259f4779838747e5fedf3c23e606a4de3e0f8e49771c508c300ca2b2a,86cf3fc5c18f84c1,0,,accepted_negative,
phenocam-imcrkfen_2017_05_05_040609,phenocam::imcrkfen_2017_05_05_040609,phenocam,imcrkfen_2017_05_05_040609,imcrkfen,imcrkfen,2017-05-05T04:06:09,phenocam:imcrkfen:2017-05-05,negative,train,images/train/phenocam-imcrkfen_2017_05_05_040609.jpg,,public_v2,97932a90d97096235fe26218bb759cf0dac408f1cebaa84297b0ec1f1e13bd07,14aa9ebb4be45c9a24ba51cfcdfe877d75ece60704e7baa58dcc2ff2cc223d14,8a8d8b85ae8b8d8f,0,,accepted_negative,
phenocam-imcrkfen_2017_05_10_200615,phenocam::imcrkfen_2017_05_10_200615,phenocam,imcrkfen_2017_05_10_200615,imcrkfen,imcrkfen,2017-05-10T20:06:15,phenocam:imcrkfen:2017-05-10,negative,train,images/train/phenocam-imcrkfen_2017_05_10_200615.jpg,,public_v2,b0d11f9e8a43431bf1e743d2bc7b7958459465b9cc85d1f008260d1a5f63aad5,1bdfe2cec2328b5fe399b890b801fa33af3ca578658b94ad3ad08256972b1b98,c3c7c7c787830707,0,,accepted_negative,
phenocam-imcrkfen_2017_05_11_210607,phenocam::imcrkfen_2017_05_11_210607,phenocam,imcrkfen_2017_05_11_210607,imcrkfen,imcrkfen,2017-05-11T21:06:07,phenocam:imcrkfen:2017-05-11,negative,train,images/train/phenocam-imcrkfen_2017_05_11_210607.jpg,,public_v2,469fc6a486a4806b4ec6ea41f3eed654aca1ac73edb99112dec6db39b8f67aa9,c614b0eff855010aab98e9f7a4a997c0decbf02ca814a66813ec63c642ccadab,d6cfb764c5c294c0,0,,accepted_negative,
phenocam-imcrkfen_2017_05_23_200611,phenocam::imcrkfen_2017_05_23_200611,phenocam,imcrkfen_2017_05_23_200611,imcrkfen,imcrkfen,2017-05-23T20:06:11,phenocam:imcrkfen:2017-05-23,negative,train,images/train/phenocam-imcrkfen_2017_05_23_200611.jpg,,public_v2,847a3d39defff845e95b44584f4778003ea305c2e27717b73017e57501915d74,fca0c58344f0901528d26e8f79b06f6ea70b031c1dd09be76ebeb2113c778800,9f0679e6e11f8914,0,,accepted_negative,
phenocam-imcrkfen_2017_05_25_150610,phenocam::imcrkfen_2017_05_25_150610,phenocam,imcrkfen_2017_05_25_150610,imcrkfen,imcrkfen,2017-05-25T15:06:10,phenocam:imcrkfen:2017-05-25,negative,train,images/train/phenocam-imcrkfen_2017_05_25_150610.jpg,,public_v2,7e7c3582fb8f65876b3481b74b54dfd40365ca30951b8f1d72b1ce0e71ffb1b0,c45a49d8a1c7d30d6d524a0d8b6cf1d2fc3f6c18a887eb359d12901935b27210,8e917fe0fb0e9051,0,,accepted_negative,
phenocam-imcrkfen_2017_05_29_220606,phenocam::imcrkfen_2017_05_29_220606,phenocam,imcrkfen_2017_05_29_220606,imcrkfen,imcrkfen,2017-05-29T22:06:06,phenocam:imcrkfen:2017-05-29,negative,train,images/train/phenocam-imcrkfen_2017_05_29_220606.jpg,,public_v2,6ce93a948e941c54236d4d428d13f34edb07d2307a9221fc78d0130fa0c6684f,0250233bd832833b453e1d84bba38ee29366a75de4dac6c462fa7c65ba15d116,bff66ac989b4a480,0,,accepted_negative,
phenocam-imcrkfen_2017_05_31_090606,phenocam::imcrkfen_2017_05_31_090606,phenocam,imcrkfen_2017_05_31_090606,imcrkfen,imcrkfen,2017-05-31T09:06:06,phenocam:imcrkfen:2017-05-31,negative,train,images/train/phenocam-imcrkfen_2017_05_31_090606.jpg,,public_v2,dd91706ec8b34f96d7531034428406099feec35d0f2cb025cec0b863ef6717c2,b0e5f4aa23d834d1bdd9f18a20f8c529bde679643a046cfbaf8334449ae6e4cb,8df7768a8925a496,0,,accepted_negative,
phenocam-imcrkridge0_2017_05_05_090607,phenocam::imcrkridge0_2017_05_05_090607,phenocam,imcrkridge0_2017_05_05_090607,imcrkridge0,imcrkridge0,2017-05-05T09:06:07,phenocam:imcrkridge0:2017-05-05,negative,train,images/train/phenocam-imcrkridge0_2017_05_05_090607.jpg,,public_v2,d5043d506c9b1ca62125095eda9caf2b95a9bfb138092615e3a7495747183b28,15cf68a058d146cfa0b60c0090e61546e09cec2acc08e9b76a8f9f6a43fe0684,cccc144967cccc3f,0,,accepted_negative,
phenocam-imcrkridge0_2017_05_07_040607,phenocam::imcrkridge0_2017_05_07_040607,phenocam,imcrkridge0_2017_05_07_040607,imcrkridge0,imcrkridge0,2017-05-07T04:06:07,phenocam:imcrkridge0:2017-05-07,negative,train,images/train/phenocam-imcrkridge0_2017_05_07_040607.jpg,,public_v2,5763ed4e22a5c6108b82cbfda55ff9e2e0b0b0325739c45792be24dddbda5b7a,cc1161e7126a33c587a6622de9e9438b054755bcd23fb60ffe6bcade32626549,c7f24d2318e6d80f,0,,accepted_negative,
phenocam-imcrkridge0_2017_05_08_220616,phenocam::imcrkridge0_2017_05_08_220616,phenocam,imcrkridge0_2017_05_08_220616,imcrkridge0,imcrkridge0,2017-05-08T22:06:16,phenocam:imcrkridge0:2017-05-08,negative,train,images/train/phenocam-imcrkridge0_2017_05_08_220616.jpg,,public_v2,ab1427b6ebf2a4f96aa46919eaa249830121003ebc6f47f6a0e4ba4a716dad84,c3d84eb8a686aa0ecfe331b191b45c2d5cb4e4e0113f903b93ac528398f0eb3c,8d8c8c1e1f1e1e1f,0,,accepted_negative,
phenocam-imcrkridge0_2017_05_13_120605,phenocam::imcrkridge0_2017_05_13_120605,phenocam,imcrkridge0_2017_05_13_120605,imcrkridge0,imcrkridge0,2017-05-13T12:06:05,phenocam:imcrkridge0:2017-05-13,negative,train,images/train/phenocam-imcrkridge0_2017_05_13_120605.jpg,,public_v2,762e0abb8545fc26e34ba65c842d3fd69935a2837f71e67fe1c3fa8acf2d1ec8,040b581f36ceacfff36d110b4562b8be36c921a0c23f3c103991f70d8ee97a94,b36bb099b32864f1,0,,accepted_negative,
phenocam-imcrkridge0_2017_05_18_080608,phenocam::imcrkridge0_2017_05_18_080608,phenocam,imcrkridge0_2017_05_18_080608,imcrkridge0,imcrkridge0,2017-05-18T08:06:08,phenocam:imcrkridge0:2017-05-18,negative,train,images/train/phenocam-imcrkridge0_2017_05_18_080608.jpg,,public_v2,8841cdc053344192c9a9ff1c1243c2d484350b82037d5452e9b05602bf8ef54d,725efb962c66720387954725ebe5d237b18ddd30a18dd4dceea65d80edbb1be6,81296c7c5616b737,0,,accepted_negative,
phenocam-imcrkridge0_2017_05_22_060606,phenocam::imcrkridge0_2017_05_22_060606,phenocam,imcrkridge0_2017_05_22_060606,imcrkridge0,imcrkridge0,2017-05-22T06:06:06,phenocam:imcrkridge0:2017-05-22,negative,train,images/train/phenocam-imcrkridge0_2017_05_22_060606.jpg,,public_v2,c15c0d33aa0e230c55db0292b8495d28c6e2a2423226e8ffc36cb533e8db2ff1,b7ff1f4e337200d9695bd03787abfeba1a7d6146b1eab01fde26d28b9a6f2993,fbfd4c0b0e029c87,0,,accepted_negative,
phenocam-imcrkridge0_2017_05_30_210613,phenocam::imcrkridge0_2017_05_30_210613,phenocam,imcrkridge0_2017_05_30_210613,imcrkridge0,imcrkridge0,2017-05-30T21:06:13,phenocam:imcrkridge0:2017-05-30,negative,train,images/train/phenocam-imcrkridge0_2017_05_30_210613.jpg,,public_v2,f21441d83139095b0558f56ab1f4013d2e413a89b26850a8e6ff50b3f8a34d8e,fbf742cc7a93b652b5ed59e90c900a50fa6cc75630ad7148605086fc7c4db702,972ce8971448abde,0,,accepted_negative,
phenocam-imcrkridge1_2013_05_01_100606,phenocam::imcrkridge1_2013_05_01_100606,phenocam,imcrkridge1_2013_05_01_100606,imcrkridge1,imcrkridge1,2013-05-01T10:06:06,phenocam:imcrkridge1:2013-05-01,negative,train,images/train/phenocam-imcrkridge1_2013_05_01_100606.jpg,,public_v2,82589211ec2eead501b43b8e57b147f6c0d3d47537721e9018bbd7ee4f30dee9,a8a9c1a714d164a849d9e506ffed5a8f0dc1c4043d163e96f021a0f3da4515c4,c00f43334f711fd3,0,,accepted_negative,
phenocam-imcrkridge1_2013_05_05_230607,phenocam::imcrkridge1_2013_05_05_230607,phenocam,imcrkridge1_2013_05_05_230607,imcrkridge1,imcrkridge1,2013-05-05T23:06:07,phenocam:imcrkridge1:2013-05-05,negative,train,images/train/phenocam-imcrkridge1_2013_05_05_230607.jpg,,public_v2,5a435656da4cf58187f9334155ac69e6b7cef62411b95e06bc53d2b3d90f8db9,678d4effe730166e535cdab5800c542ef3b385c84c17977b36cea923148b1831,cae3e7e1c2c6c486,0,,accepted_negative,
phenocam-imcrkridge1_2013_05_11_090608,phenocam::imcrkridge1_2013_05_11_090608,phenocam,imcrkridge1_2013_05_11_090608,imcrkridge1,imcrkridge1,2013-05-11T09:06:08,phenocam:imcrkridge1:2013-05-11,negative,train,images/train/phenocam-imcrkridge1_2013_05_11_090608.jpg,,public_v2,d70025e34aadc8022c174b45637ad4919bd5f06f975b9ad26de95957a9782ac7,d7a4230475787c56e7caae24bfd20ca88a3086b024836b2f72860c6373b47798,c026633a7653f4d3,0,,accepted_negative,
phenocam-imcrkridge1_2013_05_14_170606,phenocam::imcrkridge1_2013_05_14_170606,phenocam,imcrkridge1_2013_05_14_170606,imcrkridge1,imcrkridge1,2013-05-14T17:06:06,phenocam:imcrkridge1:2013-05-14,negative,train,images/train/phenocam-imcrkridge1_2013_05_14_170606.jpg,,public_v2,e152fab938f37689b216adfc5ede6ace3cb9232b169337eee42e61cc5a08b0e0,2d7fceea8706dc240884da52e1077a9439b5661a0097a743174d7f97e63af968,d537070d3f0f0e1c,0,,accepted_negative,
phenocam-imcrkridge1_2013_05_15_010609,phenocam::imcrkridge1_2013_05_15_010609,phenocam,imcrkridge1_2013_05_15_010609,imcrkridge1,imcrkridge1,2013-05-15T01:06:09,phenocam:imcrkridge1:2013-05-15,negative,train,images/train/phenocam-imcrkridge1_2013_05_15_010609.jpg,,public_v2,adcfc95b6d226b0950f769a7b40a05d544299cbd56e60f3d568530ef826fff63,2b1cb1f3b99cb2f6c9be0ca8c37b45e86c3fd981cc7f5ad6c39cab8e7738717c,9293938787a78787,0,,accepted_negative,
phenocam-imcrkridge1_2013_05_22_140606,phenocam::imcrkridge1_2013_05_22_140606,phenocam,imcrkridge1_2013_05_22_140606,imcrkridge1,imcrkridge1,2013-05-22T14:06:06,phenocam:imcrkridge1:2013-05-22,negative,train,images/train/phenocam-imcrkridge1_2013_05_22_140606.jpg,,public_v2,dd097f1135f97bc0f74cfeaefc6f6dad39084998fe612622fbe6a03174ad982b,6f6250cdba546253e6958307252c60270be728d96ba26fd1d365260fa0acf5b7,c13e60370f4c7a79,0,,accepted_negative,
phenocam-imcrkridge1_2013_05_26_110609,phenocam::imcrkridge1_2013_05_26_110609,phenocam,imcrkridge1_2013_05_26_110609,imcrkridge1,imcrkridge1,2013-05-26T11:06:09,phenocam:imcrkridge1:2013-05-26,negative,train,images/train/phenocam-imcrkridge1_2013_05_26_110609.jpg,,public_v2,0a1a5dfe60f86ea3add80efe5b0e6e3e61f8749bfd6e47e20939470abf0f87a6,71c6893780963c938f8939489c696113ec862bff6ec26ec44b103d8d1ebe27bd,c45b5d32458eb5a6,0,,accepted_negative,
phenocam-imcrkridge1_2013_05_30_230608,phenocam::imcrkridge1_2013_05_30_230608,phenocam,imcrkridge1_2013_05_30_230608,imcrkridge1,imcrkridge1,2013-05-30T23:06:08,phenocam:imcrkridge1:2013-05-30,negative,train,images/train/phenocam-imcrkridge1_2013_05_30_230608.jpg,,public_v2,2d39a7575b30ff3fffbc8e430902414c0200e2d7098b5d955c3264bcf30f18f2,d21605bfedc8dd911b20d82df479974b7664c5378d4f6099f9c70319acb113d8,d592879295c38f33,0,,accepted_negative,
phenocam-imcrktussock_2020_05_04_180611,phenocam::imcrktussock_2020_05_04_180611,phenocam,imcrktussock_2020_05_04_180611,imcrktussock,imcrktussock,2020-05-04T18:06:11,phenocam:imcrktussock:2020-05-04,negative,train,images/train/phenocam-imcrktussock_2020_05_04_180611.jpg,,public_v2,ad6c3107e5000f303cd8599d87048af978c367ca99fe1e9fbc4da6643479a233,592508941fa0a1747998ce29621b5f92718d973fdffab0a0a515887907abe057,d3dd370b11670917,0,,accepted_negative,
phenocam-imcrktussock_2020_05_09_200611,phenocam::imcrktussock_2020_05_09_200611,phenocam,imcrktussock_2020_05_09_200611,imcrktussock,imcrktussock,2020-05-09T20:06:11,phenocam:imcrktussock:2020-05-09,negative,train,images/train/phenocam-imcrktussock_2020_05_09_200611.jpg,,public_v2,02ff6d115d06bf166900b1e2b484f0f6158d959d58b0eee0d28dcc08d5da4d5d,e5e3747adfd75cff393198766bd523ecfc204001b66a4024ea0186ebc8be035e,d3ed910211e7c8f3,0,,accepted_negative,
phenocam-imcrktussock_2020_05_10_040610,phenocam::imcrktussock_2020_05_10_040610,phenocam,imcrktussock_2020_05_10_040610,imcrktussock,imcrktussock,2020-05-10T04:06:10,phenocam:imcrktussock:2020-05-10,negative,train,images/train/phenocam-imcrktussock_2020_05_10_040610.jpg,,public_v2,484592025ac94639f0e5efbc6bfa998a5148cf52587013ebf7742f14f7005ec9,d2b8e1c9fba7cf0768ec4e79eb59ed396cc6aa17f40e5f1d3b3bb00e5766ddc1,c793878783878787,0,,accepted_negative,
phenocam-imcrktussock_2020_05_13_000612,phenocam::imcrktussock_2020_05_13_000612,phenocam,imcrktussock_2020_05_13_000612,imcrktussock,imcrktussock,2020-05-13T00:06:12,phenocam:imcrktussock:2020-05-13,negative,train,images/train/phenocam-imcrktussock_2020_05_13_000612.jpg,,public_v2,0513378539e416aa6891b81b85ec8cb3b2b075965aaf04b3c99c68e2c04de630,387f2394fad307a268ad80f022f996da7bd9d06a9b019590f5d2ee4f142456ea,d7c7c78783838383,0,,accepted_negative,
phenocam-imcrktussock_2020_05_22_100615,phenocam::imcrktussock_2020_05_22_100615,phenocam,imcrktussock_2020_05_22_100615,imcrktussock,imcrktussock,2020-05-22T10:06:15,phenocam:imcrktussock:2020-05-22,negative,train,images/train/phenocam-imcrktussock_2020_05_22_100615.jpg,,public_v2,cb30df472e670178185b9bf020119bc2f64e84d2d4639d9d8ee6439242b629cf,0b7d5d00163a35f6c78a0a4ef80b61d659a6e91b93aef0dc26a8e4662652d152,c53b7341175d8387,0,,accepted_negative,
phenocam-imcrktussock_2020_05_23_100614,phenocam::imcrktussock_2020_05_23_100614,phenocam,imcrktussock_2020_05_23_100614,imcrktussock,imcrktussock,2020-05-23T10:06:14,phenocam:imcrktussock:2020-05-23,negative,train,images/train/phenocam-imcrktussock_2020_05_23_100614.jpg,,public_v2,8246ab7aa7960c50c67153b5eca9ae1741bdfc89d4667288f640b26675293918,b6344035835e29836651fc8894c3dbe6821820fe485580352de896d1fbd0ad60,c53b7b755bf08081,0,,accepted_negative,
phenocam-imcrktussock_2020_05_24_010612,phenocam::imcrktussock_2020_05_24_010612,phenocam,imcrktussock_2020_05_24_010612,imcrktussock,imcrktussock,2020-05-24T01:06:12,phenocam:imcrktussock:2020-05-24,negative,train,images/train/phenocam-imcrktussock_2020_05_24_010612.jpg,,public_v2,eae41b31391aa55b7ec7bf73e334c8122a9e4bb31adca4f3648a12f0b9411552,fb3d497913ff093d23c7dafb68763be2ccfe020381978c6a3dd1ca43b5fe1e24,c5dbc3e5dbc48085,0,,accepted_negative,
phenocam-inden002_2020_10_28_164606,phenocam::inden002_2020_10_28_164606,phenocam,inden002_2020_10_28_164606,inden002,inden002,2020-10-28T16:46:06,phenocam:inden002:2020-10-28,negative,train,images/train/phenocam-inden002_2020_10_28_164606.jpg,,public_v2,12fa26a35c8579ca7696970a957306315bc2806ac2ccbe9f09451b0c9d039160,0500df8f2faec94e42d805ec5e55251517ca941d0b56cab1a0f10d0b6215841c,ead5d5c4c0caccd4,0,,accepted_negative,
phenocam-inden002_2020_10_28_191605,phenocam::inden002_2020_10_28_191605,phenocam,inden002_2020_10_28_191605,inden002,inden002,2020-10-28T19:16:05,phenocam:inden002:2020-10-28,negative,train,images/train/phenocam-inden002_2020_10_28_191605.jpg,,public_v2,848b8ce31188fbd700e8864f7b150c2de981d411749ffb025fef5b296c122734,11bfeeafd540bfef17de1b835c6b38452b52c9694709f98b010f2119e08239cf,f8f8f8f8e8c8c8c0,0,,accepted_negative,
phenocam-inden002_2020_10_29_074605,phenocam::inden002_2020_10_29_074605,phenocam,inden002_2020_10_29_074605,inden002,inden002,2020-10-29T07:46:05,phenocam:inden002:2020-10-29,positive,train,images/train/phenocam-inden002_2020_10_29_074605.jpg,labels/train/phenocam-inden002_2020_10_29_074605.txt,public_v2,341cb645e585eb5eb2e03f330862b843134e5dea3ac849c0ce74c08fdefb3fb3,2f9a28450b6215f92d3b029f4b77c923bb90dca50cadde56151017edaabefdc2,cad585b42ba21f27,1,truck,complete,
phenocam-inden002_2020_10_29_094607,phenocam::inden002_2020_10_29_094607,phenocam,inden002_2020_10_29_094607,inden002,inden002,2020-10-29T09:46:07,phenocam:inden002:2020-10-29,negative,train,images/train/phenocam-inden002_2020_10_29_094607.jpg,,public_v2,c545ceddca4550ee5ac311b6323fcf0226cfa92135819e225d7f950ba6b1c153,6dca46309fa61bff2327e7a25a0890c3b2815c42d87310c0f5bb89f28e1e09b4,8ad58587a3828fb7,0,,accepted_negative,
phenocam-it25matschs3_2023_12_02_100000,phenocam::it25matschs3_2023_12_02_100000,phenocam,it25matschs3_2023_12_02_100000,it25matschs3,it25matschs3,2023-12-02T10:00:00,phenocam:it25matschs3:2023-12-02,negative,train,images/train/phenocam-it25matschs3_2023_12_02_100000.jpg,,public_v2,3b7a6b3203d347f444583464392f4b1e0b5ca431cb7a901a382e7ab46afe79ad,57554b39e68da39fa31c64567ca3bda5e3f692d8f1dc5024c3a575b9744c148b,80ff7f0005ff5d01,0,,accepted_negative,
phenocam-it25matschs3_2023_12_04_140000,phenocam::it25matschs3_2023_12_04_140000,phenocam,it25matschs3_2023_12_04_140000,it25matschs3,it25matschs3,2023-12-04T14:00:00,phenocam:it25matschs3:2023-12-04,negative,train,images/train/phenocam-it25matschs3_2023_12_04_140000.jpg,,public_v2,0a9f19602e636bff8b6387753f2fd15baeaa1643bdf85b167753a62de485f850,6bfc96ab5e0171259bbf2e5d568742151fd11f4a6c8b0a058240646065ee035d,80ff7f0015ff3501,0,,accepted_negative,
phenocam-it25matschs3_2023_12_06_130000,phenocam::it25matschs3_2023_12_06_130000,phenocam,it25matschs3_2023_12_06_130000,it25matschs3,it25matschs3,2023-12-06T13:00:00,phenocam:it25matschs3:2023-12-06,negative,train,images/train/phenocam-it25matschs3_2023_12_06_130000.jpg,,public_v2,6165988e024e86fa2e5b1d9a0debfb89ba30e0e0a0fc6dcca9818e0217b6e022,c333262712af0868d311769ac72ac8ea36026c2148f7ab45a78bca1ec588f96f,c0bf3f54087e1e13,0,,accepted_negative,
phenocam-it25matschs3_2023_12_07_090000,phenocam::it25matschs3_2023_12_07_090000,phenocam,it25matschs3_2023_12_07_090000,it25matschs3,it25matschs3,2023-12-07T09:00:00,phenocam:it25matschs3:2023-12-07,negative,train,images/train/phenocam-it25matschs3_2023_12_07_090000.jpg,,public_v2,27aae9a50689fd4f1204e9469675fd7f7cc9322d64cb7784d143e1d3369a56ed,e1b789e14225fa43537e4c2c2947dfca7fd44bac2e21f178f48dafd249daf183,80ff7f0101ff1f01,0,,accepted_negative,
phenocam-it25matschs3_2023_12_13_140000,phenocam::it25matschs3_2023_12_13_140000,phenocam,it25matschs3_2023_12_13_140000,it25matschs3,it25matschs3,2023-12-13T14:00:00,phenocam:it25matschs3:2023-12-13,negative,train,images/train/phenocam-it25matschs3_2023_12_13_140000.jpg,,public_v2,434854322b023987d24508d926e84ecab2e1fd610919ed22f9dee26d035e1276,bff4c345cf3b83b0ab828f691dc82386abcffee32e58b744129b09b76a837fe5,c1fe5c0311fe3d05,0,,accepted_negative,
phenocam-it25matschs3_2023_12_19_140000,phenocam::it25matschs3_2023_12_19_140000,phenocam,it25matschs3_2023_12_19_140000,it25matschs3,it25matschs3,2023-12-19T14:00:00,phenocam:it25matschs3:2023-12-19,negative,train,images/train/phenocam-it25matschs3_2023_12_19_140000.jpg,,public_v2,cc89cd44a79ff75231c460ea2fa44081e68bb594f75cafc0085f738b47a32df2,50162d18ab89e3fcdebf06b870c5345961081522167e39ea2e4fb2a04b35c072,c0bf3f55007e5a15,0,,accepted_negative,
phenocam-it25matschs3_2023_12_30_150000,phenocam::it25matschs3_2023_12_30_150000,phenocam,it25matschs3_2023_12_30_150000,it25matschs3,it25matschs3,2023-12-30T15:00:00,phenocam:it25matschs3:2023-12-30,negative,train,images/train/phenocam-it25matschs3_2023_12_30_150000.jpg,,public_v2,cf93068a1daf9dbad1847664f3e2646196f05ab8b7857f00681cead82d44029c,5809a5af6566b639fdeface70cfde7e9d1876005bfe808b9aeb991409e1ac642,c1bf3f45107f441a,0,,accepted_negative,
phenocam-ivotuk_2013_02_20_183002,phenocam::ivotuk_2013_02_20_183002,phenocam,ivotuk_2013_02_20_183002,ivotuk,ivotuk,2013-02-20T18:30:02,phenocam:ivotuk:2013-02-20,negative,val,images/val/phenocam-ivotuk_2013_02_20_183002.jpg,,public_v2,1c12812d0803c0a45db40d022731f34f06de54cf3bf6f1e9792ecf9f66b152c5,9dbf4f69e50b344fb1d31a477da7c5fecf66e229d16c14087a826c87c77614de,90f05ef0daf05af0,0,,accepted_negative,
phenocam-ivotuk_2013_02_21_190001,phenocam::ivotuk_2013_02_21_190001,phenocam,ivotuk_2013_02_21_190001,ivotuk,ivotuk,2013-02-21T19:00:01,phenocam:ivotuk:2013-02-21,negative,val,images/val/phenocam-ivotuk_2013_02_21_190001.jpg,,public_v2,519af5b89307a488f3b7441e790851b6f9f05e11325ad4fb18ab86cc46040b41,fbba8b3ff9ff6cf88af5c6d6b9f2914f7782db9865f83a2417d126d36b5e0d7f,d874da70da70da70,0,,accepted_negative,
phenocam-jersand_2023_05_27_091506,phenocam::jersand_2023_05_27_091506,phenocam,jersand_2023_05_27_091506,jersand,jersand,2023-05-27T09:15:06,phenocam:jersand:2023-05-27,negative,train,images/train/phenocam-jersand_2023_05_27_091506.jpg,,public_v2,6fde4fa388ea6ea5da72ef8df74f6ecd8504a5bc08f15642c6df76c63a58017e,6bad8ebe4df7d67c02012f779e2926fe45aeeebbb59aa09735f793545376a65f,c3a6878ba1863f33,0,,accepted_negative,
phenocam-jersand_2023_05_31_091505,phenocam::jersand_2023_05_31_091505,phenocam,jersand_2023_05_31_091505,jersand,jersand,2023-05-31T09:15:05,phenocam:jersand:2023-05-31,negative,train,images/train/phenocam-jersand_2023_05_31_091505.jpg,,public_v2,4f32f14e30bd9a2346bde80e6c5e6a2bc99ff0ac10ffee291a4ccb489fc8326c,ad2751eb75d40ca228c2ae0fbb86df675856dcd3ee3821327019d3ca5189fbab,c3b4878aa5863f72,0,,accepted_negative,
phenocam-jershrubland_2023_12_23_120406,phenocam::jershrubland_2023_12_23_120406,phenocam,jershrubland_2023_12_23_120406,jershrubland,jershrubland,2023-12-23T12:04:06,phenocam:jershrubland:2023-12-23,negative,train,images/train/phenocam-jershrubland_2023_12_23_120406.jpg,,public_v2,24e87fd6488384547e576b90d4714ae8d915c947f46c15ba8daa9ee48bd6001f,3051356ed3a6c00fc946f6051003add52deefff729f8c8754137368f0b4927b5,85a8d6a9d897accc,0,,accepted_negative,
phenocam-jershrubland_2023_12_23_144405,phenocam::jershrubland_2023_12_23_144405,phenocam,jershrubland_2023_12_23_144405,jershrubland,jershrubland,2023-12-23T14:44:05,phenocam:jershrubland:2023-12-23,negative,train,images/train/phenocam-jershrubland_2023_12_23_144405.jpg,,public_v2,1b3d7fa673f857562636c2610b6e5d3bb1c294df9bd43b3af2c093f9bd855e6a,dccaf5a875298ae363ceda800627615cf05aeda90759edf2e03f43f295e85a7f,85a396aa93372e17,0,,accepted_negative,
phenocam-kaweah_2018_12_09_160033,phenocam::kaweah_2018_12_09_160033,phenocam,kaweah_2018_12_09_160033,kaweah,kaweah,2018-12-09T16:00:33,phenocam:kaweah:2018-12-09,negative,train,images/train/phenocam-kaweah_2018_12_09_160033.jpg,,public_v2,6ca9f4e45415bcd8a4f9c4b7ae60cb0d3dfcc4683fbf7d5d30a6ad86659340bf,195715435bb31536f2ec52ee2446ae06d80a3f839c8adc28bb35d34140beead0,d4d4d4d4d4d4d4d4,0,,accepted_negative,
phenocam-kaweah_2018_12_12_070040,phenocam::kaweah_2018_12_12_070040,phenocam,kaweah_2018_12_12_070040,kaweah,kaweah,2018-12-12T07:00:40,phenocam:kaweah:2018-12-12,negative,train,images/train/phenocam-kaweah_2018_12_12_070040.jpg,,public_v2,e3312f5dbb7e34090a23c2704bfbb8ec61c07832c19a644b55be69451c4cc9d4,eb048a843c48c3ba3baa595480754eff7f8a2c503c9784db2e5ebd2a0e83a742,9484d54b7d2d34f4,0,,accepted_negative,
phenocam-kaweah_2018_12_13_140039,phenocam::kaweah_2018_12_13_140039,phenocam,kaweah_2018_12_13_140039,kaweah,kaweah,2018-12-13T14:00:39,phenocam:kaweah:2018-12-13,negative,train,images/train/phenocam-kaweah_2018_12_13_140039.jpg,,public_v2,b3d6cbccacf5d2e8aef0a0cef984f5f150ec386dba61c4870ef6ce9c75a6cc4c,177d68cda1d76ad9d0298515491bd163c3dc48eb59125d221b85b5c7b03e1ca1,94a8557726ac5c5d,0,,accepted_negative,
phenocam-kaweah_2018_12_21_160034,phenocam::kaweah_2018_12_21_160034,phenocam,kaweah_2018_12_21_160034,kaweah,kaweah,2018-12-21T16:00:34,phenocam:kaweah:2018-12-21,negative,train,images/train/phenocam-kaweah_2018_12_21_160034.jpg,,public_v2,22498a67c0e3c7297846687b3b1d2c64c65417dd9cf7bde91ffc6110b9805a59,dc4754149e1a87ea5a9d8b06381fcefbec4c35339d2d13fd7a9c00df96a59d16,959555b575256525,0,,accepted_negative,
phenocam-kaweah_2018_12_24_130456,phenocam::kaweah_2018_12_24_130456,phenocam,kaweah_2018_12_24_130456,kaweah,kaweah,2018-12-24T13:04:56,phenocam:kaweah:2018-12-24,negative,train,images/train/phenocam-kaweah_2018_12_24_130456.jpg,,public_v2,af869a6800ab70fbb10e565ce1bbb3bf41ee385eb4d3de77a9f68a68f0213d02,ab63aa905a2683fe03e057a069ccebab7ba58d7dfd9b02f96a2c279fd84b47c8,94acd547772d3055,0,,accepted_negative,
phenocam-kaweah_2018_12_26_150035,phenocam::kaweah_2018_12_26_150035,phenocam,kaweah_2018_12_26_150035,kaweah,kaweah,2018-12-26T15:00:35,phenocam:kaweah:2018-12-26,negative,train,images/train/phenocam-kaweah_2018_12_26_150035.jpg,,public_v2,1f08395ee57bbfbfd85ad4597c232088e713343a206b37ad6a6a4166558c9a19,44e3fab77f1862eb41b85298d3cfcf077bcec8afaeec0e04aad2c3c9c0adfc88,95e55584b13d46cd,0,,accepted_negative,
phenocam-kelloggcorn_2015_09_11_090300,phenocam::kelloggcorn_2015_09_11_090300,phenocam,kelloggcorn_2015_09_11_090300,kelloggcorn,kelloggcorn,2015-09-11T09:03:00,phenocam:kelloggcorn:2015-09-11,negative,train,images/train/phenocam-kelloggcorn_2015_09_11_090300.jpg,,public_v2,d0caf3c82343c30c68dbd1a0a9588c3a7c837748ef56203a0d15c8a290b35a1f,754fa971c1c9b9895db2143f859bf8da8a37874d5bc1ec5bc0054935b0f51d94,c1a8be9f99898b83,0,,accepted_negative,
phenocam-kelloggcorn_2015_09_21_090300,phenocam::kelloggcorn_2015_09_21_090300,phenocam,kelloggcorn_2015_09_21_090300,kelloggcorn,kelloggcorn,2015-09-21T09:03:00,phenocam:kelloggcorn:2015-09-21,negative,train,images/train/phenocam-kelloggcorn_2015_09_21_090300.jpg,,public_v2,6666c02de5b1fd6f25940e86ae5a6dc67d0ca270ff944fcd4488b1cab50961e3,1dbbec223ca6e2f4dfd7e91230c03336a0cfcfe6f05b17d8f79e617947b4e738,e18aac9c9d98af83,0,,accepted_negative,
phenocam-kelloggcornsoy_2018_07_03_100035,phenocam::kelloggcornsoy_2018_07_03_100035,phenocam,kelloggcornsoy_2018_07_03_100035,kelloggcornsoy,kelloggcornsoy,2018-07-03T10:00:35,phenocam:kelloggcornsoy:2018-07-03,negative,train,images/train/phenocam-kelloggcornsoy_2018_07_03_100035.jpg,,public_v2,b8b047f61827a2a3d2ae87535032771ec5028a4cd2322c1d8adebd249d9d25e8,2998b8c284652054378ad3c45608877cac40d03e2fcf236f1babe1e9aa51adb5,8392708f8771bc8f,0,,accepted_negative,
phenocam-kelloggcornsoy_2018_07_03_120042,phenocam::kelloggcornsoy_2018_07_03_120042,phenocam,kelloggcornsoy_2018_07_03_120042,kelloggcornsoy,kelloggcornsoy,2018-07-03T12:00:42,phenocam:kelloggcornsoy:2018-07-03,negative,train,images/train/phenocam-kelloggcornsoy_2018_07_03_120042.jpg,,public_v2,6c8d2e276f17a8874d64d6bf52eab7fb9b72830f41bda12f228e4845bd1e22be,a6f83c59d14dc2de6935932ffb6aebead812458e94d7cedcb0464238a288aa2c,8f8c6c068761bf87,0,,accepted_negative,
phenocam-kelloggcornsoy_2018_07_31_162645,phenocam::kelloggcornsoy_2018_07_31_162645,phenocam,kelloggcornsoy_2018_07_31_162645,kelloggcornsoy,kelloggcornsoy,2018-07-31T16:26:45,phenocam:kelloggcornsoy:2018-07-31,negative,train,images/train/phenocam-kelloggcornsoy_2018_07_31_162645.jpg,,public_v2,52852405c937d95a1b07b1f9901cd3e37ad64c0827e153158ca825dd63da28bd,3eeb67d33c2b82170da13e118509a3f32f7a2f0a4f91d5079d02fd1dd764a386,9e9ce3e3200c9ee3,0,,accepted_negative,
phenocam-kelloggnativegrass_2020_02_01_130032,phenocam::kelloggnativegrass_2020_02_01_130032,phenocam,kelloggnativegrass_2020_02_01_130032,kelloggnativegrass,kelloggnativegrass,2020-02-01T13:00:32,phenocam:kelloggnativegrass:2020-02-01,negative,val,images/val/phenocam-kelloggnativegrass_2020_02_01_130032.jpg,,public_v2,e07c87ed7d21ffc5bf934b8fe37d65af2963a7d16e697effa0dd855f369e3fa0,2e264e944e05883a14246e7fc1ea94e50cab5eae28230aefd76bdaaa932e670b,931393ec39b946c6,0,,accepted_negative,
phenocam-keplerltar_2019_01_11_100105,phenocam::keplerltar_2019_01_11_100105,phenocam,keplerltar_2019_01_11_100105,keplerltar,keplerltar,2019-01-11T10:01:05,phenocam:keplerltar:2019-01-11,negative,train,images/train/phenocam-keplerltar_2019_01_11_100105.jpg,,public_v2,354a2c75caa8263d0a19fd2cbbaad28c5bffd12ddca364ee448ad09491ed7361,bb254d49643abf889368aaced8477feac9eebae5e8fa2aff6d3a387c6628ff3a,919b87a2a6a6a7a6,0,,accepted_negative,
phenocam-keplerltar_2019_01_23_115032,phenocam::keplerltar_2019_01_23_115032,phenocam,keplerltar_2019_01_23_115032,keplerltar,keplerltar,2019-01-23T11:50:32,phenocam:keplerltar:2019-01-23,negative,train,images/train/phenocam-keplerltar_2019_01_23_115032.jpg,,public_v2,6f871ee2780d025f42b2118299ff3fbacef8d43c1ad38dd7de2f265421f63191,906f5b7b291c11957be8b315afa8627c81f7b453c6c6cb86d5f1e44c50b1c34a,d47e7e37858580d2,0,,accepted_negative,
phenocam-keplerltar_2019_01_28_083106,phenocam::keplerltar_2019_01_28_083106,phenocam,keplerltar_2019_01_28_083106,keplerltar,keplerltar,2019-01-28T08:31:06,phenocam:keplerltar:2019-01-28,negative,train,images/train/phenocam-keplerltar_2019_01_28_083106.jpg,,public_v2,64fef8d6d36f9f742a3f11fe985cc7eb295830d7f5b4cde39e1bdab52e912abb,156aeaac22d68f5d863290720e0b218ba50582708e378590788ffc3526b62726,c3c307878383b7b6,0,,accepted_negative,
phenocam-keplerltar_2019_01_29_113105,phenocam::keplerltar_2019_01_29_113105,phenocam,keplerltar_2019_01_29_113105,keplerltar,keplerltar,2019-01-29T11:31:05,phenocam:keplerltar:2019-01-29,negative,train,images/train/phenocam-keplerltar_2019_01_29_113105.jpg,,public_v2,8d976756810acdf0720d944603026b4cfe98562a19d1b4c9e329b4ba468a45ca,a09747c362f31826cf2b3ae8e7573836c5922f5e13e122aa8c249f22ac46880e,d53e3e268280d6f6,0,,accepted_negative,
phenocam-keplerltar_2019_01_29_120109,phenocam::keplerltar_2019_01_29_120109,phenocam,keplerltar_2019_01_29_120109,keplerltar,keplerltar,2019-01-29T12:01:09,phenocam:keplerltar:2019-01-29,negative,train,images/train/phenocam-keplerltar_2019_01_29_120109.jpg,,public_v2,aaa5e2591ea6b3cb052345af9ebecfa946e136009b00ac688a165f3dec294fb0,d8628055db9955e3e3f07dfd8d18bf9c158f556083f4db7af07e65e46c188775,d53e3e268080d7f6,0,,accepted_negative,
phenocam-keplerltar_2019_01_29_130106,phenocam::keplerltar_2019_01_29_130106,phenocam,keplerltar_2019_01_29_130106,keplerltar,keplerltar,2019-01-29T13:01:06,phenocam:keplerltar:2019-01-29,negative,train,images/train/phenocam-keplerltar_2019_01_29_130106.jpg,,public_v2,3e95642adc418b674035438bc17721333a9d5f8ce921dab579f1fd3f05d335d0,393bd7bd0cdcc515c51bdee1359bc40959ce6a2fb80f886b13000e56994d3a7c,d57e7e748080c4f6,0,,accepted_negative,
phenocam-keplerltar_2019_01_29_133106,phenocam::keplerltar_2019_01_29_133106,phenocam,keplerltar_2019_01_29_133106,keplerltar,keplerltar,2019-01-29T13:31:06,phenocam:keplerltar:2019-01-29,negative,train,images/train/phenocam-keplerltar_2019_01_29_133106.jpg,,public_v2,6f378aa30421fb570d06f103080235ee28424695347ebd7ee146a956b7eea724,6eb55e907b624bcbc656855a04cc467b019a221422f7437c67fdc81396229d6c,d47e7e35858190f2,0,,accepted_negative,
phenocam-laurentides_2014_03_11_080032,phenocam::laurentides_2014_03_11_080032,phenocam,laurentides_2014_03_11_080032,laurentides,laurentides,2014-03-11T08:00:32,phenocam:laurentides:2014-03-11,negative,train,images/train/phenocam-laurentides_2014_03_11_080032.jpg,,public_v2,e4e66fa75e9ba18af0d7d82b2f1a075be1c784460b2fe00c917fd7f8b485b402,23e00e0f9d1740ab9756c937e9d5c5ba1ee95c298b05fcc8296863b46020949f,8fe7b4dc693058a8,0,,accepted_negative,
phenocam-laurentides_2014_03_13_090037,phenocam::laurentides_2014_03_13_090037,phenocam,laurentides_2014_03_13_090037,laurentides,laurentides,2014-03-13T09:00:37,phenocam:laurentides:2014-03-13,negative,train,images/train/phenocam-laurentides_2014_03_13_090037.jpg,,public_v2,511c257fd1b7c9c4f1b189b520de475651710458a979d367f3ec2dd473ed3fda,3c2b9a353f84b785705f09c5304bf1218c15f74078d3d0569b54a7276a2a242c,8be7b45c6c306b89,0,,accepted_negative,
phenocam-laurentides_2014_03_13_140042,phenocam::laurentides_2014_03_13_140042,phenocam,laurentides_2014_03_13_140042,laurentides,laurentides,2014-03-13T14:00:42,phenocam:laurentides:2014-03-13,negative,train,images/train/phenocam-laurentides_2014_03_13_140042.jpg,,public_v2,855f59f2d7035e00728586fc49ae874d59d5af733cf7d139c062f5c497522c6e,a6f358d6f110b0a0f19bb8a0d25dd2de43e022ab19b0ad88ab4cddea6fb6fd92,8e69b4d976a1528d,0,,accepted_negative,
phenocam-laurentides_2014_03_17_110040,phenocam::laurentides_2014_03_17_110040,phenocam,laurentides_2014_03_17_110040,laurentides,laurentides,2014-03-17T11:00:40,phenocam:laurentides:2014-03-17,negative,train,images/train/phenocam-laurentides_2014_03_17_110040.jpg,,public_v2,b243abffc2a41264ea6d2a9b55e771ebcc79d39579267a991567ea321ee067fb,3302352ad050ca47e1b19e088e3c53c8d23db5f954bea005df8d2ac515c9887f,8b67b45a5d305b89,0,,accepted_negative,
phenocam-luckyhills_2013_05_24_112700,phenocam::luckyhills_2013_05_24_112700,phenocam,luckyhills_2013_05_24_112700,luckyhills,luckyhills,2013-05-24T11:27:00,phenocam:luckyhills:2013-05-24,negative,train,images/train/phenocam-luckyhills_2013_05_24_112700.jpg,,public_v2,c163b46c480b6c485aa719f54a068fa5ca5c7ab5af023fd9983d9dd1ddbfa135,4e15b10c031cb8034ffe67e87b0ed3efecd04c21a8ff4077406016e97d0db491,8b34caa1fbb0c4d9,0,,accepted_negative,
phenocam-luckyhills_2013_05_27_105702,phenocam::luckyhills_2013_05_27_105702,phenocam,luckyhills_2013_05_27_105702,luckyhills,luckyhills,2013-05-27T10:57:02,phenocam:luckyhills:2013-05-27,positive,train,images/train/phenocam-luckyhills_2013_05_27_105702.jpg,labels/train/phenocam-luckyhills_2013_05_27_105702.txt,public_v2,77a02a25c499b0a905de38804d625dae4e6f8a7e3b0deda9276542d1a6889efe,bf2b126e453385c52a7d86b7ab02b84b18743bd7e91df428fef4a021e2295bc3,8b34caa5bb90d4d9,2,car;person,complete,
phenocam-luckyhills_2013_05_27_142703,phenocam::luckyhills_2013_05_27_142703,phenocam,luckyhills_2013_05_27_142703,luckyhills,luckyhills,2013-05-27T14:27:03,phenocam:luckyhills:2013-05-27,negative,train,images/train/phenocam-luckyhills_2013_05_27_142703.jpg,,public_v2,38a06f7ba579d9a69248110cf3ef169e5afdb29e1dafe389580f9ba9f3193f5e,73a8f6ff966f0eabcb8ae31214865f1f3586b7f5859a3802a1b0347f4f1ebca1,8bbc8aa5bb82949b,0,,accepted_negative,
phenocam-luckyhills_2013_05_30_155705,phenocam::luckyhills_2013_05_30_155705,phenocam,luckyhills_2013_05_30_155705,luckyhills,luckyhills,2013-05-30T15:57:05,phenocam:luckyhills:2013-05-30,negative,train,images/train/phenocam-luckyhills_2013_05_30_155705.jpg,,public_v2,691f24830e065fb01a70fd9bf36550148145d2526864bb8a6ff959de8f04f44f,6238feb3c1cd944148a59852b6e31bc5548eba63b9a98b7d65ea5a5d7f90191a,8b74caa5fb80c4d3,0,,accepted_negative,
phenocam-mammothcave_2010_06_16_060100,phenocam::mammothcave_2010_06_16_060100,phenocam,mammothcave_2010_06_16_060100,mammothcave,mammothcave,2010-06-16T06:01:00,phenocam:mammothcave:2010-06-16,negative,train,images/train/phenocam-mammothcave_2010_06_16_060100.jpg,,public_v2,a45aa58344d692d5711b95393fb1ff86b3487cba2e7fbb9b70998cd4e2627c62,50be9a601464596c3d39c884466d7c75576db946255bce6573950569f5499bfa,d0da5f5a5254f22a,0,,accepted_negative,
phenocam-mammothcave_2010_06_21_160200,phenocam::mammothcave_2010_06_21_160200,phenocam,mammothcave_2010_06_21_160200,mammothcave,mammothcave,2010-06-21T16:02:00,phenocam:mammothcave:2010-06-21,negative,train,images/train/phenocam-mammothcave_2010_06_21_160200.jpg,,public_v2,9c01d80e1b9122894f9bf8b91aae35072c653997fb0d244f954b4838305f0a79,ae07f6a19d832aa89e8286356f601569f91894326a7c2f21630fc7c5483e2c9f,c1d6fa7a5717c060,0,,accepted_negative,
phenocam-mammothcave_2010_06_26_110100,phenocam::mammothcave_2010_06_26_110100,phenocam,mammothcave_2010_06_26_110100,mammothcave,mammothcave,2010-06-26T11:01:00,phenocam:mammothcave:2010-06-26,negative,train,images/train/phenocam-mammothcave_2010_06_26_110100.jpg,,public_v2,0bbe00af3efa14e992c3275a75c6a5401773ee769ee5d1a93b75be7263d500f7,3e720052cb33aadc93b25be84cd60034d3b02e69613334cdc999a6d888a626bf,95dad15a5655d2e0,0,,accepted_negative,
phenocam-mammothcave_2010_06_27_140100,phenocam::mammothcave_2010_06_27_140100,phenocam,mammothcave_2010_06_27_140100,mammothcave,mammothcave,2010-06-27T14:01:00,phenocam:mammothcave:2010-06-27,negative,train,images/train/phenocam-mammothcave_2010_06_27_140100.jpg,,public_v2,cdd12afd49619b31549a700c410f8103df4207c6cd0265a850be28b9dc46514b,99fb502f53ec0b17079b33ec0d740e5b7c74fd2eae0c5f3a8a9962570e747df1,80d6f27e570785e1,0,,accepted_negative,
phenocam-mammothcave_2010_06_28_080100,phenocam::mammothcave_2010_06_28_080100,phenocam,mammothcave_2010_06_28_080100,mammothcave,mammothcave,2010-06-28T08:01:00,phenocam:mammothcave:2010-06-28,negative,train,images/train/phenocam-mammothcave_2010_06_28_080100.jpg,,public_v2,325f6678e2a06e623f1af4cbd1e3b5d7bdc77e8f8462b4dc5a754ca50ca19979,96e1acd3c7745553c73c794707d08e8df0b1a97bc671e0e0b0a7a183a38edfbe,d4dadf5a5a55c028,0,,accepted_negative,
phenocam-mammothcave_2010_06_30_060000,phenocam::mammothcave_2010_06_30_060000,phenocam,mammothcave_2010_06_30_060000,mammothcave,mammothcave,2010-06-30T06:00:00,phenocam:mammothcave:2010-06-30,negative,train,images/train/phenocam-mammothcave_2010_06_30_060000.jpg,,public_v2,21c2279c261f56b75cd7f0fa3300b6e17b3376d588f375e3a95ed58c16d33a22,878cddc1e37d849a2e1005c77b80f1115350fb3b6bc0197f9c33cfef1e2f7ea9,d1dada5a5355d068,0,,accepted_negative,
phenocam-marena_2018_06_06_080001,phenocam::marena_2018_06_06_080001,phenocam,marena_2018_06_06_080001,marena,marena,2018-06-06T08:00:01,phenocam:marena:2018-06-06,negative,val,images/val/phenocam-marena_2018_06_06_080001.jpg,,public_v2,65a49266999b0506e1387fe682b4eadbaef8925e12c5b2105d80d8ddbd57ed65,0dfdde0ea2676e77e8d9dea5712198486bc04d75eec44af8fa4f01a677f4e0d8,8291a3b3b3a1b793,0,,accepted_negative,
phenocam-marena_2018_06_10_140001,phenocam::marena_2018_06_10_140001,phenocam,marena_2018_06_10_140001,marena,marena,2018-06-10T14:00:01,phenocam:marena:2018-06-10,negative,val,images/val/phenocam-marena_2018_06_10_140001.jpg,,public_v2,b38e7b3f6b27f8e02178cca0c0806ba7e23e63e518602faae45a49e0a30c9b59,50b8e0ae3a67829df05fc05e85432c4d728920a4c04aa03cdd2c88f480572416,81a3a3bba1919b97,0,,accepted_negative,
phenocam-morganmonroe_2019_05_09_202810,phenocam::morganmonroe_2019_05_09_202810,phenocam,morganmonroe_2019_05_09_202810,morganmonroe,morganmonroe,2019-05-09T20:28:10,phenocam:morganmonroe:2019-05-09,negative,train,images/train/phenocam-morganmonroe_2019_05_09_202810.jpg,,public_v2,3aae2cab660d5cf6d4d9151bc5c9e7cffc0785a55d28643e573536e78e5a6e1c,69c30acf45b19862f2faa038aeb1a22222e570d79ab4df9058c78dd31d815f73,c6e6c4c6c4e6e4c6,0,,accepted_negative,
phenocam-morganmonroe_2019_05_12_143137,phenocam::morganmonroe_2019_05_12_143137,phenocam,morganmonroe_2019_05_12_143137,morganmonroe,morganmonroe,2019-05-12T14:31:37,phenocam:morganmonroe:2019-05-12,negative,train,images/train/phenocam-morganmonroe_2019_05_12_143137.jpg,,public_v2,2dc94e19dfc70df3630296f8e20a865621070300bc707e621704f377b5becdc3,1964bb9b8288c210ab67d48c8a995e611d0b74a1d6674d7aeed1c5554d47173c,f5b399939a143139,0,,accepted_negative,
phenocam-morganmonroe_2019_05_14_114335,phenocam::morganmonroe_2019_05_14_114335,phenocam,morganmonroe_2019_05_14_114335,morganmonroe,morganmonroe,2019-05-14T11:43:35,phenocam:morganmonroe:2019-05-14,negative,train,images/train/phenocam-morganmonroe_2019_05_14_114335.jpg,,public_v2,a71290af7274cef14c12e0cf06681d82832c59cc53e3f51546cb456a19a25e62,73b018ac51c3b06a492c4ea848a9fdbc2418fd75e9b3d0fc8bb8bde891305ec5,fdf6899199113139,0,,accepted_negative,
phenocam-morganmonroe_2019_05_18_063138,phenocam::morganmonroe_2019_05_18_063138,phenocam,morganmonroe_2019_05_18_063138,morganmonroe,morganmonroe,2019-05-18T06:31:38,phenocam:morganmonroe:2019-05-18,negative,train,images/train/phenocam-morganmonroe_2019_05_18_063138.jpg,,public_v2,0db5950141e0fd675a88400aea8691bbb117b561f3e079ba90ee1d2a15eb8d8d,a743e840d51672250d11394a096cfb160c5a40c98d6ef0d43757ef3a11c8d4d6,99b29993991d1379,0,,accepted_negative,
phenocam-morganmonroe_2019_05_19_093859,phenocam::morganmonroe_2019_05_19_093859,phenocam,morganmonroe_2019_05_19_093859,morganmonroe,morganmonroe,2019-05-19T09:38:59,phenocam:morganmonroe:2019-05-19,negative,train,images/train/phenocam-morganmonroe_2019_05_19_093859.jpg,,public_v2,0b67768fa17c2af732133a4fd041faa09c1d843ebeee726ed840c3e3709fbdd0,943e9f3f443b4cd30d88c88e809a6081588d18d874abcfb651151e9ddbdc1767,c1d29997991d3939,0,,accepted_negative,
phenocam-nahuku_2022_05_02_203005,phenocam::nahuku_2022_05_02_203005,phenocam,nahuku_2022_05_02_203005,nahuku,nahuku,2022-05-02T20:30:05,phenocam:nahuku:2022-05-02,negative,train,images/train/phenocam-nahuku_2022_05_02_203005.jpg,,public_v2,6ba6cfbae5725a0289ccc7b23ff847680810c3f41d42175a15b90dfaffce5956,625fc8d75be6f316357351c8f970b8c58a9339055472632f9e202f66d49e3e62,f8f8f8f8e8c8c8c0,0,,accepted_negative,
phenocam-nahuku_2022_05_02_223005,phenocam::nahuku_2022_05_02_223005,phenocam,nahuku_2022_05_02_223005,nahuku,nahuku,2022-05-02T22:30:05,phenocam:nahuku:2022-05-02,negative,train,images/train/phenocam-nahuku_2022_05_02_223005.jpg,,public_v2,d1b19db8d1b8490c841565b04d68aa0ae6ed2e4143da847430c760881d5fa7eb,a2a9f81f60c50547e09c0bee84c75c6585020714e46474b7d9fbc1dd63386df4,f8f8f8f8e8c8c8c0,0,,accepted_negative,
phenocam-nahuku_2022_05_04_163006,phenocam::nahuku_2022_05_04_163006,phenocam,nahuku_2022_05_04_163006,nahuku,nahuku,2022-05-04T16:30:06,phenocam:nahuku:2022-05-04,negative,train,images/train/phenocam-nahuku_2022_05_04_163006.jpg,,public_v2,4bde7f56d23454e17ba6a3252e2d159ca34d80d2ac6454193cbbd8a7ddf41887,c5ac780285de0150841cdef7ca0266cd56f1109242ad50a3bccf2c798e62c786,87b687870616173f,0,,accepted_negative,
phenocam-nationalcapital_2017_06_02_170102,phenocam::nationalcapital_2017_06_02_170102,phenocam,nationalcapital_2017_06_02_170102,nationalcapital,nationalcapital,2017-06-02T17:01:02,phenocam:nationalcapital:2017-06-02,positive,train,images/train/phenocam-nationalcapital_2017_06_02_170102.jpg,labels/train/phenocam-nationalcapital_2017_06_02_170102.txt,public_v2,b8c698e791405ca2838b293a7af6b66a6545d36f61abc30d712928bcd37025b2,a16b151bafcb115d3e17a1a4446a42ffb427d74b3e7c63dd8effa3a3d9fedb63,94eb176895631e6c,10,car;truck,complete,
phenocam-nationalcapital_2017_06_03_120119,phenocam::nationalcapital_2017_06_03_120119,phenocam,nationalcapital_2017_06_03_120119,nationalcapital,nationalcapital,2017-06-03T12:01:19,phenocam:nationalcapital:2017-06-03,negative,train,images/train/phenocam-nationalcapital_2017_06_03_120119.jpg,,public_v2,65e081384b3cc75f6f483bc525c0e17f97791ff4fc137be6d2ebd2ffa89ddcf0,f7c41ed055e80774061a0461b29c3e1ca4673df7eda7f1f71eb638639647f989,0000000000000000,0,,accepted_negative,
phenocam-nationalcapital_2017_06_04_180104,phenocam::nationalcapital_2017_06_04_180104,phenocam,nationalcapital_2017_06_04_180104,nationalcapital,nationalcapital,2017-06-04T18:01:04,phenocam:nationalcapital:2017-06-04,positive,train,images/train/phenocam-nationalcapital_2017_06_04_180104.jpg,labels/train/phenocam-nationalcapital_2017_06_04_180104.txt,public_v2,3b5c65e122d7271866eee00ea08c74456e80d7b03ef85db989ad26780d6a1fee,80c82c3486dd96c5e5304e5d77175839bea7e8c4d7fb8748a94397416636a0c9,d4eb134c95631c6d,9,car,complete,
phenocam-nationalcapital_2017_06_06_190112,phenocam::nationalcapital_2017_06_06_190112,phenocam,nationalcapital_2017_06_06_190112,nationalcapital,nationalcapital,2017-06-06T19:01:12,phenocam:nationalcapital:2017-06-06,positive,train,images/train/phenocam-nationalcapital_2017_06_06_190112.jpg,labels/train/phenocam-nationalcapital_2017_06_06_190112.txt,public_v2,8d99d79cbbde7fb8bcbf71e867a3f451947863f42118c0c3667a783d8398d4c7,0cc05982fab447afbe6afa2c40c6619081dffd2fd9ba3d7ddb3753b6551464d9,9cc7631c86e31ce5,4,car,complete,
phenocam-nationalcapital_2017_06_21_160224,phenocam::nationalcapital_2017_06_21_160224,phenocam,nationalcapital_2017_06_21_160224,nationalcapital,nationalcapital,2017-06-21T16:02:24,phenocam:nationalcapital:2017-06-21,positive,train,images/train/phenocam-nationalcapital_2017_06_21_160224.jpg,labels/train/phenocam-nationalcapital_2017_06_21_160224.txt,public_v2,c47995df35068e5b962ef6f53ebde06eb0746398c632642900f4694a524f1a5e,a962c85bd857d111fef6e88803478dab1161c78a5cd54bfef695592ac3e52475,d4eb126c95611e7c,14,car;truck,complete,
phenocam-nationalcapital_2017_06_24_060011,phenocam::nationalcapital_2017_06_24_060011,phenocam,nationalcapital_2017_06_24_060011,nationalcapital,nationalcapital,2017-06-24T06:00:11,phenocam:nationalcapital:2017-06-24,negative,train,images/train/phenocam-nationalcapital_2017_06_24_060011.jpg,,public_v2,976e426b0881db6ad565ebc79a0e706a4034c54a109661c2ee67f695966f51ac,1f1d2d94b3a2818cae9be0dde173ab0c9014f4ec7385bd76a05f34c7c4c0de8e,ceba7f40b581c037,0,,accepted_negative,
phenocam-nationalcapital_2017_06_29_110116,phenocam::nationalcapital_2017_06_29_110116,phenocam,nationalcapital_2017_06_29_110116,nationalcapital,nationalcapital,2017-06-29T11:01:16,phenocam:nationalcapital:2017-06-29,positive,train,images/train/phenocam-nationalcapital_2017_06_29_110116.jpg,labels/train/phenocam-nationalcapital_2017_06_29_110116.txt,public_v2,33f65932f468b9b3571ae20e7a7278e633a6774de87e9083b023005d2f7a7605,a438ee12d25c7879cf973022098ba8d5b0ebacbfb8b0655177ba8c11ef2a373f,94ab156897e31c67,6,car,complete,
phenocam-neon.d02.serc.dp1.00033_2017_06_29_170005,phenocam::NEON.D02.SERC.DP1.00033_2017_06_29_170005,phenocam,NEON.D02.SERC.DP1.00033_2017_06_29_170005,NEON.D02.SERC.DP1.00033,NEON.D02.SERC.DP1.00033,2017-06-29T17:00:05,phenocam:NEON.D02.SERC.DP1.00033:2017-06-29,negative,train,images/train/phenocam-neon.d02.serc.dp1.00033_2017_06_29_170005.jpg,,public_v2,a78d73db7a51acb1e0a5de14328369e32f759019fae358d3e1e7b79cc12f6d19,f0371171d1f02ca6a11b5625e7f42b71082acc28d58f981d13fdb451b5c39c53,9ca38c91b7a5ac8e,0,,accepted_negative,
phenocam-neon.d02.serc.dp1.00033_2017_06_29_180006,phenocam::NEON.D02.SERC.DP1.00033_2017_06_29_180006,phenocam,NEON.D02.SERC.DP1.00033_2017_06_29_180006,NEON.D02.SERC.DP1.00033,NEON.D02.SERC.DP1.00033,2017-06-29T18:00:06,phenocam:NEON.D02.SERC.DP1.00033:2017-06-29,negative,train,images/train/phenocam-neon.d02.serc.dp1.00033_2017_06_29_180006.jpg,,public_v2,d8a06cd5ea96b73f1c90df87d32401b27e774df5ec59c5e3125787d7f73f4206,9c2b1e0a7268d1b71faac0249a1f39bbae93773868c5b742e028935d813261b3,9da28c91b6adac2e,0,,accepted_negative,
phenocam-neon.d02.serc.dp1.00033_2017_06_29_200005,phenocam::NEON.D02.SERC.DP1.00033_2017_06_29_200005,phenocam,NEON.D02.SERC.DP1.00033_2017_06_29_200005,NEON.D02.SERC.DP1.00033,NEON.D02.SERC.DP1.00033,2017-06-29T20:00:05,phenocam:NEON.D02.SERC.DP1.00033:2017-06-29,negative,train,images/train/phenocam-neon.d02.serc.dp1.00033_2017_06_29_200005.jpg,,public_v2,f54c9382ab8532d4365ff5ac38d29d1efbfd4fa1916ef0559fd02bb1c350f307,28ac85e7d23881b213f4104b95b7869d24e36747b9306fd39f6158de385ebdb0,9cb39c939487878e,0,,accepted_negative,
phenocam-neon.d12.yell.dp1.00033_2020_05_01_070005,phenocam::NEON.D12.YELL.DP1.00033_2020_05_01_070005,phenocam,NEON.D12.YELL.DP1.00033_2020_05_01_070005,NEON.D12.YELL.DP1.00033,NEON.D12.YELL.DP1.00033,2020-05-01T07:00:05,phenocam:NEON.D12.YELL.DP1.00033:2020-05-01,negative,train,images/train/phenocam-neon.d12.yell.dp1.00033_2020_05_01_070005.jpg,,public_v2,609106aabc529f78e0ef584af4385caa6493c8c8788b72d0cc6b4503f7def13c,30266bf32b92a79c60847fb6a1c62c21e28cd9f4a07d5723c938d8e595ad7ade,9487b6294526573f,0,,accepted_negative,
phenocam-neon.d12.yell.dp1.00033_2020_05_16_123005,phenocam::NEON.D12.YELL.DP1.00033_2020_05_16_123005,phenocam,NEON.D12.YELL.DP1.00033_2020_05_16_123005,NEON.D12.YELL.DP1.00033,NEON.D12.YELL.DP1.00033,2020-05-16T12:30:05,phenocam:NEON.D12.YELL.DP1.00033:2020-05-16,negative,train,images/train/phenocam-neon.d12.yell.dp1.00033_2020_05_16_123005.jpg,,public_v2,883c97de73136cdfadcc92916319e833cde649f862b981dbfa5c97128b3973e8,67fb2ea0ae5f9e15d84a9bfaacaba811438a7336e178f97bf4cb4703b03d18d5,9685a3b60f05363f,0,,accepted_negative,
phenocam-neon.d12.yell.dp1.00033_2020_05_22_173006,phenocam::NEON.D12.YELL.DP1.00033_2020_05_22_173006,phenocam,NEON.D12.YELL.DP1.00033_2020_05_22_173006,NEON.D12.YELL.DP1.00033,NEON.D12.YELL.DP1.00033,2020-05-22T17:30:06,phenocam:NEON.D12.YELL.DP1.00033:2020-05-22,negative,train,images/train/phenocam-neon.d12.yell.dp1.00033_2020_05_22_173006.jpg,,public_v2,d64f65c2254f5ead70943a928513329f0063bb89d1d8cee214f1096b4dd62b46,ff694a0a5beeef88b05fe82ee6e9a0405597f73b4bcf737eeb522e03a32d8152,9487a33e0f0716b7,0,,accepted_negative,
phenocam-neon.d12.yell.dp1.00033_2020_05_23_160006,phenocam::NEON.D12.YELL.DP1.00033_2020_05_23_160006,phenocam,NEON.D12.YELL.DP1.00033_2020_05_23_160006,NEON.D12.YELL.DP1.00033,NEON.D12.YELL.DP1.00033,2020-05-23T16:00:06,phenocam:NEON.D12.YELL.DP1.00033:2020-05-23,negative,train,images/train/phenocam-neon.d12.yell.dp1.00033_2020_05_23_160006.jpg,,public_v2,1e883956522d4ee1c2fec821ecb4ac4d742b621dc5271139a070ccdd65b06f7a,92ade93627760131ce331df6db9a4e1ab9069c468062295bff0f226406411e2e,9e818a360d6716bf,0,,accepted_negative,
phenocam-neon.d12.yell.dp1.00033_2020_05_31_190006,phenocam::NEON.D12.YELL.DP1.00033_2020_05_31_190006,phenocam,NEON.D12.YELL.DP1.00033_2020_05_31_190006,NEON.D12.YELL.DP1.00033,NEON.D12.YELL.DP1.00033,2020-05-31T19:00:06,phenocam:NEON.D12.YELL.DP1.00033:2020-05-31,negative,train,images/train/phenocam-neon.d12.yell.dp1.00033_2020_05_31_190006.jpg,,public_v2,4f13fb0c0b85222cd328127d8b6d7dd0b202f25e5d2a8cabb77927611133424f,5bcad2695d8c6521d26695a7dbc820dc27ea10556387604d275025cb2cc2fbca,c5b3ae8d2d02363d,0,,accepted_negative,
phenocam-neon.d12.yell.dp1.00042_2020_05_12_043006,phenocam::NEON.D12.YELL.DP1.00042_2020_05_12_043006,phenocam,NEON.D12.YELL.DP1.00042_2020_05_12_043006,NEON.D12.YELL.DP1.00042,NEON.D12.YELL.DP1.00042,2020-05-12T04:30:06,phenocam:NEON.D12.YELL.DP1.00042:2020-05-12,negative,train,images/train/phenocam-neon.d12.yell.dp1.00042_2020_05_12_043006.jpg,,public_v2,167a1f5e9e1b836e512553d0fdba72a19e2b08f2e9b66663cc2bad542a3d85ad,08d6ce72e6f693c1686a66a6507f298e3a20e55d13a48e0bfaae364754da3966,d6d0d8f8f9e8c0c8,0,,accepted_negative,
phenocam-neon.d12.yell.dp1.00042_2020_05_13_043005,phenocam::NEON.D12.YELL.DP1.00042_2020_05_13_043005,phenocam,NEON.D12.YELL.DP1.00042_2020_05_13_043005,NEON.D12.YELL.DP1.00042,NEON.D12.YELL.DP1.00042,2020-05-13T04:30:05,phenocam:NEON.D12.YELL.DP1.00042:2020-05-13,negative,train,images/train/phenocam-neon.d12.yell.dp1.00042_2020_05_13_043005.jpg,,public_v2,f696efc3f95e27637d058d91dcfd3a5bf2684f82e9e2185f77fa1f247fd33a78,c41f263e72dd107c4a72e04bf50d5f36a6a636a6c374368964000c066ea11a6c,d69058f8fdecc0c8,0,,accepted_negative,
phenocam-neon.d12.yell.dp1.00042_2020_05_13_053006,phenocam::NEON.D12.YELL.DP1.00042_2020_05_13_053006,phenocam,NEON.D12.YELL.DP1.00042_2020_05_13_053006,NEON.D12.YELL.DP1.00042,NEON.D12.YELL.DP1.00042,2020-05-13T05:30:06,phenocam:NEON.D12.YELL.DP1.00042:2020-05-13,negative,train,images/train/phenocam-neon.d12.yell.dp1.00042_2020_05_13_053006.jpg,,public_v2,3aa3311328c7a81cfc5ea02b74aa41d32e5e334a21700746f980ff1ca4cb2c77,781c2bb2be76cc1beffe08d3466202bfca77fd6efd5993f5b9ca2422e61a7b52,c61151e1bd6f7a48,0,,accepted_negative,
phenocam-neon.d12.yell.dp1.00042_2020_05_19_133005,phenocam::NEON.D12.YELL.DP1.00042_2020_05_19_133005,phenocam,NEON.D12.YELL.DP1.00042_2020_05_19_133005,NEON.D12.YELL.DP1.00042,NEON.D12.YELL.DP1.00042,2020-05-19T13:30:05,phenocam:NEON.D12.YELL.DP1.00042:2020-05-19,negative,train,images/train/phenocam-neon.d12.yell.dp1.00042_2020_05_19_133005.jpg,,public_v2,f4a4f90e218b7680f65b19ee577e088ea5fe8465e7243a9ae3c39f5233d00267,89655eb32f0283932596943fc29e7ed3ae54d96060cd5a28c6e81dac7c65c880,b7c04978253fa6aa,0,,accepted_negative,
phenocam-neon.d12.yell.dp1.00042_2020_05_22_093006,phenocam::NEON.D12.YELL.DP1.00042_2020_05_22_093006,phenocam,NEON.D12.YELL.DP1.00042_2020_05_22_093006,NEON.D12.YELL.DP1.00042,NEON.D12.YELL.DP1.00042,2020-05-22T09:30:06,phenocam:NEON.D12.YELL.DP1.00042:2020-05-22,negative,train,images/train/phenocam-neon.d12.yell.dp1.00042_2020_05_22_093006.jpg,,public_v2,cd193e4e46f6de8d8f5333e7ad79a5aafef917ca0aa5fa947e857fe1055052ac,490350c5bd6353deff968114a7767ea84fa7a64cba369160baa2ffafad178969,c61d59e4957663c8,0,,accepted_negative,
phenocam-neon.d12.yell.dp1.00042_2020_05_23_080005,phenocam::NEON.D12.YELL.DP1.00042_2020_05_23_080005,phenocam,NEON.D12.YELL.DP1.00042_2020_05_23_080005,NEON.D12.YELL.DP1.00042,NEON.D12.YELL.DP1.00042,2020-05-23T08:00:05,phenocam:NEON.D12.YELL.DP1.00042:2020-05-23,negative,train,images/train/phenocam-neon.d12.yell.dp1.00042_2020_05_23_080005.jpg,,public_v2,7b85ef90d0dbb25705026e42e29d3f2ed8769d8ffe0a4e207668cc172bff36ba,798a0330261dabdcc8ea500d29deb6bf04d2ad3ba77233fe0686a38aa6b3954d,c63b5960bf3fa0c0,0,,accepted_negative,
phenocam-neon.d12.yell.dp1.00042_2020_05_23_163006,phenocam::NEON.D12.YELL.DP1.00042_2020_05_23_163006,phenocam,NEON.D12.YELL.DP1.00042_2020_05_23_163006,NEON.D12.YELL.DP1.00042,NEON.D12.YELL.DP1.00042,2020-05-23T16:30:06,phenocam:NEON.D12.YELL.DP1.00042:2020-05-23,negative,train,images/train/phenocam-neon.d12.yell.dp1.00042_2020_05_23_163006.jpg,,public_v2,6c6cfd5cad61cf00040997aa6e9ba4e0f789ac841f8213162f8aa53739224a00,e68066a8b53c19e633361813049504565c62b31c81470705f0681d7dffdc19a0,863959e0afbfe0c0,0,,accepted_negative,
phenocam-neon.d18.barr.dp1.00033_2018_02_04_093006,phenocam::NEON.D18.BARR.DP1.00033_2018_02_04_093006,phenocam,NEON.D18.BARR.DP1.00033_2018_02_04_093006,NEON.D18.BARR.DP1.00033,NEON.D18.BARR.DP1.00033,2018-02-04T09:30:06,phenocam:NEON.D18.BARR.DP1.00033:2018-02-04,negative,train,images/train/phenocam-neon.d18.barr.dp1.00033_2018_02_04_093006.jpg,,public_v2,765038be48d375ac8dd85db81b993ad4b7bd7798d725e80ba64cfff402781ebc,b4d0d6a52f0cbf1b3de927f2a7461c41d1d1effd4a90e7da187f2533e67036ef,d4a30c38639c73cf,0,,accepted_negative,
phenocam-neon.d18.barr.dp1.00033_2018_02_05_113005,phenocam::NEON.D18.BARR.DP1.00033_2018_02_05_113005,phenocam,NEON.D18.BARR.DP1.00033_2018_02_05_113005,NEON.D18.BARR.DP1.00033,NEON.D18.BARR.DP1.00033,2018-02-05T11:30:05,phenocam:NEON.D18.BARR.DP1.00033:2018-02-05,negative,train,images/train/phenocam-neon.d18.barr.dp1.00033_2018_02_05_113005.jpg,,public_v2,e8e23cdbb80eb9852c8bce9f7edc26efc8f25f481b5199bdd58087614e05d915,ae13cd9068218766ea6405156215008e01b69a73de96c393271411b082ce7350,95a707272717270f,0,,accepted_negative,
phenocam-neon.d18.barr.dp1.00033_2018_02_07_153006,phenocam::NEON.D18.BARR.DP1.00033_2018_02_07_153006,phenocam,NEON.D18.BARR.DP1.00033_2018_02_07_153006,NEON.D18.BARR.DP1.00033,NEON.D18.BARR.DP1.00033,2018-02-07T15:30:06,phenocam:NEON.D18.BARR.DP1.00033:2018-02-07,negative,train,images/train/phenocam-neon.d18.barr.dp1.00033_2018_02_07_153006.jpg,,public_v2,72a6f901db0ffb4af40e79cbf876b4ff97b8d5db9585d56a00bfab6ab526a7ca,04b4e760ec8e683cc29ffd27049583ef353c52f0581f8a7286002f4759981fb3,960dc70e6b063f47,0,,accepted_negative,
phenocam-neon.d18.barr.dp1.00033_2018_02_09_163006,phenocam::NEON.D18.BARR.DP1.00033_2018_02_09_163006,phenocam,NEON.D18.BARR.DP1.00033_2018_02_09_163006,NEON.D18.BARR.DP1.00033,NEON.D18.BARR.DP1.00033,2018-02-09T16:30:06,phenocam:NEON.D18.BARR.DP1.00033:2018-02-09,negative,train,images/train/phenocam-neon.d18.barr.dp1.00033_2018_02_09_163006.jpg,,public_v2,8df6ef988be72f76ab9925efdb8d1ba6fa00e6858f2494db69e83cd84a9abf0a,db01f1da80a404b3c3584c2a92e78b9a65d08b206af12a987bde75f1ad1cac94,d4071c073627373f,0,,accepted_negative,
phenocam-neon.d18.barr.dp1.00033_2018_02_12_140006,phenocam::NEON.D18.BARR.DP1.00033_2018_02_12_140006,phenocam,NEON.D18.BARR.DP1.00033_2018_02_12_140006,NEON.D18.BARR.DP1.00033,NEON.D18.BARR.DP1.00033,2018-02-12T14:00:06,phenocam:NEON.D18.BARR.DP1.00033:2018-02-12,negative,train,images/train/phenocam-neon.d18.barr.dp1.00033_2018_02_12_140006.jpg,,public_v2,898d4a7712d7f8615e96b9c4713ab6b8dfac226994dbf6ee20b038428f4a438b,2630a1b749b3c1dfe2caa5be43fa7ddb4d7a41742a804a5be631cc56617feb0e,83870f072727273f,0,,accepted_negative,
phenocam-neon.d18.barr.dp1.00033_2018_02_14_090005,phenocam::NEON.D18.BARR.DP1.00033_2018_02_14_090005,phenocam,NEON.D18.BARR.DP1.00033_2018_02_14_090005,NEON.D18.BARR.DP1.00033,NEON.D18.BARR.DP1.00033,2018-02-14T09:00:05,phenocam:NEON.D18.BARR.DP1.00033:2018-02-14,negative,train,images/train/phenocam-neon.d18.barr.dp1.00033_2018_02_14_090005.jpg,,public_v2,d08dcdcb107dff8222bddcc96e1f71d578579ef1fbf6a68a41ac40454aed8aa6,5e3d49296467d557c2cc586a9366c87c739a3aa91b15338547f5773991aa0d6d,d4a71c073c27373c,0,,accepted_negative,
phenocam-neon.d18.barr.dp1.00033_2018_02_21_090006,phenocam::NEON.D18.BARR.DP1.00033_2018_02_21_090006,phenocam,NEON.D18.BARR.DP1.00033_2018_02_21_090006,NEON.D18.BARR.DP1.00033,NEON.D18.BARR.DP1.00033,2018-02-21T09:00:06,phenocam:NEON.D18.BARR.DP1.00033:2018-02-21,negative,train,images/train/phenocam-neon.d18.barr.dp1.00033_2018_02_21_090006.jpg,,public_v2,32b26e073d6cefd877a232da5d973e877457d6b779884517cad80a05bbbeac1f,bb1a01a9ba63ab287c6e074bef044fd0d3bbb7e9d9c6514a7cb45d6f94ab433e,84a72f252707372f,0,,accepted_negative,
phenocam-nevcanspg1a_2020_07_01_000136,phenocam::nevcanspg1a_2020_07_01_000136,phenocam,nevcanspg1a_2020_07_01_000136,nevcanspg1a,nevcanspg1a,2020-07-01T00:01:36,phenocam:nevcanspg1a:2020-07-01,negative,train,images/train/phenocam-nevcanspg1a_2020_07_01_000136.jpg,,public_v2,92ae25b844810f98a92e7a7398799ab270cb60a1083da72b620119efbd327f8f,95c0b748dbc890e29f62530713e3c28bd075b095f27cd403b5372d7aa7167baa,f8f8f8f8d8c8c8c0,0,,accepted_negative,
phenocam-nevcanspg1a_2020_07_01_065706,phenocam::nevcanspg1a_2020_07_01_065706,phenocam,nevcanspg1a_2020_07_01_065706,nevcanspg1a,nevcanspg1a,2020-07-01T06:57:06,phenocam:nevcanspg1a:2020-07-01,negative,train,images/train/phenocam-nevcanspg1a_2020_07_01_065706.jpg,,public_v2,577d2abae953ca77148df39e85bf9d2747f6e27e2d46c9105804d5e2e36a8e05,54f7b7f0d994f4cddfee5255a13e76e772465a52b36d5beb9c02d0dc2747d8b5,c4cf38d26f11196e,0,,accepted_negative,
phenocam-nevcanspg2a_2018_06_29_135805,phenocam::nevcanspg2a_2018_06_29_135805,phenocam,nevcanspg2a_2018_06_29_135805,nevcanspg2a,nevcanspg2a,2018-06-29T13:58:05,phenocam:nevcanspg2a:2018-06-29,negative,train,images/train/phenocam-nevcanspg2a_2018_06_29_135805.jpg,,public_v2,42ddadb0903ce3333d8e378845a627b26d85c7f16abb1d6a3e55127edd6cd5e2,a31886efbfe031b94bf9cb5610b52558dd25a1bf5bc04ea763d0099c819d509c,d3e4c386971e3233,0,,accepted_negative,
phenocam-nevcanspg2a_2018_06_29_165805,phenocam::nevcanspg2a_2018_06_29_165805,phenocam,nevcanspg2a_2018_06_29_165805,nevcanspg2a,nevcanspg2a,2018-06-29T16:58:05,phenocam:nevcanspg2a:2018-06-29,negative,train,images/train/phenocam-nevcanspg2a_2018_06_29_165805.jpg,,public_v2,83700d0cc8533e5b16b0ecbaf01a1502c7664101c498a95eac7332ab692c35f3,31091ff4fde7265787d46e9da077ea18dcd6bdeff866cc813716f8615bfa57c1,e2edc38697373222,0,,accepted_negative,
phenocam-nevcanspg2a_2018_06_30_000136,phenocam::nevcanspg2a_2018_06_30_000136,phenocam,nevcanspg2a_2018_06_30_000136,nevcanspg2a,nevcanspg2a,2018-06-30T00:01:36,phenocam:nevcanspg2a:2018-06-30,negative,train,images/train/phenocam-nevcanspg2a_2018_06_30_000136.jpg,,public_v2,5d2a51b38ea026fa21cb43e2202c3ca550e4be9966703a0042640c072216768f,e6375bda1fab6317996e1633f7adc0ad16433abe0b4dc788c3ea1911b15ec1cb,f8f8f8f8c8c8c8c8,0,,accepted_negative,
phenocam-nevcanspg2a_2018_06_30_122806,phenocam::nevcanspg2a_2018_06_30_122806,phenocam,nevcanspg2a_2018_06_30_122806,nevcanspg2a,nevcanspg2a,2018-06-30T12:28:06,phenocam:nevcanspg2a:2018-06-30,negative,train,images/train/phenocam-nevcanspg2a_2018_06_30_122806.jpg,,public_v2,e56142619fea914f67e408ac8d5191225c58f5861e924e7696c5d321a3dc75fc,300b61e77fae9aef0d87f1c03650b544dbba4123ce77acc65ebd9e37720a9d6e,d3e489161f19363b,0,,accepted_negative,
phenocam-nevcanspg2a_2018_06_30_182805,phenocam::nevcanspg2a_2018_06_30_182805,phenocam,nevcanspg2a_2018_06_30_182805,nevcanspg2a,nevcanspg2a,2018-06-30T18:28:05,phenocam:nevcanspg2a:2018-06-30,negative,train,images/train/phenocam-nevcanspg2a_2018_06_30_182805.jpg,,public_v2,2d956325a8b95f62869357e22b0fe96ead1e965830f04d040053b1df73cc76ae,6d7cdaca4370d1795381a92f89ffbedb9effe6bbae815f42d9fd6b38ea587621,e2cd829e95b63326,0,,accepted_negative,
phenocam-nhshphighwayview_2019_06_05_110000,phenocam::nhshphighwayview_2019_06_05_110000,phenocam,nhshphighwayview_2019_06_05_110000,nhshphighwayview,nhshphighwayview,2019-06-05T11:00:00,phenocam:nhshphighwayview:2019-06-05,negative,train,images/train/phenocam-nhshphighwayview_2019_06_05_110000.jpg,,public_v2,54e50d290badd4de1dd7fb3a7cc06c96cd14de5d03811b2548a729f5101abf73,97dc655a094cc295b7483c3bfc88525187ea4c1827605d633fa5508b9e2f7fa8,ddc3bca67c431982,0,,accepted_negative,
phenocam-nhshphighwayview_2019_06_11_140000,phenocam::nhshphighwayview_2019_06_11_140000,phenocam,nhshphighwayview_2019_06_11_140000,nhshphighwayview,nhshphighwayview,2019-06-11T14:00:00,phenocam:nhshphighwayview:2019-06-11,negative,train,images/train/phenocam-nhshphighwayview_2019_06_11_140000.jpg,,public_v2,996ff82b4db90be2d0197ab782f872e47dfa65494809d2a4ebff4e2150e3ede2,8ba9efe4ab83b5186d01da920b3e8181e875bb939e3a55354fc2977ff44262b8,dc83bca2754b19d2,0,,accepted_negative,
phenocam-nhshphighwayview_2019_06_13_140000,phenocam::nhshphighwayview_2019_06_13_140000,phenocam,nhshphighwayview_2019_06_13_140000,nhshphighwayview,nhshphighwayview,2019-06-13T14:00:00,phenocam:nhshphighwayview:2019-06-13,negative,train,images/train/phenocam-nhshphighwayview_2019_06_13_140000.jpg,,public_v2,546b05852c222ac79f73ca12e9609bac3248a39b3f1d7dbc2ae7aaa89ff5a6ff,51d4bda4f290e1c29c0ae1f5a14cb7a914cc38fafea2f3fafac45e4286ea69d4,ccc3fca2700b1dd3,0,,accepted_negative,
phenocam-nphtin_2023_10_01_110600,phenocam::nphtin_2023_10_01_110600,phenocam,nphtin_2023_10_01_110600,nphtin,nphtin,2023-10-01T11:06:00,phenocam:nphtin:2023-10-01,negative,train,images/train/phenocam-nphtin_2023_10_01_110600.jpg,,public_v2,71a0a8662946c2805c15c589e0c9bec5ba1b811b8c87c99d424dd6efc7c441bb,e373ba3c9b9817239dba3456269e70c36558fe662bc08411796dcea40acf215e,954a2d5a357abc16,0,,accepted_negative,
phenocam-nphtin_2023_10_06_140700,phenocam::nphtin_2023_10_06_140700,phenocam,nphtin_2023_10_06_140700,nphtin,nphtin,2023-10-06T14:07:00,phenocam:nphtin:2023-10-06,negative,train,images/train/phenocam-nphtin_2023_10_06_140700.jpg,,public_v2,8cf1fc5fe691b079c5b732487692ff1f46762de8f65f373d44b0328330444f61,4b60a592b21f3e89bd07f3c21fdd1ec2cd971450fe7b4a99989771272dc78713,955aadd225eb1616,0,,accepted_negative,
phenocam-nphtin_2023_10_09_110600,phenocam::nphtin_2023_10_09_110600,phenocam,nphtin_2023_10_09_110600,nphtin,nphtin,2023-10-09T11:06:00,phenocam:nphtin:2023-10-09,negative,train,images/train/phenocam-nphtin_2023_10_09_110600.jpg,,public_v2,5c38ae26b4721e5b2ef9cf1035b796f43017cab151fad6594012c796d05f4d9e,a2f7c619d656bb06f831d16685bd0c6ef53c3a92de082326ad0278ec14002980,854a2d5a157bbc56,0,,accepted_negative,
phenocam-nphtin_2023_10_12_110600,phenocam::nphtin_2023_10_12_110600,phenocam,nphtin_2023_10_12_110600,nphtin,nphtin,2023-10-12T11:06:00,phenocam:nphtin:2023-10-12,negative,train,images/train/phenocam-nphtin_2023_10_12_110600.jpg,,public_v2,18eae8648036ec47b5e398d897eadff27d0850ab57a875b1e7f8c41a8fe027e2,a74c58272242aeb8e436daf7b3fed7f360991fab1fbe4fb8b908b7bbf0fe621b,856a2d5a157abc56,0,,accepted_negative,
phenocam-nphtin_2023_10_20_140600,phenocam::nphtin_2023_10_20_140600,phenocam,nphtin_2023_10_20_140600,nphtin,nphtin,2023-10-20T14:06:00,phenocam:nphtin:2023-10-20,negative,train,images/train/phenocam-nphtin_2023_10_20_140600.jpg,,public_v2,67edf05091b5d6b2f5051412bbf1078af1d971a8cddb4514f5ad283f0002ce64,2e19269e45a35e18fec0a9ea4dd46c74723031d95c3b8ac84b8b6728777ccacb,a552a5d252ade635,0,,accepted_negative,
phenocam-nphtin_2023_10_26_140600,phenocam::nphtin_2023_10_26_140600,phenocam,nphtin_2023_10_26_140600,nphtin,nphtin,2023-10-26T14:06:00,phenocam:nphtin:2023-10-26,negative,train,images/train/phenocam-nphtin_2023_10_26_140600.jpg,,public_v2,2d084a19ddbba7dd164354f9de708b5d1cd6db968e0dd7b26f9ed762aff89547,0376e4159129457320793f957aaecc54ad50ac2629b7641fb37ab83478ad35c0,85d2add252adc275,0,,accepted_negative,
phenocam-nwohiocrop_2013_04_10_090312,phenocam::nwohiocrop_2013_04_10_090312,phenocam,nwohiocrop_2013_04_10_090312,nwohiocrop,nwohiocrop,2013-04-10T09:03:12,phenocam:nwohiocrop:2013-04-10,negative,val,images/val/phenocam-nwohiocrop_2013_04_10_090312.jpg,,public_v2,3f1939dd5f7f8e8a39fb1bb130b1124944b369902ccf0d0676b162d43b5c4bf2,5b12f73f7e97fbe1f04676d23465a84d9a30eceed54f6d14849073c61d5cce07,80ba8e9c9c9f9993,0,,accepted_negative,
phenocam-nwohiocrop_2013_04_16_090312,phenocam::nwohiocrop_2013_04_16_090312,phenocam,nwohiocrop_2013_04_16_090312,nwohiocrop,nwohiocrop,2013-04-16T09:03:12,phenocam:nwohiocrop:2013-04-16,negative,val,images/val/phenocam-nwohiocrop_2013_04_16_090312.jpg,,public_v2,935335d62734148256b3ba0248c1ccd7db49941bcdf85d694d16a2d6d0b4d50d,20ee5d266fa42623a3d5d49ef0b34d71f0283dad1ea2ac5748d2e8ce56fb9f5b,889a98b89a9d9d9d,0,,accepted_negative,
phenocam-nwohiocrop_2013_04_22_110316,phenocam::nwohiocrop_2013_04_22_110316,phenocam,nwohiocrop_2013_04_22_110316,nwohiocrop,nwohiocrop,2013-04-22T11:03:16,phenocam:nwohiocrop:2013-04-22,negative,val,images/val/phenocam-nwohiocrop_2013_04_22_110316.jpg,,public_v2,14230ec607af926869f30e0ab515fa465d05fd9b38aa63ebe747f87795c753d0,57d39d19b47e78fef1c472e9b43e16be10df0702804e9eb1226b86ad6c95d8b2,80ba9abc9a9a9d9a,0,,accepted_negative,
phenocam-othssoftwood_2022_12_01_133016,phenocam::othssoftwood_2022_12_01_133016,phenocam,othssoftwood_2022_12_01_133016,othssoftwood,othssoftwood,2022-12-01T13:30:16,phenocam:othssoftwood:2022-12-01,negative,train,images/train/phenocam-othssoftwood_2022_12_01_133016.jpg,,public_v2,033a51c35cd29fe49ce34d8f8d37dff3c5833fb0ad939488c85704352e0b4ba9,9132b7698f987fcd11877fc6a18e466c3f95f46625e794c9f4dab1288b167e88,d9fbea8b0b8d0328,0,,accepted_negative,
phenocam-othssoftwood_2022_12_09_143016,phenocam::othssoftwood_2022_12_09_143016,phenocam,othssoftwood_2022_12_09_143016,othssoftwood,othssoftwood,2022-12-09T14:30:16,phenocam:othssoftwood:2022-12-09,negative,train,images/train/phenocam-othssoftwood_2022_12_09_143016.jpg,,public_v2,d9cbd178ff62c0f13adb13e864cac8fa5692b1f35d3583cc5df25f785ee24546,cc4e03c85e698a5724ef4596c11fd9bfc775c77e55730aba4c7a6b690a164db9,c9ebea8a0b0f0d39,0,,accepted_negative,
phenocam-othssoftwood_2022_12_10_103016,phenocam::othssoftwood_2022_12_10_103016,phenocam,othssoftwood_2022_12_10_103016,othssoftwood,othssoftwood,2022-12-10T10:30:16,phenocam:othssoftwood:2022-12-10,negative,train,images/train/phenocam-othssoftwood_2022_12_10_103016.jpg,,public_v2,9cbb2a2b304097d483b482a9a0463ff39e82d03d52b9505bdaaacf4eb7427860,f017cd9a7ddc189652248daa8c6c871682b4ddfb564325c7107a71c6ba01440a,ddb9e90b0a1e2569,0,,accepted_negative,
phenocam-othssoftwood_2022_12_11_100018,phenocam::othssoftwood_2022_12_11_100018,phenocam,othssoftwood_2022_12_11_100018,othssoftwood,othssoftwood,2022-12-11T10:00:18,phenocam:othssoftwood:2022-12-11,negative,train,images/train/phenocam-othssoftwood_2022_12_11_100018.jpg,,public_v2,d95225d90c47092d7ee5f3644040f9e1ca7b90bc1847d1d6347624f4c81c5242,9b1b23072ec295554bd0af21dd85ace85f17f19c37b7b186daf67b8de61012dd,ddf9ea020b198d39,0,,accepted_negative,
phenocam-othssoftwood_2022_12_12_140017,phenocam::othssoftwood_2022_12_12_140017,phenocam,othssoftwood_2022_12_12_140017,othssoftwood,othssoftwood,2022-12-12T14:00:17,phenocam:othssoftwood:2022-12-12,negative,train,images/train/phenocam-othssoftwood_2022_12_12_140017.jpg,,public_v2,e6b9c79cd938af8575ec7dfb585e94d05bb98ee86b91eedd1003efbdc7d36037,1ce3cb6b382b502703593fdf9e23d8af8c25390bd8c99f6cfa09953fc46cf5b9,ddeda10b0b0f2593,0,,accepted_negative,
phenocam-pace_2023_12_12_073505,phenocam::pace_2023_12_12_073505,phenocam,pace_2023_12_12_073505,pace,pace,2023-12-12T07:35:05,phenocam:pace:2023-12-12,negative,train,images/train/phenocam-pace_2023_12_12_073505.jpg,,public_v2,000005c8a6ee0d4d867e3c31ab8ea0b4f5266d0a9b4073d60a6f873157b2ed1a,4160d0d9a3978d08934e02f3b5a25c304d81ae445f4ea35e642f9fd70033e303,928da22d92b71f2b,0,,accepted_negative,
phenocam-pace_2023_12_14_093506,phenocam::pace_2023_12_14_093506,phenocam,pace_2023_12_14_093506,pace,pace,2023-12-14T09:35:06,phenocam:pace:2023-12-14,negative,train,images/train/phenocam-pace_2023_12_14_093506.jpg,,public_v2,7b40b594ee76f4fe2e342f8b360c136e224b3725404b37a0a0602db9e54e2ccb,a07c47b6960b969aae6f751c2544d91e849e8253fc3327ef15c33abdd3fde2f6,d685aa8d92b38733,0,,accepted_negative,
phenocam-pace_2023_12_15_070506,phenocam::pace_2023_12_15_070506,phenocam,pace_2023_12_15_070506,pace,pace,2023-12-15T07:05:06,phenocam:pace:2023-12-15,negative,train,images/train/phenocam-pace_2023_12_15_070506.jpg,,public_v2,17a67535f927e7172849339aa8f81ebcd5bdb042153746f5034d88d4f3780b73,8960075456873633a5f076bb6b2953107d4848fad9677c6417c3e3a5425ec1a2,928592ad92979f33,0,,accepted_negative,
phenocam-pace_2023_12_21_070506,phenocam::pace_2023_12_21_070506,phenocam,pace_2023_12_21_070506,pace,pace,2023-12-21T07:05:06,phenocam:pace:2023-12-21,negative,train,images/train/phenocam-pace_2023_12_21_070506.jpg,,public_v2,64cdd28beb2b28e61a41b0f4c1937ae55924619208ce2bd85d58b7497246c712,fe535b2d3f07a8962f7d14945db5638c1b903e171e56a207223ff63bdc472ce4,928592ad92979f93,0,,accepted_negative,
phenocam-pointreyes_2015_06_02_070108,phenocam::pointreyes_2015_06_02_070108,phenocam,pointreyes_2015_06_02_070108,pointreyes,pointreyes,2015-06-02T07:01:08,phenocam:pointreyes:2015-06-02,negative,train,images/train/phenocam-pointreyes_2015_06_02_070108.jpg,,public_v2,edb7fefaa5ffcd15335c64a44052e02a75f31a69ac152ff43f1c83c1d1835852,8472e81099ddfb5a7e052665bdd0c000317fd77539eb1e7e9261146a4177f627,828d72d9be618f31,0,,accepted_negative,
phenocam-pointreyes_2015_06_05_130109,phenocam::pointreyes_2015_06_05_130109,phenocam,pointreyes_2015_06_05_130109,pointreyes,pointreyes,2015-06-05T13:01:09,phenocam:pointreyes:2015-06-05,negative,train,images/train/phenocam-pointreyes_2015_06_05_130109.jpg,,public_v2,0805bd3e9eaebb62808cff69e70b749319e95f997d77caa63244aa1f813cfb20,913b310cd3f0f559e8e6a559529ef678f191b6a9e9a273938027de1535c233a3,cb9468cb34699ab5,0,,accepted_negative,
phenocam-pointreyes_2015_06_08_070111,phenocam::pointreyes_2015_06_08_070111,phenocam,pointreyes_2015_06_08_070111,pointreyes,pointreyes,2015-06-08T07:01:11,phenocam:pointreyes:2015-06-08,negative,train,images/train/phenocam-pointreyes_2015_06_08_070111.jpg,,public_v2,e980ed7584c48d24d4a4908f6df13100569835b5790d3313d24598667af453c9,4ec252b28c6d2be67dd0636c469854fc4f802bb3750100159b92607b55461654,8b9474cbb4654bb4,0,,accepted_negative,
phenocam-pointreyes_2015_06_12_060112,phenocam::pointreyes_2015_06_12_060112,phenocam,pointreyes_2015_06_12_060112,pointreyes,pointreyes,2015-06-12T06:01:12,phenocam:pointreyes:2015-06-12,negative,train,images/train/phenocam-pointreyes_2015_06_12_060112.jpg,,public_v2,6e8a0f02f5fa68655293618e424479f1de9c4f75b7d72e0ea12bd621e495cc96,faace44f649dc1c8d093050ed8ddcdd20d8f5a12985c350045e5cc43bef95a6b,d4856ad42bd45bac,0,,accepted_negative,
phenocam-pointreyes_2015_06_15_180047,phenocam::pointreyes_2015_06_15_180047,phenocam,pointreyes_2015_06_15_180047,pointreyes,pointreyes,2015-06-15T18:00:47,phenocam:pointreyes:2015-06-15,negative,train,images/train/phenocam-pointreyes_2015_06_15_180047.jpg,,public_v2,c02c38e0adff20ca784458e79da4a16f35b5464601a34e06d5ce556858ce0e53,d16765ad02af9bf6dfc716c6cef95ee24aaae186c089c5fe54e97842c13bdbc3,db8424da346d927d,0,,accepted_negative,
phenocam-pointreyes_2015_06_17_060056,phenocam::pointreyes_2015_06_17_060056,phenocam,pointreyes_2015_06_17_060056,pointreyes,pointreyes,2015-06-17T06:00:56,phenocam:pointreyes:2015-06-17,negative,train,images/train/phenocam-pointreyes_2015_06_17_060056.jpg,,public_v2,e3f7780399a96849ec46a88abe760d7fcf771a26ca08323cf6334bb5810c4a49,b50bb9eb74a5914d06bae6f957810ce56862c65ed2d4ebb73cdd0cdb0b9df889,d3847ac1a274cbb5,0,,accepted_negative,
phenocam-pointreyes_2015_06_22_170110,phenocam::pointreyes_2015_06_22_170110,phenocam,pointreyes_2015_06_22_170110,pointreyes,pointreyes,2015-06-22T17:01:10,phenocam:pointreyes:2015-06-22,negative,train,images/train/phenocam-pointreyes_2015_06_22_170110.jpg,,public_v2,aa0eedf33c10ac922bd4dcf79308285a2397ea618e895c5b7642154c016fb2af,ad94396a92e3a7cf4cec3f6c4934201f73dedc7dcefe67721d16f56c8778e4f2,91ee611f72493699,0,,accepted_negative,
phenocam-pointreyes_2015_06_28_120055,phenocam::pointreyes_2015_06_28_120055,phenocam,pointreyes_2015_06_28_120055,pointreyes,pointreyes,2015-06-28T12:00:55,phenocam:pointreyes:2015-06-28,negative,train,images/train/phenocam-pointreyes_2015_06_28_120055.jpg,,public_v2,8df888225a78e1a5c685c8c3d062a809391c3df40f849e25201935d41c24d649,1eb468988bc9df6f91ebc06152c00282f741432bbba4956c21b5b4626f1bc510,c3a4b9da65aa9469,0,,accepted_negative,
phenocam-pointreyes_2015_06_30_180117,phenocam::pointreyes_2015_06_30_180117,phenocam,pointreyes_2015_06_30_180117,pointreyes,pointreyes,2015-06-30T18:01:17,phenocam:pointreyes:2015-06-30,negative,train,images/train/phenocam-pointreyes_2015_06_30_180117.jpg,,public_v2,2891ab7d4b70808c34469c742e76e21db061d5e5160418339708ff0a88911127,ff8c90670db2d753cb4412126c737ad0e443cfabbf24290a4b1ae95f2395514b,d5aa55c32ad52aa5,0,,accepted_negative,
phenocam-portal_2017_09_08_132006,phenocam::portal_2017_09_08_132006,phenocam,portal_2017_09_08_132006,portal,portal,2017-09-08T13:20:06,phenocam:portal:2017-09-08,negative,val,images/val/phenocam-portal_2017_09_08_132006.jpg,,public_v2,2e9902fff30bd72816ff9edeae085db0bbb323b7e0632e63853aafc8c9cf1201,b791fe300924a1c75fde390b28558888c9f6a3b41683b4b837ce1fb1b8bb8370,d083afa792ae1b13,0,,accepted_negative,
phenocam-portal_2017_09_15_132007,phenocam::portal_2017_09_15_132007,phenocam,portal_2017_09_15_132007,portal,portal,2017-09-15T13:20:07,phenocam:portal:2017-09-15,negative,val,images/val/phenocam-portal_2017_09_15_132007.jpg,,public_v2,1526baac626d7ca0be18c22aac2d4fc22414ee0ff9f65c9c86b0986a822ab129,7068b447e363425b279188133467bddf1f1fdf127e0afe1a3db8371572e3c1d0,d1d38fa732293a13,0,,accepted_negative,
phenocam-riverton_2023_02_01_075940,phenocam::riverton_2023_02_01_075940,phenocam,riverton_2023_02_01_075940,riverton,riverton,2023-02-01T07:59:40,phenocam:riverton:2023-02-01,negative,train,images/train/phenocam-riverton_2023_02_01_075940.jpg,,public_v2,de1e4b014bd8b66deae10ee6101c0241cb42dfefc34734d8537cd3ffed010f6c,49430088b16e70168bc53f5e6aa7808e7891381d42cc5ac56e1514c38851295a,96c5122dadb67b06,0,,accepted_negative,
phenocam-riverton_2023_02_02_080031,phenocam::riverton_2023_02_02_080031,phenocam,riverton_2023_02_02_080031,riverton,riverton,2023-02-02T08:00:31,phenocam:riverton:2023-02-02,negative,train,images/train/phenocam-riverton_2023_02_02_080031.jpg,,public_v2,9b37bfa13b329fdcb7f2a24411f5bccd94a8e8fb6a7bd7de3333e75903d433c7,ac3176cebd4b28ce0c2671684918096eb2bb34cb8c08e4a7cdfa7fb0210b8b13,d6c5122dedb67a02,0,,accepted_negative,
phenocam-riverton_2023_02_07_155607,phenocam::riverton_2023_02_07_155607,phenocam,riverton_2023_02_07_155607,riverton,riverton,2023-02-07T15:56:07,phenocam:riverton:2023-02-07,negative,train,images/train/phenocam-riverton_2023_02_07_155607.jpg,,public_v2,537bd6aa4269d06fbb5997bb507727efe83ebb4b802ee00209c63245e82aa939,3dc028bb9ffc35e9f36591461d5f13fb67b7f6a09266ccfd18339f4e883e5f26,d4a64ad58be83476,0,,accepted_negative,
phenocam-riverton_2023_02_19_085605,phenocam::riverton_2023_02_19_085605,phenocam,riverton_2023_02_19_085605,riverton,riverton,2023-02-19T08:56:05,phenocam:riverton:2023-02-19,negative,train,images/train/phenocam-riverton_2023_02_19_085605.jpg,,public_v2,8ad0f6dcc00193b120da24ba4b6eab84ce6e0faa7274cc36f470b82d2d5ed077,aab038f7408ab8b2c72ce50f0b3be1a7db42e4f25dfd91f2fa8288dbea3e89d6,d6493609adf45276,0,,accepted_negative,
phenocam-riverton_2023_02_23_080029,phenocam::riverton_2023_02_23_080029,phenocam,riverton_2023_02_23_080029,riverton,riverton,2023-02-23T08:00:29,phenocam:riverton:2023-02-23,negative,train,images/train/phenocam-riverton_2023_02_23_080029.jpg,,public_v2,ed2d83daca51f782af43993a9a7152e08768998630f4ae734bb38b1186fc140c,12b52a275bd8efef178c85030d9817d8139ad65f89752e1d420e6b5d65858b9b,92cc1823aff96656,0,,accepted_negative,
phenocam-rosemountconv_2021_01_28_160028,phenocam::rosemountconv_2021_01_28_160028,phenocam,rosemountconv_2021_01_28_160028,rosemountconv,rosemountconv,2021-01-28T16:00:28,phenocam:rosemountconv:2021-01-28,negative,train,images/train/phenocam-rosemountconv_2021_01_28_160028.jpg,,public_v2,a339375f85dc27002f86169894dbe145ae3ea8f9d7fb61e2eadf6ae8e81ddb35,560f21c8849ffb0c846c0f4c00eeeb308a65269a4915b28f1ae0cbdcd9582cdf,c2b54bb435522d5e,0,,accepted_negative,
phenocam-rosemountconv_2021_01_29_093029,phenocam::rosemountconv_2021_01_29_093029,phenocam,rosemountconv_2021_01_29_093029,rosemountconv,rosemountconv,2021-01-29T09:30:29,phenocam:rosemountconv:2021-01-29,negative,train,images/train/phenocam-rosemountconv_2021_01_29_093029.jpg,,public_v2,d16ee292dbd1083fc603a4469497e279e8677958f87be682c12b509be2957ab3,eac8df6b8db4e75bb0af0bae02476f3f86fb58ab380f083d69993d7c2fbd59c6,d2b55a362d5aa54a,0,,accepted_negative,
phenocam-rosemountconv_2021_01_30_083028,phenocam::rosemountconv_2021_01_30_083028,phenocam,rosemountconv_2021_01_30_083028,rosemountconv,rosemountconv,2021-01-30T08:30:28,phenocam:rosemountconv:2021-01-30,negative,train,images/train/phenocam-rosemountconv_2021_01_30_083028.jpg,,public_v2,b11a26599652463dad602b7569c7c5548c31916ed08478a85e29a0a721b53b59,b21818109c80f3d432319529405b1362481606070559bdcd135ef049496ab7f1,d2b55a362d5aa54a,0,,accepted_negative,
phenocam-rosemountconv_2021_01_30_093029,phenocam::rosemountconv_2021_01_30_093029,phenocam,rosemountconv_2021_01_30_093029,rosemountconv,rosemountconv,2021-01-30T09:30:29,phenocam:rosemountconv:2021-01-30,negative,train,images/train/phenocam-rosemountconv_2021_01_30_093029.jpg,,public_v2,2a3c33c1e2cbec553d211839fde33c72dd41a7c2b07a8998bdeb18c1a9ecc448,61449fae67ad8f79284ddafe9e588e4f5148bcfda92540a4665ed2e5e9ef27ad,d2b55a362d5aa54a,0,,accepted_negative,
phenocam-rosemountconv_2021_01_31_073028,phenocam::rosemountconv_2021_01_31_073028,phenocam,rosemountconv_2021_01_31_073028,rosemountconv,rosemountconv,2021-01-31T07:30:28,phenocam:rosemountconv:2021-01-31,negative,train,images/train/phenocam-rosemountconv_2021_01_31_073028.jpg,,public_v2,ed2bed921012eb1b14cc230d1d5d315d92bd6e21a680b8a780b0dd57800b0813,d9e7450f4780b975eb9c677cf77cc34de788e10194558acc5344655047352c9d,d2b54a362d5aa55a,0,,accepted_negative,
phenocam-santacruz2_2022_12_07_090031,phenocam::santacruz2_2022_12_07_090031,phenocam,santacruz2_2022_12_07_090031,santacruz2,santacruz2,2022-12-07T09:00:31,phenocam:santacruz2:2022-12-07,negative,train,images/train/phenocam-santacruz2_2022_12_07_090031.jpg,,public_v2,5fff096f45338741f830acc5187cc2f607e2292ed03dea3d4085e87e8a56deb8,2133e9d828eb89f3b979fbe750d0d80821567d9e3003c3437272dd00deb7aadf,d5cd911736163636,0,,accepted_negative,
phenocam-santacruz2_2022_12_16_160032,phenocam::santacruz2_2022_12_16_160032,phenocam,santacruz2_2022_12_16_160032,santacruz2,santacruz2,2022-12-16T16:00:32,phenocam:santacruz2:2022-12-16,negative,train,images/train/phenocam-santacruz2_2022_12_16_160032.jpg,,public_v2,fdcfa515756d0573ed7d56fbb671264d985b3826c8c27610ea9e27e913a3d427,f3da6ff0df63518fa67ff0116ac09f8f8f1c226ce730ccd5763beb5be4120176,cdcd85b73212161f,0,,accepted_negative,
phenocam-santacruz2_2022_12_21_120300,phenocam::santacruz2_2022_12_21_120300,phenocam,santacruz2_2022_12_21_120300,santacruz2,santacruz2,2022-12-21T12:03:00,phenocam:santacruz2:2022-12-21,negative,train,images/train/phenocam-santacruz2_2022_12_21_120300.jpg,,public_v2,b4f504f0708e6177d5ea63c2829ffbc0e787f3b472e5ade5897f6102d87d448a,4a16bddf38bd5df6cfd85bc579a1cd28eeb375a65b5ba006be103f89dd8f78fc,cdddc5b532321236,0,,accepted_negative,
phenocam-santacruz2_2022_12_29_070034,phenocam::santacruz2_2022_12_29_070034,phenocam,santacruz2_2022_12_29_070034,santacruz2,santacruz2,2022-12-29T07:00:34,phenocam:santacruz2:2022-12-29,negative,train,images/train/phenocam-santacruz2_2022_12_29_070034.jpg,,public_v2,3dd6b0f7bf6aa2b3e7487d079e07c756253ed19dea0cccd43e7d8be183ac186e,ba251c86d3f7d688b6033ec4600ffc59630dd255257929d70a45744febf93229,cdcdcdd5b6321250,0,,accepted_negative,
phenocam-santacruz2_2022_12_30_070034,phenocam::santacruz2_2022_12_30_070034,phenocam,santacruz2_2022_12_30_070034,santacruz2,santacruz2,2022-12-30T07:00:34,phenocam:santacruz2:2022-12-30,negative,train,images/train/phenocam-santacruz2_2022_12_30_070034.jpg,,public_v2,b814da2b646a46d71ad931fff1fb2b6808d0f6b72ab67a916ef7625d9e1b8d7a,dc10b40d9b795ed55e1e1980dea0a1316b6d377369be64b9f0a0582fc5c83970,cdcd85b53636121e,0,,accepted_negative,
phenocam-segaarboretummeadow_2017_08_04_172027,phenocam::segaarboretummeadow_2017_08_04_172027,phenocam,segaarboretummeadow_2017_08_04_172027,segaarboretummeadow,segaarboretummeadow,2017-08-04T17:20:27,phenocam:segaarboretummeadow:2017-08-04,negative,train,images/train/phenocam-segaarboretummeadow_2017_08_04_172027.jpg,,public_v2,3864d82bb13531f43923cdaeffc64f483a2323d7de7b737bdde74c78aa19d012,7582f9cb4772b76b97d16f71afeb053ca60c34cde9b31eb48ab6c510580e06c7,c0c0c2e3efb78f84,0,,accepted_negative,
phenocam-segaarboretummeadow_2017_08_06_052031,phenocam::segaarboretummeadow_2017_08_06_052031,phenocam,segaarboretummeadow_2017_08_06_052031,segaarboretummeadow,segaarboretummeadow,2017-08-06T05:20:31,phenocam:segaarboretummeadow:2017-08-06,negative,train,images/train/phenocam-segaarboretummeadow_2017_08_06_052031.jpg,,public_v2,59df8c662e5faded1b861b8b765a6aeb85eed9874b0dc0677ae6e686fdc02a68,f334081618c131774d853596df87f18d4480edf15f2ea544fef823fb8ebb1e5c,c2c2c2e3f3978c8d,0,,accepted_negative,
phenocam-segaarboretummeadow_2017_08_11_172050,phenocam::segaarboretummeadow_2017_08_11_172050,phenocam,segaarboretummeadow_2017_08_11_172050,segaarboretummeadow,segaarboretummeadow,2017-08-11T17:20:50,phenocam:segaarboretummeadow:2017-08-11,negative,train,images/train/phenocam-segaarboretummeadow_2017_08_11_172050.jpg,,public_v2,bf444b06da66c8c337ef97f26f3a1af361362cf1302ac9e0606d455ba9db8cd9,c82c5b7abdc2b59fbc072534f2886ddffd155c9f6d2122e47c692ad3acee5cb3,c0c2c6e7e7958d8c,0,,accepted_negative,
phenocam-segaarboretummeadow_2017_08_15_172102,phenocam::segaarboretummeadow_2017_08_15_172102,phenocam,segaarboretummeadow_2017_08_15_172102,segaarboretummeadow,segaarboretummeadow,2017-08-15T17:21:02,phenocam:segaarboretummeadow:2017-08-15,negative,train,images/train/phenocam-segaarboretummeadow_2017_08_15_172102.jpg,,public_v2,4308d71fd3875c02d486f831b79bdf633e4d7241b6e45aa00feb073100377652,851982672596a435d892da707f126e8741e749407892adc53245431e5cc3b7d2,80c0c2e3e7f78d9c,0,,accepted_negative,
phenocam-segaarboretummeadow_2017_08_21_082118,phenocam::segaarboretummeadow_2017_08_21_082118,phenocam,segaarboretummeadow_2017_08_21_082118,segaarboretummeadow,segaarboretummeadow,2017-08-21T08:21:18,phenocam:segaarboretummeadow:2017-08-21,negative,train,images/train/phenocam-segaarboretummeadow_2017_08_21_082118.jpg,,public_v2,f82afe2e00055480eef9489bc2d39b52a913ab3cfc786842c3134d4e051b4fe0,da808fc41b1cbb98e1496eb49c62b5e096756f2880e719bbdae5cc72ea87deae,c0c2c2e7ef958c9c,0,,accepted_negative,
phenocam-segaarboretummeadow_2017_08_29_192145,phenocam::segaarboretummeadow_2017_08_29_192145,phenocam,segaarboretummeadow_2017_08_29_192145,segaarboretummeadow,segaarboretummeadow,2017-08-29T19:21:45,phenocam:segaarboretummeadow:2017-08-29,negative,train,images/train/phenocam-segaarboretummeadow_2017_08_29_192145.jpg,,public_v2,fe6da6181a951654980dfd3fc7de673b672ee122dbf702951b70516b29e04a46,53deb4d2ef3ba9ff9d4dfbc5380a50f1990481954a41c222c5dfa4fbc973f917,c3c3c3c3c3959c9c,0,,accepted_negative,
phenocam-segaarboretummeadow_2017_08_31_052148,phenocam::segaarboretummeadow_2017_08_31_052148,phenocam,segaarboretummeadow_2017_08_31_052148,segaarboretummeadow,segaarboretummeadow,2017-08-31T05:21:48,phenocam:segaarboretummeadow:2017-08-31,negative,train,images/train/phenocam-segaarboretummeadow_2017_08_31_052148.jpg,,public_v2,7f0b9dc386e6177e467a7c0eaf9612a75b68d28ecf68e2f1343b3b1c5f08113c,b0219930b056c322da13ad234e1049f809104f499aee872a3ee54d754670ec98,f4a0a8b8b8bcb8bc,0,,accepted_negative,
phenocam-segabearsprings_2019_11_06_113705,phenocam::segabearsprings_2019_11_06_113705,phenocam,segabearsprings_2019_11_06_113705,segabearsprings,segabearsprings,2019-11-06T11:37:05,phenocam:segabearsprings:2019-11-06,negative,train,images/train/phenocam-segabearsprings_2019_11_06_113705.jpg,,public_v2,f083308f0eabc6d9cca685df11c09e14bde2541e96505f2ceda63887c603ab18,f24ad9ce350f7737153e5934b2db86696a73a1bd106988de00a6dbef338d2152,c2369682b6b6b939,0,,accepted_negative,
phenocam-segabearsprings_2019_11_21_113705,phenocam::segabearsprings_2019_11_21_113705,phenocam,segabearsprings_2019_11_21_113705,segabearsprings,segabearsprings,2019-11-21T11:37:05,phenocam:segabearsprings:2019-11-21,negative,train,images/train/phenocam-segabearsprings_2019_11_21_113705.jpg,,public_v2,6aad4853b426980588a09db7dd1c38771e124108142871a8d2217a02bc8499a0,a55b9e8aa44b9c7c3db1d9d316a57cc75b92e8fc221ad86eb9e5267f801d2261,8077b68286b4b9bd,0,,accepted_negative,
phenocam-segabearsprings_2019_11_23_113706,phenocam::segabearsprings_2019_11_23_113706,phenocam,segabearsprings_2019_11_23_113706,segabearsprings,segabearsprings,2019-11-23T11:37:06,phenocam:segabearsprings:2019-11-23,negative,train,images/train/phenocam-segabearsprings_2019_11_23_113706.jpg,,public_v2,d1f4d20035720e5224d1fc76c97357fb19ff822b00abcb2323159449b9685aae,75cb983eb5345a43923ca87d8f7836bc448fd859b1e5bd3b7d45f674925fe16a,807ff4816f1cf0b8,0,,accepted_negative,
phenocam-segabearsprings_2019_11_25_113705,phenocam::segabearsprings_2019_11_25_113705,phenocam,segabearsprings_2019_11_25_113705,segabearsprings,segabearsprings,2019-11-25T11:37:05,phenocam:segabearsprings:2019-11-25,negative,train,images/train/phenocam-segabearsprings_2019_11_25_113705.jpg,,public_v2,a98b00e45e7c7fc91df5874e3827c84d2550ea57ae259fce6ab25d283276850c,d2032e199f32a10369e113d92a7d263898b108fe9c605db22cf26d7ed4e2702a,807fb4c2cf3c18f8,0,,accepted_negative,
phenocam-segabearsprings_2019_11_26_123705,phenocam::segabearsprings_2019_11_26_123705,phenocam,segabearsprings_2019_11_26_123705,segabearsprings,segabearsprings,2019-11-26T12:37:05,phenocam:segabearsprings:2019-11-26,negative,train,images/train/phenocam-segabearsprings_2019_11_26_123705.jpg,,public_v2,096a8877e49ca090f43a148dc222f28b52fb0c0a90d7bffd4c317e3aff05fdd8,67f9cb9849930cca49d0ede416f7175d9d490cc294fb6696bb547b78a1e1baa5,807f9482eb3cb8b9,0,,accepted_negative,
phenocam-segabearsprings_2019_11_28_113706,phenocam::segabearsprings_2019_11_28_113706,phenocam,segabearsprings_2019_11_28_113706,segabearsprings,segabearsprings,2019-11-28T11:37:06,phenocam:segabearsprings:2019-11-28,negative,train,images/train/phenocam-segabearsprings_2019_11_28_113706.jpg,,public_v2,f81220828200a355fea29c85436ae0ddf5b595999702694ecfe5cf77e0e73e9b,b543411ba44be7cbe9b15bc18899be4dedb906ca6018696abbd1979361c4b350,827fb482cee530f8,0,,accepted_negative,
phenocam-segablackpoint_2016_05_08_143308,phenocam::segablackpoint_2016_05_08_143308,phenocam,segablackpoint_2016_05_08_143308,segablackpoint,segablackpoint,2016-05-08T14:33:08,phenocam:segablackpoint:2016-05-08,negative,train,images/train/phenocam-segablackpoint_2016_05_08_143308.jpg,,public_v2,94213f7df8fcaa72b9d79c044513ba20b676faf80d697b92c52b487bff83fccb,a2248597cededb1e6fdbb73b53dd36b9eb84fd54be8fc349a4a294e82400640c,90dcdcec6d4c4c4e,0,,accepted_negative,
phenocam-segablackpoint_2016_05_22_221222,phenocam::segablackpoint_2016_05_22_221222,phenocam,segablackpoint_2016_05_22_221222,segablackpoint,segablackpoint,2016-05-22T22:12:22,phenocam:segablackpoint:2016-05-22,negative,train,images/train/phenocam-segablackpoint_2016_05_22_221222.jpg,,public_v2,9152c94554c58445ad330854656b5c9a57a33a70f452b828d79101e76345d712,8d1566d3082a90a9aa57f6bf6332b95f4820e7227085b5ec831bf6fb1ce01b85,f0f0f0f0f0f0f0f0,0,,accepted_negative,
phenocam-segablackpoint_2016_05_29_061229,phenocam::segablackpoint_2016_05_29_061229,phenocam,segablackpoint_2016_05_29_061229,segablackpoint,segablackpoint,2016-05-29T06:12:29,phenocam:segablackpoint:2016-05-29,negative,train,images/train/phenocam-segablackpoint_2016_05_29_061229.jpg,,public_v2,03a6e7ed06880e65eecaeb061310a331c94a16613fdc383c6f45ec8e429244d5,f64a80c69ca763e596a46a0a02695fc71810f9818e639127d04536bf88e7dda9,8d818fab27071f17,0,,accepted_negative,
phenocam-segabluechute_2018_02_27_073607,phenocam::segabluechute_2018_02_27_073607,phenocam,segabluechute_2018_02_27_073607,segabluechute,segabluechute,2018-02-27T07:36:07,phenocam:segabluechute:2018-02-27,negative,train,images/train/phenocam-segabluechute_2018_02_27_073607.jpg,,public_v2,8e8f6bfea2497355877a49202d12011e98748a710f1d776c975f08f60a6828c1,915b80821f2f726bb409c17b322ecf01614a1359eef0eb3f5eed03e80a3aa754,c6b1863e796d8986,0,,accepted_negative,
phenocam-segabluechute_2018_02_27_220606,phenocam::segabluechute_2018_02_27_220606,phenocam,segabluechute_2018_02_27_220606,segabluechute,segabluechute,2018-02-27T22:06:06,phenocam:segabluechute:2018-02-27,negative,train,images/train/phenocam-segabluechute_2018_02_27_220606.jpg,,public_v2,f2c55f22ff2864fd9e44288f9e5733b0f8ae07528d416649012e13859de50c59,00313c9a29762765e55ad706c2e8334403d04fed8650b96acd9ac094c16d639e,d8f8f8f8d8c8c8c8,0,,accepted_negative,
phenocam-segabluechute_2018_02_28_173606,phenocam::segabluechute_2018_02_28_173606,phenocam,segabluechute_2018_02_28_173606,segabluechute,segabluechute,2018-02-28T17:36:06,phenocam:segabluechute:2018-02-28,negative,train,images/train/phenocam-segabluechute_2018_02_28_173606.jpg,,public_v2,ac744247677e0b1c141206701c4e1199efed908146cf0e529e75b39007dea123,44be092811ede9a89d35356b253629d3152bed8d5762b5ee7bb67e5777be2207,85a48f367c6d8696,0,,accepted_negative,
phenocam-segabluechute_2018_02_28_210606,phenocam::segabluechute_2018_02_28_210606,phenocam,segabluechute_2018_02_28_210606,segabluechute,segabluechute,2018-02-28T21:06:06,phenocam:segabluechute:2018-02-28,negative,train,images/train/phenocam-segabluechute_2018_02_28_210606.jpg,,public_v2,cb068da9cdefb085787f75b536ec0267d2148006bed47ce6be8ac18390bfa90c,b13de684b955ecc1f829bd9e5648f19e857449734b920f6095aed4d77997a240,d8f8f8f8d8c8c8c8,0,,accepted_negative,
phenocam-segabradshaw_2017_11_01_125015,phenocam::segabradshaw_2017_11_01_125015,phenocam,segabradshaw_2017_11_01_125015,segabradshaw,segabradshaw,2017-11-01T12:50:15,phenocam:segabradshaw:2017-11-01,positive,val,images/val/phenocam-segabradshaw_2017_11_01_125015.jpg,labels/val/phenocam-segabradshaw_2017_11_01_125015.txt,public_v2,a489f2d839a75e2652a35b7761ae385c62f8c3aa726693f93dbfb97b2d3b327c,36e2ffee1b1784bc33cc386fd29b4f4c9d7c2061e0584e355e096f8a0ea81763,c4918ae57d7a3f04,1,car,complete,
phenocam-segabradshaw_2017_11_06_115036,phenocam::segabradshaw_2017_11_06_115036,phenocam,segabradshaw_2017_11_06_115036,segabradshaw,segabradshaw,2017-11-06T11:50:36,phenocam:segabradshaw:2017-11-06,positive,val,images/val/phenocam-segabradshaw_2017_11_06_115036.jpg,labels/val/phenocam-segabradshaw_2017_11_06_115036.txt,public_v2,cdfa921d1a5c6d0b429b5ea5fd03d8710ddea195cb0ceea74386fc8796bff2a6,5ecc01100672c8de33591258e816b4185f573577b1bc50d676af0c7c7806fddc,c491aee53a7a7704,1,car,complete,
phenocam-segabradshaw_2017_11_17_175129,phenocam::segabradshaw_2017_11_17_175129,phenocam,segabradshaw_2017_11_17_175129,segabradshaw,segabradshaw,2017-11-17T17:51:29,phenocam:segabradshaw:2017-11-17,negative,val,images/val/phenocam-segabradshaw_2017_11_17_175129.jpg,,public_v2,e2acf919b2b23ad36cff9c84091ec116a042a2d9f209e2ee2a1157ca9a7f691d,25117da08d31e7d96b765eb47949f712f1966c918848a584ed7a44386a9ce508,c0d0d0f47e3e3e2c,0,,accepted_negative,
phenocam-segabradshaw_2017_11_18_085130,phenocam::segabradshaw_2017_11_18_085130,phenocam,segabradshaw_2017_11_18_085130,segabradshaw,segabradshaw,2017-11-18T08:51:30,phenocam:segabradshaw:2017-11-18,negative,val,images/val/phenocam-segabradshaw_2017_11_18_085130.jpg,,public_v2,01d99995af0f89264c3f307468fdeccb229155b1ac50ab28e4d0998e62855c3d,67511e129a899339d5d99dfd93afe1ebda23ac38c263fb4da5fd23166e345073,e09c8bf14e733907,0,,accepted_negative,
phenocam-segabradshaw_2017_11_20_075139,phenocam::segabradshaw_2017_11_20_075139,phenocam,segabradshaw_2017_11_20_075139,segabradshaw,segabradshaw,2017-11-20T07:51:39,phenocam:segabradshaw:2017-11-20,negative,val,images/val/phenocam-segabradshaw_2017_11_20_075139.jpg,,public_v2,c04fec31cbc92b6b50308a864551be5be026f48ccd2e1811891d9f46f0546f1a,c40dcfafed10ac59494ac7d425694ee302a4fc082d114e064772e03f9a2f4a97,d6c88db752761f01,0,,accepted_negative,
phenocam-segabradshaw_2017_11_28_115215,phenocam::segabradshaw_2017_11_28_115215,phenocam,segabradshaw_2017_11_28_115215,segabradshaw,segabradshaw,2017-11-28T11:52:15,phenocam:segabradshaw:2017-11-28,negative,val,images/val/phenocam-segabradshaw_2017_11_28_115215.jpg,,public_v2,90e21215ed1283b9fb526b263b3de859c87bbb597cf891607f4f6209f118dcb6,34b58cc346a627440662b02111e28e0b5e3a252cc3b2d368a78a19652cb2b9e2,c4918ae53d7a372c,0,,accepted_negative,
phenocam-segabradshaw_2017_11_29_135223,phenocam::segabradshaw_2017_11_29_135223,phenocam,segabradshaw_2017_11_29_135223,segabradshaw,segabradshaw,2017-11-29T13:52:23,phenocam:segabradshaw:2017-11-29,negative,val,images/val/phenocam-segabradshaw_2017_11_29_135223.jpg,,public_v2,95e90e9c2bfd29824d6d3c270052201d4ca67486d330339a6f604733178ec074,d7a8c211121c87ae7625527bb6eaf199a42f1bc37b224557510bf796d82e10e4,c4918ae7ef523b05,0,,accepted_negative,
phenocam-segalcr2_2022_03_04_161006,phenocam::segalcr2_2022_03_04_161006,phenocam,segalcr2_2022_03_04_161006,segalcr2,segalcr2,2022-03-04T16:10:06,phenocam:segalcr2:2022-03-04,negative,train,images/train/phenocam-segalcr2_2022_03_04_161006.jpg,,public_v2,1de2ef35ad9ad1bd576f9d90923e6c289fe90802d7fc9c8db740f7ae77a34764,907e9405bf968e48a202724aff9ea2151373ec0d959f69721e621603ff884363,93f60dc6330b259e,0,,accepted_negative,
phenocam-segalcr2_2022_03_15_071006,phenocam::segalcr2_2022_03_15_071006,phenocam,segalcr2_2022_03_15_071006,segalcr2,segalcr2,2022-03-15T07:10:06,phenocam:segalcr2:2022-03-15,negative,train,images/train/phenocam-segalcr2_2022_03_15_071006.jpg,,public_v2,181ef3471b71437c47a869b777bd72e87348f01139b1f5d4c9106d77dd4dac48,7bc1dc277f5d54c35799eb0c53eaf29be09f92c93d091e88f88b4600c5f94db9,a387871707171797,0,,accepted_negative,
phenocam-segalcr2_2022_03_21_161005,phenocam::segalcr2_2022_03_21_161005,phenocam,segalcr2_2022_03_21_161005,segalcr2,segalcr2,2022-03-21T16:10:05,phenocam:segalcr2:2022-03-21,negative,train,images/train/phenocam-segalcr2_2022_03_21_161005.jpg,,public_v2,c3f854274ab9f452d135919178977d281d36d5be24ee70cb4f935f1fc9fab440,a3d7760d97a2e38304ce28bfc9f10ac940596d3ede3d02df074f99a80772de82,839f03270727173f,0,,accepted_negative,
phenocam-segalcr2_2022_03_31_161005,phenocam::segalcr2_2022_03_31_161005,phenocam,segalcr2_2022_03_31_161005,segalcr2,segalcr2,2022-03-31T16:10:05,phenocam:segalcr2:2022-03-31,negative,train,images/train/phenocam-segalcr2_2022_03_31_161005.jpg,,public_v2,144d8dc44a0c763acf8b13177026632ff45577c3ef093abc11a54792679dd1e9,22312d8a945226ef3b07307c4a15b30f44cc79fe1d893dff06613d2b50d6a6a8,b79e932307031797,0,,accepted_negative,
phenocam-segalittlemountain_2018_01_01_072847,phenocam::segalittlemountain_2018_01_01_072847,phenocam,segalittlemountain_2018_01_01_072847,segalittlemountain,segalittlemountain,2018-01-01T07:28:47,phenocam:segalittlemountain:2018-01-01,negative,train,images/train/phenocam-segalittlemountain_2018_01_01_072847.jpg,,public_v2,bb3f5953422c2d9d0910afd5a5e488ca22a18d9d4a35f8cce4850d3a62992b4f,687eea595f0b8a232be480bb7c9554862b446c6874e89754c6439a794954cfae,d2b280e10f8d1d7f,0,,accepted_negative,
phenocam-segalittlemountain_2018_01_05_082902,phenocam::segalittlemountain_2018_01_05_082902,phenocam,segalittlemountain_2018_01_05_082902,segalittlemountain,segalittlemountain,2018-01-05T08:29:02,phenocam:segalittlemountain:2018-01-05,negative,train,images/train/phenocam-segalittlemountain_2018_01_05_082902.jpg,,public_v2,8ffd4304848771bff17fd63ac251603d2bf8293fe55e0a8d20cde603d58e89cf,8a5c4eacbe129a1a38bfe233e3df0c1dcf14912b3441b7d1d309c744e35d0cf7,c2b382c1ad8d8d6f,0,,accepted_negative,
phenocam-segalittlemountain_2018_01_06_152908,phenocam::segalittlemountain_2018_01_06_152908,phenocam,segalittlemountain_2018_01_06_152908,segalittlemountain,segalittlemountain,2018-01-06T15:29:08,phenocam:segalittlemountain:2018-01-06,negative,train,images/train/phenocam-segalittlemountain_2018_01_06_152908.jpg,,public_v2,64a893449bc7e21c0d8185f16e686035b992ab42e7a521592c8f88095a358862,ad37bb96cc7922930a78063790bac113202ac3c8da29bf3f190fcf8ac63ecf15,c2a3b2c1ad8d8d6e,0,,accepted_negative,
phenocam-segalittlemountain_2018_01_08_082913,phenocam::segalittlemountain_2018_01_08_082913,phenocam,segalittlemountain_2018_01_08_082913,segalittlemountain,segalittlemountain,2018-01-08T08:29:13,phenocam:segalittlemountain:2018-01-08,negative,train,images/train/phenocam-segalittlemountain_2018_01_08_082913.jpg,,public_v2,4ae100b8092fe074459f8f1db7c6b04ea581e97c3626d28cb770e469d23d54b2,f05f90d91eefc0ddc87d487346e1b6ca3c1f99128a17da54f965871abb76d306,d7bb82816e0d1d56,0,,accepted_negative,
phenocam-segalittlemountain_2018_01_19_082951,phenocam::segalittlemountain_2018_01_19_082951,phenocam,segalittlemountain_2018_01_19_082951,segalittlemountain,segalittlemountain,2018-01-19T08:29:51,phenocam:segalittlemountain:2018-01-19,negative,train,images/train/phenocam-segalittlemountain_2018_01_19_082951.jpg,,public_v2,70608312043cc44bf36ecb7f30d60497fe6395028986d732407b2e852391f8de,152ce7b5f945d97fd571bb96bd19256f9083aa747210fa993f7299f1ab5b341a,d2b380a16f0d1d5f,0,,accepted_negative,
phenocam-segalittlemountain_2018_01_28_064053,phenocam::segalittlemountain_2018_01_28_064053,phenocam,segalittlemountain_2018_01_28_064053,segalittlemountain,segalittlemountain,2018-01-28T06:40:53,phenocam:segalittlemountain:2018-01-28,negative,train,images/train/phenocam-segalittlemountain_2018_01_28_064053.jpg,,public_v2,cb029b4f5891720875e43d3407525ac8155ae96b9b9c0a07f598b6fca8de316d,b84f7ddde731ce28cdba741b438a80c1973876ca695a34a88839824a222c9cd1,d0b0b0a0ececfc7c,0,,accepted_negative,
phenocam-sevmveblack23redinc_2023_04_08_130354,phenocam::sevmveblack23redinc_2023_04_08_130354,phenocam,sevmveblack23redinc_2023_04_08_130354,sevmveblack23redinc,sevmveblack23redinc,2023-04-08T13:03:54,phenocam:sevmveblack23redinc:2023-04-08,negative,val,images/val/phenocam-sevmveblack23redinc_2023_04_08_130354.jpg,,public_v2,f38cf0e732ebefa210591d71eacb41092ac396f369fba7680c74efea4cb84502,0ddeba10e3785f3c6da6572af951acb6fa189de609fad690043f9dda69110b3d,916e1b734e7c4079,0,,accepted_negative,
phenocam-sevmveblack23redinc_2023_04_10_082423,phenocam::sevmveblack23redinc_2023_04_10_082423,phenocam,sevmveblack23redinc_2023_04_10_082423,sevmveblack23redinc,sevmveblack23redinc,2023-04-10T08:24:23,phenocam:sevmveblack23redinc:2023-04-10,negative,val,images/val/phenocam-sevmveblack23redinc_2023_04_10_082423.jpg,,public_v2,fd524dbf12485c78406a16d42e2ea531e9b3aa17a17f905ca6af2890a76eb195,1e30f8a265782772fe7f8194becef3366ff53d4442f009ba392fc12c04979e89,c55a167d6b41f115,0,,accepted_negative,
phenocam-sevmveblack23redinc_2023_04_13_132432,phenocam::sevmveblack23redinc_2023_04_13_132432,phenocam,sevmveblack23redinc_2023_04_13_132432,sevmveblack23redinc,sevmveblack23redinc,2023-04-13T13:24:32,phenocam:sevmveblack23redinc:2023-04-13,negative,val,images/val/phenocam-sevmveblack23redinc_2023_04_13_132432.jpg,,public_v2,3ca6cd203e7ee70913fecc65410e274af8f71b07dfeca0da631fd76b85dcc24f,d96b950537e517d55b75a5c0cd4b1f68667fd3105236735fea874d7b3de68589,d17a347e6a496385,0,,accepted_negative,
phenocam-sevmveblack23redinc_2023_04_15_102433,phenocam::sevmveblack23redinc_2023_04_15_102433,phenocam,sevmveblack23redinc_2023_04_15_102433,sevmveblack23redinc,sevmveblack23redinc,2023-04-15T10:24:33,phenocam:sevmveblack23redinc:2023-04-15,negative,val,images/val/phenocam-sevmveblack23redinc_2023_04_15_102433.jpg,,public_v2,66fdc76ee960ce9ceab5dab850d678be9b1caf6509f2d55dde1c9d897c22b52d,717e8a41644fe2872fd13e44c08ca306f95a8343c06c7760308f2d1bb93f7b68,d56a1c716b497307,0,,accepted_negative,
phenocam-sevmveblack24redinc_2023_10_23_102432,phenocam::sevmveblack24redinc_2023_10_23_102432,phenocam,sevmveblack24redinc_2023_10_23_102432,sevmveblack24redinc,sevmveblack24redinc,2023-10-23T10:24:32,phenocam:sevmveblack24redinc:2023-10-23,negative,val,images/val/phenocam-sevmveblack24redinc_2023_10_23_102432.jpg,,public_v2,81e9ddc0c37dfb7f9bd6c9af3acfacc14cd845a017ce682b712094800b990304,17c052056f7413be0007aadaeeda33afd5671f7cedc5f21f7268f2f34407f965,91727c0b30c47edd,0,,accepted_negative,
phenocam-sevmveblack24redinc_2023_10_24_122432,phenocam::sevmveblack24redinc_2023_10_24_122432,phenocam,sevmveblack24redinc_2023_10_24_122432,sevmveblack24redinc,sevmveblack24redinc,2023-10-24T12:24:32,phenocam:sevmveblack24redinc:2023-10-24,negative,val,images/val/phenocam-sevmveblack24redinc_2023_10_24_122432.jpg,,public_v2,fca85fdd0c1c5ebc77a027bb1ebcc8c56c785eefacd500d94ab2b8d57631a6b2,ff3740edb30a01d58d8d1830513051f3867a6d2c2b1cd675e9a2a4c3f6e0c884,91e26c1b71247add,0,,accepted_negative,
phenocam-sevmveblack24redinc_2023_10_28_142432,phenocam::sevmveblack24redinc_2023_10_28_142432,phenocam,sevmveblack24redinc_2023_10_28_142432,sevmveblack24redinc,sevmveblack24redinc,2023-10-28T14:24:32,phenocam:sevmveblack24redinc:2023-10-28,negative,val,images/val/phenocam-sevmveblack24redinc_2023_10_28_142432.jpg,,public_v2,6430f0912a7e541255a2d6b4df95d07ab77213837b8cb7872a4d56e28d0822c2,489265a43183dfeb240e6ec27b533760fa9c1b5750b5611414deaa3afecd79bd,81ea05dd300f7e9d,0,,accepted_negative,
phenocam-sevmveblack28ambinc_2023_04_08_145114,phenocam::sevmveblack28ambinc_2023_04_08_145114,phenocam,sevmveblack28ambinc_2023_04_08_145114,sevmveblack28ambinc,sevmveblack28ambinc,2023-04-08T14:51:14,phenocam:sevmveblack28ambinc:2023-04-08,negative,train,images/train/phenocam-sevmveblack28ambinc_2023_04_08_145114.jpg,,public_v2,38b83aa142793abda6a4e81cba02501c06db0dd3a3915339cef7c58d12ec400d,a64c001ad7bbafb1f1692c16bf0616072acaf91609a3bee75d692597575a6e6f,dc79b40f42971e61,0,,accepted_negative,
phenocam-sevmveblack28ambinc_2023_04_11_104324,phenocam::sevmveblack28ambinc_2023_04_11_104324,phenocam,sevmveblack28ambinc_2023_04_11_104324,sevmveblack28ambinc,sevmveblack28ambinc,2023-04-11T10:43:24,phenocam:sevmveblack28ambinc:2023-04-11,negative,train,images/train/phenocam-sevmveblack28ambinc_2023_04_11_104324.jpg,,public_v2,4983cd0c012c6e9abd50233741bfdc1705b72003ffd90041cc2acd64e0840773,a740ddb3d10c3ef322f5e4d683a6301728e416b592ff9fcec200814b2a9f8b4e,9c7c9f81e8956163,0,,accepted_negative,
phenocam-sevmveblack28ambinc_2023_04_13_104333,phenocam::sevmveblack28ambinc_2023_04_13_104333,phenocam,sevmveblack28ambinc_2023_04_13_104333,sevmveblack28ambinc,sevmveblack28ambinc,2023-04-13T10:43:33,phenocam:sevmveblack28ambinc:2023-04-13,negative,train,images/train/phenocam-sevmveblack28ambinc_2023_04_13_104333.jpg,,public_v2,23bd0d9b2ff9011c25ee97d9848728425ab124f88f41d2391efeb73b62893f20,1b9e775fc3403cb264324830c6fa333ca4d9155fe0f8b89524ee57397da20782,9c759781c2d5e163,0,,accepted_negative,
phenocam-sevmveblack28ambinc_2023_04_13_114332,phenocam::sevmveblack28ambinc_2023_04_13_114332,phenocam,sevmveblack28ambinc_2023_04_13_114332,sevmveblack28ambinc,sevmveblack28ambinc,2023-04-13T11:43:32,phenocam:sevmveblack28ambinc:2023-04-13,negative,train,images/train/phenocam-sevmveblack28ambinc_2023_04_13_114332.jpg,,public_v2,4d3fc345502a5330ec9443170d2fcc23c2aea64cd5b27e38183690f8a42b9a91,c8663c5a2b630e11a1de5dae2e2bb2208e2a025923e6bd57fa7ddcdf769467cb,9c759f81c294e563,0,,accepted_negative,
phenocam-sevmveblack28ambinc_2023_04_15_104333,phenocam::sevmveblack28ambinc_2023_04_15_104333,phenocam,sevmveblack28ambinc_2023_04_15_104333,sevmveblack28ambinc,sevmveblack28ambinc,2023-04-15T10:43:33,phenocam:sevmveblack28ambinc:2023-04-15,negative,train,images/train/phenocam-sevmveblack28ambinc_2023_04_15_104333.jpg,,public_v2,b92a79f03c0e7cf3f385a1d3feb2d313a76ffeaee468f6045d0bd9f0f47ab4be,2e2e3deabb5f7d020297ef26c10de8e9fa79f1b0e33b6872be49ae5ba984cc65,dc7c9781e09f6063,0,,accepted_negative,
phenocam-sevmveblue15ambinc_2023_07_10_124234,phenocam::sevmveblue15ambinc_2023_07_10_124234,phenocam,sevmveblue15ambinc_2023_07_10_124234,sevmveblue15ambinc,sevmveblue15ambinc,2023-07-10T12:42:34,phenocam:sevmveblue15ambinc:2023-07-10,negative,train,images/train/phenocam-sevmveblue15ambinc_2023_07_10_124234.jpg,,public_v2,976c1e890ca52823f2239e7c64c3feb3241871f5d3d9d7e2ffb5fbcb4b81c7ef,078e9db4ea3415c46d542ef768954f611ac704a05e371dcc16f49319b4b7b71f,913947674c3639dc,0,,accepted_negative,
phenocam-sevmveblue15ambinc_2023_07_21_124234,phenocam::sevmveblue15ambinc_2023_07_21_124234,phenocam,sevmveblue15ambinc_2023_07_21_124234,sevmveblue15ambinc,sevmveblue15ambinc,2023-07-21T12:42:34,phenocam:sevmveblue15ambinc:2023-07-21,negative,train,images/train/phenocam-sevmveblue15ambinc_2023_07_21_124234.jpg,,public_v2,09890ea820db9c9812e5ca63daf143774845f0bcd5c8085834a2aa0c8930ff06,683766641d4e9b71fa589f2558a8e7d9f5163083a4d60ed6cd414bf4660b3329,993854474eb43d5e,0,,accepted_negative,
phenocam-sevmveblue16redamb_2023_07_03_104334,phenocam::sevmveblue16redamb_2023_07_03_104334,phenocam,sevmveblue16redamb_2023_07_03_104334,sevmveblue16redamb,sevmveblue16redamb,2023-07-03T10:43:34,phenocam:sevmveblue16redamb:2023-07-03,negative,train,images/train/phenocam-sevmveblue16redamb_2023_07_03_104334.jpg,,public_v2,11e6857a17d5756e2dbb4c94fd0197e84a2a0e22b44c36f3f1f96aa165a811b1,f542cf39143e5889dd38190aa911e5299b6bdf592037302a05b2b37991a14945,d1030d52e3717c7e,0,,accepted_negative,
phenocam-sevmveblue16redamb_2023_07_10_124334,phenocam::sevmveblue16redamb_2023_07_10_124334,phenocam,sevmveblue16redamb_2023_07_10_124334,sevmveblue16redamb,sevmveblue16redamb,2023-07-10T12:43:34,phenocam:sevmveblue16redamb:2023-07-10,negative,train,images/train/phenocam-sevmveblue16redamb_2023_07_10_124334.jpg,,public_v2,0ca36e1d8086dbd72a550df708c865ccf69d374447cf5348153a1ac52fe66f94,fda6f107870583e52b996e2c73a76d417b869ab1ba1ba173e25b12d879b2982b,c6991d12e5707a7c,0,,accepted_negative,
phenocam-sevmveblue16redamb_2023_07_19_124334,phenocam::sevmveblue16redamb_2023_07_19_124334,phenocam,sevmveblue16redamb_2023_07_19_124334,sevmveblue16redamb,sevmveblue16redamb,2023-07-19T12:43:34,phenocam:sevmveblue16redamb:2023-07-19,negative,train,images/train/phenocam-sevmveblue16redamb_2023_07_19_124334.jpg,,public_v2,37c419bec2d73fb7d0616ce299ab839ff121b1f4b32aabb2bfbe2caa694b7d8d,59ec3e78e7d843f6a7533166f4fbd823c1a8780e61278e1b8b5158bced680eab,ce7c1013e3f0717c,0,,accepted_negative,
phenocam-sevmveblue16redamb_2023_07_23_144333,phenocam::sevmveblue16redamb_2023_07_23_144333,phenocam,sevmveblue16redamb_2023_07_23_144333,sevmveblue16redamb,sevmveblue16redamb,2023-07-23T14:43:33,phenocam:sevmveblue16redamb:2023-07-23,negative,train,images/train/phenocam-sevmveblue16redamb_2023_07_23_144333.jpg,,public_v2,9366afcd71f167ce22a1a9f601a69991ba5b82f722c64cd916605caa9eb3d532,a07a28917f806629b4783670874561587045af5fe2ee6fc20878ec98c67c14d2,c4913f5260f439fc,0,,accepted_negative,
phenocam-sevmveblue17redinc_2023_07_10_124434,phenocam::sevmveblue17redinc_2023_07_10_124434,phenocam,sevmveblue17redinc_2023_07_10_124434,sevmveblue17redinc,sevmveblue17redinc,2023-07-10T12:44:34,phenocam:sevmveblue17redinc:2023-07-10,negative,train,images/train/phenocam-sevmveblue17redinc_2023_07_10_124434.jpg,,public_v2,82b70bb513538aedddc4597850ad04072a17955b357d52cdc2fd6818979b142d,be8484ccc19dbc19cb85402208faf9ccf1c975c07912bdf829471104d53c95df,d18947b5361e3f03,0,,accepted_negative,
phenocam-sevmveblue17redinc_2023_07_11_104434,phenocam::sevmveblue17redinc_2023_07_11_104434,phenocam,sevmveblue17redinc_2023_07_11_104434,sevmveblue17redinc,sevmveblue17redinc,2023-07-11T10:44:34,phenocam:sevmveblue17redinc:2023-07-11,negative,train,images/train/phenocam-sevmveblue17redinc_2023_07_11_104434.jpg,,public_v2,656941d38701bc96217b95e3e09142d323960f4d70147290779b889ffc1768d6,e69a9e231100e9f554fc72e5bdf907b903c0b764b0437797babfc20b2cccbabf,d18947e5341d3f13,0,,accepted_negative,
phenocam-sevmveblue17redinc_2023_07_23_104434,phenocam::sevmveblue17redinc_2023_07_23_104434,phenocam,sevmveblue17redinc_2023_07_23_104434,sevmveblue17redinc,sevmveblue17redinc,2023-07-23T10:44:34,phenocam:sevmveblue17redinc:2023-07-23,negative,train,images/train/phenocam-sevmveblue17redinc_2023_07_23_104434.jpg,,public_v2,39433d21331ae2939ada531a53e08ac6859df1068e63c024f9ac71426c50d278,0aa4cc71ee1fa0b8577877e316d449bddb77a1203341ecd9387c8767aa13884e,910b47ed30145fbb,0,,accepted_negative,
phenocam-sevmveblue1ambinc_2023_02_22_090014,phenocam::sevmveblue1ambinc_2023_02_22_090014,phenocam,sevmveblue1ambinc_2023_02_22_090014,sevmveblue1ambinc,sevmveblue1ambinc,2023-02-22T09:00:14,phenocam:sevmveblue1ambinc:2023-02-22,negative,val,images/val/phenocam-sevmveblue1ambinc_2023_02_22_090014.jpg,,public_v2,a36c8624b75ec592993c14d7e09b05b2622eb69f4fc460cfd2b35f2dbb137ec4,66f39b1f0a8224427db59f7ef2014d3f1d9a66a6d5d22b72e3c9980cf868014c,93e017dc2d3c378c,0,,accepted_negative,
phenocam-sevmveblue1ambinc_2023_02_27_170014,phenocam::sevmveblue1ambinc_2023_02_27_170014,phenocam,sevmveblue1ambinc_2023_02_27_170014,sevmveblue1ambinc,sevmveblue1ambinc,2023-02-27T17:00:14,phenocam:sevmveblue1ambinc:2023-02-27,negative,val,images/val/phenocam-sevmveblue1ambinc_2023_02_27_170014.jpg,,public_v2,d02233a3cc366150f75024902ad2ad0d76f0f8983d0da657f2bf30a23abf3fc9,2e4953675f32d73726116b40fc79214c987241d83cebe97ae925f5a2f6e9f01b,d88711cb2f9c378c,0,,accepted_negative,
phenocam-sevmveblue1ambinc_2023_02_28_140512,phenocam::sevmveblue1ambinc_2023_02_28_140512,phenocam,sevmveblue1ambinc_2023_02_28_140512,sevmveblue1ambinc,sevmveblue1ambinc,2023-02-28T14:05:12,phenocam:sevmveblue1ambinc:2023-02-28,negative,val,images/val/phenocam-sevmveblue1ambinc_2023_02_28_140512.jpg,,public_v2,64755acb5476ea903a79450659439bacf9b0f6e281efd273891b88bf116d8509,d31e53836cf28349aa592f78e7a66aa94112b141b61ad87944b4391a42a532b0,d3cd13482d1d7794,0,,accepted_negative,
phenocam-sevmveblue3ambamb_2023_02_24_150713,phenocam::sevmveblue3ambamb_2023_02_24_150713,phenocam,sevmveblue3ambamb_2023_02_24_150713,sevmveblue3ambamb,sevmveblue3ambamb,2023-02-24T15:07:13,phenocam:sevmveblue3ambamb:2023-02-24,negative,train,images/train/phenocam-sevmveblue3ambamb_2023_02_24_150713.jpg,,public_v2,311ac364507d1318c5ba8b95b1ef71bf24907cdfc42bf6cdfedfa9a12cf19693,ec17f37dbc1ff6570236bb7fcb07d5fc15f4e51c9edbeb97d1bf6b9fdf200aad,d5b20d544e65374b,0,,accepted_negative,
phenocam-sevmveblue3ambamb_2023_02_26_110713,phenocam::sevmveblue3ambamb_2023_02_26_110713,phenocam,sevmveblue3ambamb_2023_02_26_110713,sevmveblue3ambamb,sevmveblue3ambamb,2023-02-26T11:07:13,phenocam:sevmveblue3ambamb:2023-02-26,negative,train,images/train/phenocam-sevmveblue3ambamb_2023_02_26_110713.jpg,,public_v2,86f3ed9a4f5473170de4dda320227f437d848c594a0c501589163deeb5bfc1d1,2c24bfe01bcbb9d42a118044cc976c9562d8720cfa77ce35bf07c2f7acdd8d9f,c112c975ee653f0a,0,,accepted_negative,
phenocam-sevmveblue3ambamb_2023_02_27_180713,phenocam::sevmveblue3ambamb_2023_02_27_180713,phenocam,sevmveblue3ambamb_2023_02_27_180713,sevmveblue3ambamb,sevmveblue3ambamb,2023-02-27T18:07:13,phenocam:sevmveblue3ambamb:2023-02-27,negative,train,images/train/phenocam-sevmveblue3ambamb_2023_02_27_180713.jpg,,public_v2,6baf0db58b8ddb998eda39a30b10d36ad266416ffd0a3608b0d74ab6bf4b9b1f,82fed133f20148ce2333cc35dcc9c479d1bb045d59255c44b39f7d54c9d24a38,c599075eca37e125,0,,accepted_negative,
phenocam-sevmveblue3ambamb_2023_02_28_090214,phenocam::sevmveblue3ambamb_2023_02_28_090214,phenocam,sevmveblue3ambamb_2023_02_28_090214,sevmveblue3ambamb,sevmveblue3ambamb,2023-02-28T09:02:14,phenocam:sevmveblue3ambamb:2023-02-28,negative,train,images/train/phenocam-sevmveblue3ambamb_2023_02_28_090214.jpg,,public_v2,285582d694935bba87fd6ad738ac49287772269604a2983b2410e5e3c098be2b,7bd351ac90e6dbfc7280af416bac9e0c7e98fd7a7e2c8d98b4b7ec218df6ad5b,d30f41574a767ac2,0,,accepted_negative,
phenocam-sevmveblue4redinc_2023_02_25_140813,phenocam::sevmveblue4redinc_2023_02_25_140813,phenocam,sevmveblue4redinc_2023_02_25_140813,sevmveblue4redinc,sevmveblue4redinc,2023-02-25T14:08:13,phenocam:sevmveblue4redinc:2023-02-25,negative,train,images/train/phenocam-sevmveblue4redinc_2023_02_25_140813.jpg,,public_v2,c5b6536cc453a571e021782dc9302527c41ba226e1a8dc595721cf42e83d2421,2cbf4df8543d77e98f907c1ee7b1bf7f15ed119553cc3802202163d4a3130dfa,d51f1b2665d91326,0,,accepted_negative,
phenocam-sevmveblue4redinc_2023_02_26_090314,phenocam::sevmveblue4redinc_2023_02_26_090314,phenocam,sevmveblue4redinc_2023_02_26_090314,sevmveblue4redinc,sevmveblue4redinc,2023-02-26T09:03:14,phenocam:sevmveblue4redinc:2023-02-26,negative,train,images/train/phenocam-sevmveblue4redinc_2023_02_26_090314.jpg,,public_v2,1a065f466ad4008f4652954f3d17626a35e90fa682a69eec61efbcc22758d478,e2d9aa8b311f33b2c4f88c968a4c370247b9ac5c81c5e82271252ac386a6ef24,c5931c4fc1ff26c0,0,,accepted_negative,
phenocam-sevmveblue4redinc_2023_02_27_180813,phenocam::sevmveblue4redinc_2023_02_27_180813,phenocam,sevmveblue4redinc_2023_02_27_180813,sevmveblue4redinc,sevmveblue4redinc,2023-02-27T18:08:13,phenocam:sevmveblue4redinc:2023-02-27,negative,train,images/train/phenocam-sevmveblue4redinc_2023_02_27_180813.jpg,,public_v2,9b260d61c94b512593f9fe979a717b454726e6f275853fe5b6711dcd4ec20696,17dab7cd3fe84c2caa7029461bc6d25c881f0c2c4bb0cee40e29069ee9ffcb2f,d3cc0d963e603b9a,0,,accepted_negative,
phenocam-sevmveblue4redinc_2023_02_28_120813,phenocam::sevmveblue4redinc_2023_02_28_120813,phenocam,sevmveblue4redinc_2023_02_28_120813,sevmveblue4redinc,sevmveblue4redinc,2023-02-28T12:08:13,phenocam:sevmveblue4redinc:2023-02-28,negative,train,images/train/phenocam-sevmveblue4redinc_2023_02_28_120813.jpg,,public_v2,f9f5a5ce226d810579165c8b8a788b1f446e73da796b8b5e7b49f3bf1fee9546,b63c3ff158ee6f3a3603595428609cf78ddf855515cd90d3e354429a0075b3cf,c51f1b66659936e0,0,,accepted_negative,
phenocam-sevmveblue9redamb_2023_07_03_102234,phenocam::sevmveblue9redamb_2023_07_03_102234,phenocam,sevmveblue9redamb_2023_07_03_102234,sevmveblue9redamb,sevmveblue9redamb,2023-07-03T10:22:34,phenocam:sevmveblue9redamb:2023-07-03,negative,val,images/val/phenocam-sevmveblue9redamb_2023_07_03_102234.jpg,,public_v2,072b7894c40ee252898e50cbb334aafdc46d2b6a1697fb07f0914c20a1f943b4,a262e98272f118c2fa9435a6a01ce9bbcc456e5e81b13c1d5a74e945663fe7ba,d3261c2df87cc0e5,0,,accepted_negative,
phenocam-sevmveblue9redamb_2023_07_12_102234,phenocam::sevmveblue9redamb_2023_07_12_102234,phenocam,sevmveblue9redamb_2023_07_12_102234,sevmveblue9redamb,sevmveblue9redamb,2023-07-12T10:22:34,phenocam:sevmveblue9redamb:2023-07-12,negative,val,images/val/phenocam-sevmveblue9redamb_2023_07_12_102234.jpg,,public_v2,8b7ea73528a1c2c9ede3187532a21f0e74c3a47319c7ab40c33abe5a7e1b6e34,84c7efa4451426c9ebb2f3e65e38acad3fb61264938468b6038b9849e8f079fc,d1271c3df878c0e5,0,,accepted_negative,
phenocam-sevmveblue9redamb_2023_07_29_122233,phenocam::sevmveblue9redamb_2023_07_29_122233,phenocam,sevmveblue9redamb_2023_07_29_122233,sevmveblue9redamb,sevmveblue9redamb,2023-07-29T12:22:33,phenocam:sevmveblue9redamb:2023-07-29,negative,val,images/val/phenocam-sevmveblue9redamb_2023_07_29_122233.jpg,,public_v2,118c3083ed5a4d04979df8d69b4908b77312066618755628556c6b0b3338a896,54959c946353f6bed2c0ae34c3df3c0995841e83445e9fdd2f1b75e4aaad3c80,d134005f59f967e4,0,,accepted_negative,
phenocam-sevmvecreo20redinc_2023_06_02_160101,phenocam::sevmvecreo20redinc_2023_06_02_160101,phenocam,sevmvecreo20redinc_2023_06_02_160101,sevmvecreo20redinc,sevmvecreo20redinc,2023-06-02T16:01:01,phenocam:sevmvecreo20redinc:2023-06-02,negative,val,images/val/phenocam-sevmvecreo20redinc_2023_06_02_160101.jpg,,public_v2,4074d869cdda23d15b08ebf8b7277b69badf1a3608aa6529a459672a46cf1cc4,adc6a79fa36c05922547a96fce2401c9a43a65336156e6542a31ee21c9ed1753,c29431392eaca6fe,0,,accepted_negative,
phenocam-sevmvecreo20redinc_2023_06_14_104102,phenocam::sevmvecreo20redinc_2023_06_14_104102,phenocam,sevmvecreo20redinc_2023_06_14_104102,sevmvecreo20redinc,sevmvecreo20redinc,2023-06-14T10:41:02,phenocam:sevmvecreo20redinc:2023-06-14,negative,val,images/val/phenocam-sevmvecreo20redinc_2023_06_14_104102.jpg,,public_v2,e8ad763db95901db59756dc227324cfb4c693cb04836fa3218529a8ff94bdcae,88eeb767c55e30bca7259555bf83b46bf11b801f68d92328855cffc5266b15a3,859535393ea87c36,0,,accepted_negative,
phenocam-sevmvecreo20redinc_2023_06_27_144103,phenocam::sevmvecreo20redinc_2023_06_27_144103,phenocam,sevmvecreo20redinc_2023_06_27_144103,sevmvecreo20redinc,sevmvecreo20redinc,2023-06-27T14:41:03,phenocam:sevmvecreo20redinc:2023-06-27,negative,val,images/val/phenocam-sevmvecreo20redinc_2023_06_27_144103.jpg,,public_v2,179af49a8dc8c9daf868beef3dd3a291ecffef435a7ddeaca4de702bf11fb2b1,f52e68f54fcf7833e5412fb227d140df39a0e89f637b28c47853378d9e9e17ac,87b430b8bea0fe34,0,,accepted_negative,
phenocam-sevpjrm13_2023_05_03_161643,phenocam::sevpjrm13_2023_05_03_161643,phenocam,sevpjrm13_2023_05_03_161643,sevpjrm13,sevpjrm13,2023-05-03T16:16:43,phenocam:sevpjrm13:2023-05-03,negative,train,images/train/phenocam-sevpjrm13_2023_05_03_161643.jpg,,public_v2,0f24cc786d0d589b23e8f959fd55909963101a2996f3a7177efe698d31b29678,afb48dec3625aa07aec97fdd4ea81f626c3bf0f0d8b96b35400dc6bbdf5adca3,8bb3d7d44e283e05,0,,accepted_negative,
phenocam-sevpjrm13_2023_05_06_161646,phenocam::sevpjrm13_2023_05_06_161646,phenocam,sevpjrm13_2023_05_06_161646,sevpjrm13,sevpjrm13,2023-05-06T16:16:46,phenocam:sevpjrm13:2023-05-06,negative,train,images/train/phenocam-sevpjrm13_2023_05_06_161646.jpg,,public_v2,d7f6d63b99be780a1de55aaa52e843fcc54e3028f50e810017e669f0840af578,950c4824c33b099d59a94d1ca93d0468309c0293c7a3376faf1e57ad40cd3bdd,8f73d5544ea83d41,0,,accepted_negative,
phenocam-sevpjrm13_2023_05_08_111647,phenocam::sevpjrm13_2023_05_08_111647,phenocam,sevpjrm13_2023_05_08_111647,sevpjrm13,sevpjrm13,2023-05-08T11:16:47,phenocam:sevpjrm13:2023-05-08,negative,train,images/train/phenocam-sevpjrm13_2023_05_08_111647.jpg,,public_v2,3a8511052d99ec7d6b5e6a1810aec41832d919df163df9ecff6d057d27f57947,140c6190b5947cd06dd96206e274a3a4fb49df07d2c0689c782397778f55f714,8b73d0f64e28b855,0,,accepted_negative,
phenocam-shiningrock_2005_03_01_150000,phenocam::shiningrock_2005_03_01_150000,phenocam,shiningrock_2005_03_01_150000,shiningrock,shiningrock,2005-03-01T15:00:00,phenocam:shiningrock:2005-03-01,negative,train,images/train/phenocam-shiningrock_2005_03_01_150000.jpg,,public_v2,c465636f1d868158f1441e717000ccc8b1c05c33fef1a6994cd92dc57f1feb03,d5a7f6f9cdd02bc432f4a35bb59a3e02f0474d75c23b68e86dded931fe0ab744,c3f06f1f87e11846,0,,accepted_negative,
phenocam-shiningrock_2005_03_07_150000,phenocam::shiningrock_2005_03_07_150000,phenocam,shiningrock_2005_03_07_150000,shiningrock,shiningrock,2005-03-07T15:00:00,phenocam:shiningrock:2005-03-07,negative,train,images/train/phenocam-shiningrock_2005_03_07_150000.jpg,,public_v2,8b222207422f686c37a3dd8aea601affed22769d43bb91a3e20b446c12be7b76,c31899a67ef91af5c985de5c007f6239eb4beee9160ee9f2f4396daf16f048ba,80b8ef5f07a1d8c6,0,,accepted_negative,
phenocam-shiningrock_2005_03_08_090000,phenocam::shiningrock_2005_03_08_090000,phenocam,shiningrock_2005_03_08_090000,shiningrock,shiningrock,2005-03-08T09:00:00,phenocam:shiningrock:2005-03-08,negative,train,images/train/phenocam-shiningrock_2005_03_08_090000.jpg,,public_v2,dfa879546d345269273c8386151f895ea3243d6305438c0899bc054a14537790,56672de53cb9a7b2b377f64a22983a7ebd819ed42e0c976667986ca39afca8c3,84d57a85631ac77c,0,,accepted_negative,
phenocam-shiningrock_2005_03_09_090000,phenocam::shiningrock_2005_03_09_090000,phenocam,shiningrock_2005_03_09_090000,shiningrock,shiningrock,2005-03-09T09:00:00,phenocam:shiningrock:2005-03-09,negative,train,images/train/phenocam-shiningrock_2005_03_09_090000.jpg,,public_v2,27e94a93884bfd51e78ea6791bef9b38f6f5c1a7ba0541d5c734f7182970410f,7eaed09b202b0c66663324ba1434fb64d743394b05afd78dc4dbf095820c3d06,90b99f6f3310c4cb,0,,accepted_negative,
phenocam-shiningrock_2005_03_11_120000,phenocam::shiningrock_2005_03_11_120000,phenocam,shiningrock_2005_03_11_120000,shiningrock,shiningrock,2005-03-11T12:00:00,phenocam:shiningrock:2005-03-11,negative,train,images/train/phenocam-shiningrock_2005_03_11_120000.jpg,,public_v2,a33757a6ade90fdf8cc185570a19f2020d75e85b9ca6ac8a10c73323c1ffe44a,5cc8097da59378b107c50045ec0897e6ccab8dd8d2aeb9e71c70046114726aac,ac989e6f7a34e0d0,0,,accepted_negative,
phenocam-shiningrock_2005_03_17_150000,phenocam::shiningrock_2005_03_17_150000,phenocam,shiningrock_2005_03_17_150000,shiningrock,shiningrock,2005-03-17T15:00:00,phenocam:shiningrock:2005-03-17,negative,train,images/train/phenocam-shiningrock_2005_03_17_150000.jpg,,public_v2,434ec8d06b2c9eff991664819986b5929ac4594bb76687a2c9030c519b556dd2,3eb5ad9f8d8e1784f9a4bbc9c82c43b9ee7d3e09fe2b98bf385e17d9d92d9ea3,95e07a1fe57018e6,0,,accepted_negative,
phenocam-shiningrock_2005_03_24_090000,phenocam::shiningrock_2005_03_24_090000,phenocam,shiningrock_2005_03_24_090000,shiningrock,shiningrock,2005-03-24T09:00:00,phenocam:shiningrock:2005-03-24,negative,train,images/train/phenocam-shiningrock_2005_03_24_090000.jpg,,public_v2,dc50051d732e837299bc8d632dbab2551c334b2df92ecfcc827910d8c6b9e4cf,32b8691c95b0fc8bd0fa4f6f870a6e72700978a26902f6dd9fc2cc0492028794,92e87f1f876118c6,0,,accepted_negative,
phenocam-shiningrock_2005_03_31_090000,phenocam::shiningrock_2005_03_31_090000,phenocam,shiningrock_2005_03_31_090000,shiningrock,shiningrock,2005-03-31T09:00:00,phenocam:shiningrock:2005-03-31,negative,train,images/train/phenocam-shiningrock_2005_03_31_090000.jpg,,public_v2,963dc24bc46164323ec8c8aaec956db28acec37eff09082436a5c5a5b21612ee,e9ac4612794fbd3a66f8b413d3846ad9b6e14dbc5953be019c0781b744929cdb,90f1ef4f0338b8d2,0,,accepted_negative,
phenocam-siikanevabogforest_2022_06_02_000140,phenocam::siikanevabogforest_2022_06_02_000140,phenocam,siikanevabogforest_2022_06_02_000140,siikanevabogforest,siikanevabogforest,2022-06-02T00:01:40,phenocam:siikanevabogforest:2022-06-02,negative,train,images/train/phenocam-siikanevabogforest_2022_06_02_000140.jpg,,public_v2,10b6bd10d3e7f58e3d74d7c3a594612690f6b2aa6e33b851836d7245f843d734,cad5cfbfd6ddc651f5a3f13a52775840eba826fb0b067eb0b5e9c11c179421df,d8d8e8f476259913,0,,accepted_negative,
phenocam-siikanevabogforest_2022_06_15_000141,phenocam::siikanevabogforest_2022_06_15_000141,phenocam,siikanevabogforest_2022_06_15_000141,siikanevabogforest,siikanevabogforest,2022-06-15T00:01:41,phenocam:siikanevabogforest:2022-06-15,negative,train,images/train/phenocam-siikanevabogforest_2022_06_15_000141.jpg,,public_v2,09bbec90fa2e24cdc9a2f257128a87106e1f211db941775d0b6bbefc2b63c4fa,159a64b6a87f5ea16534f1f46138be6d8e880d6472568f1a80380d183eb57187,d8d8f8f0f6278107,0,,accepted_negative,
phenocam-siikanevabogforest_2022_06_20_000141,phenocam::siikanevabogforest_2022_06_20_000141,phenocam,siikanevabogforest_2022_06_20_000141,siikanevabogforest,siikanevabogforest,2022-06-20T00:01:41,phenocam:siikanevabogforest:2022-06-20,negative,train,images/train/phenocam-siikanevabogforest_2022_06_20_000141.jpg,,public_v2,603bf8242f16a205c93ec2b8a3d0f541688cc97f2325dac47aa090388111f3d6,671731cd17d0667c6d04ab6d722f983e77f405406c3c7e2bcfe1087e63875a92,d8d8e8f4f6259903,0,,accepted_negative,
phenocam-siikanevabogforest_2022_06_21_100303,phenocam::siikanevabogforest_2022_06_21_100303,phenocam,siikanevabogforest_2022_06_21_100303,siikanevabogforest,siikanevabogforest,2022-06-21T10:03:03,phenocam:siikanevabogforest:2022-06-21,negative,train,images/train/phenocam-siikanevabogforest_2022_06_21_100303.jpg,,public_v2,6fa5272b0526090cb67d129aa3110f08bd67905f3cb0e0a4f05f02ccfee18ef8,088462194ee0cc09393f04075a846d4d9e6dc2e4b74b49cbaca780654488fdee,f77c482f0853472d,0,,accepted_negative,
phenocam-siikanevabogforest_2022_06_23_141611,phenocam::siikanevabogforest_2022_06_23_141611,phenocam,siikanevabogforest_2022_06_23_141611,siikanevabogforest,siikanevabogforest,2022-06-23T14:16:11,phenocam:siikanevabogforest:2022-06-23,negative,train,images/train/phenocam-siikanevabogforest_2022_06_23_141611.jpg,,public_v2,14cb23cf850dd571b48ddb3926b60cfcc25e8f826b335f19c361278cafc7ae6e,7a7ccb0a612c18dbc10b7166f17715dc1f80561696eb2c9c2b4f37c9af324309,dbb3461b2c36466c,0,,accepted_negative,
phenocam-silverplains_2022_11_18_100505,phenocam::silverplains_2022_11_18_100505,phenocam,silverplains_2022_11_18_100505,silverplains,silverplains,2022-11-18T10:05:05,phenocam:silverplains:2022-11-18,negative,train,images/train/phenocam-silverplains_2022_11_18_100505.jpg,,public_v2,b96163c9c36a4948ea2a54dc2c2305a759e34cb58e4dd6fd010cb1ab56621eed,dab4b4107350240a753df62e4e5bb6745d2a3004395c4ff6600362510a4ebb92,95968695969695b6,0,,accepted_negative,
phenocam-silverplains_2022_11_20_090506,phenocam::silverplains_2022_11_20_090506,phenocam,silverplains_2022_11_20_090506,silverplains,silverplains,2022-11-20T09:05:06,phenocam:silverplains:2022-11-20,negative,train,images/train/phenocam-silverplains_2022_11_20_090506.jpg,,public_v2,13132fbdabf9f0b10e2fb3ebfa899b1cf68c073910ebdc90db004db1b199d11c,82c4d63e75376b96025baf34221750a117daa82dcc47d884f28476293c2604a2,8586a685aea6a7ba,0,,accepted_negative,
phenocam-siwetland_2016_11_03_114610,phenocam::siwetland_2016_11_03_114610,phenocam,siwetland_2016_11_03_114610,siwetland,siwetland,2016-11-03T11:46:10,phenocam:siwetland:2016-11-03,negative,train,images/train/phenocam-siwetland_2016_11_03_114610.jpg,,public_v2,20cb19050e7bba1641c67d809521a78874e3b3fb11b91e16597d9f858f09e7fb,799b3f1f1d9b5b1e150c148974cbaca49e56a13f7699688eec60c9f17af1e5b5,84f17e0c338b86f5,0,,accepted_negative,
phenocam-siwetland_2016_11_06_161608,phenocam::siwetland_2016_11_06_161608,phenocam,siwetland_2016_11_06_161608,siwetland,siwetland,2016-11-06T16:16:08,phenocam:siwetland:2016-11-06,negative,train,images/train/phenocam-siwetland_2016_11_06_161608.jpg,,public_v2,81a8ab1641252d37c622e4ef9594661f4a6b90930844c961ed742404c44c413a,cc612ddecfcb836a59b8681141951a83a2afbd88013d26897b53f57343f38691,cfcfc9082086c7cf,0,,accepted_negative,
phenocam-siwetland_2016_11_09_094608,phenocam::siwetland_2016_11_09_094608,phenocam,siwetland_2016_11_09_094608,siwetland,siwetland,2016-11-09T09:46:08,phenocam:siwetland:2016-11-09,negative,train,images/train/phenocam-siwetland_2016_11_09_094608.jpg,,public_v2,b70c31c425b48042480718ab4aeff98ca909a71ef257bbbb6ef45b83b5d72900,b8ffd5965f1a3705af7baa4f848f71d547d941458c4f0f39cda12d841e729402,84d17e6c73fac092,0,,accepted_negative,
phenocam-siwetland_2016_11_10_084606,phenocam::siwetland_2016_11_10_084606,phenocam,siwetland_2016_11_10_084606,siwetland,siwetland,2016-11-10T08:46:06,phenocam:siwetland:2016-11-10,negative,train,images/train/phenocam-siwetland_2016_11_10_084606.jpg,,public_v2,39291517bb69044c971983f4d6ee0af3b1692083d8edaaf81e3acc675d66de74,a3674cc477ad22f4b370af203e73e16d34c56fc9a440453db4bf130f716a2fc3,84d159495b9b8b9b,0,,accepted_negative,
phenocam-siwetland_2016_11_16_141609,phenocam::siwetland_2016_11_16_141609,phenocam,siwetland_2016_11_16_141609,siwetland,siwetland,2016-11-16T14:16:09,phenocam:siwetland:2016-11-16,negative,train,images/train/phenocam-siwetland_2016_11_16_141609.jpg,,public_v2,0fbea5c98bbe0c517dd47c385fee0ec414e7c9c72ad4f2f097d95f797ae22bda,bd989b8d45b45aee1c83affa95e54390b9be568c530ef5f243d374b15dafa042,ffff7f2f1080c000,0,,accepted_negative,
phenocam-siwetland_2016_11_19_081607,phenocam::siwetland_2016_11_19_081607,phenocam,siwetland_2016_11_19_081607,siwetland,siwetland,2016-11-19T08:16:07,phenocam:siwetland:2016-11-19,negative,train,images/train/phenocam-siwetland_2016_11_19_081607.jpg,,public_v2,5c8c78a337204b9cccf59cf1fc3eeff7434be9d180b5f7969602d4b433150dcb,e97afa2fb166b4a417d58f9067fa0dbd12468b4ce72fd6746fe9fb89be6f5d4c,d5d19d0e20e0f277,0,,accepted_negative,
phenocam-siwetland_2016_11_21_121609,phenocam::siwetland_2016_11_21_121609,phenocam,siwetland_2016_11_21_121609,siwetland,siwetland,2016-11-21T12:16:09,phenocam:siwetland:2016-11-21,negative,train,images/train/phenocam-siwetland_2016_11_21_121609.jpg,,public_v2,10d88e263cd58ffb2ed5c176eb586b863f15cc212bb079c7e4a63da0f1a05298,e508da69d83cb81450dce087a441760b7b0b4e5a7670d6d6280d45e944df7b81,c7f17a0710f1e07a,0,,accepted_negative,
phenocam-siwetland_2016_11_30_124608,phenocam::siwetland_2016_11_30_124608,phenocam,siwetland_2016_11_30_124608,siwetland,siwetland,2016-11-30T12:46:08,phenocam:siwetland:2016-11-30,negative,train,images/train/phenocam-siwetland_2016_11_30_124608.jpg,,public_v2,f7caf39a178edcec5c5b768c233d7d8ce0e64ef4461e4d9cf3d21dce1055fd51,f236d014b80101da69434c7310b60f112eba3e210abcfda42c2f948ae8a24bcc,95b5dd07138bc3e0,0,,accepted_negative,
phenocam-slatefloodplain_2023_11_02_133000,phenocam::slatefloodplain_2023_11_02_133000,phenocam,slatefloodplain_2023_11_02_133000,slatefloodplain,slatefloodplain,2023-11-02T13:30:00,phenocam:slatefloodplain:2023-11-02,negative,train,images/train/phenocam-slatefloodplain_2023_11_02_133000.jpg,,public_v2,9c400fb84ca43620bd0f7ba15bc79d56c5a5d5bb05346de9f6dfbac9b9fe4b18,e279a4f9ab8bdf49867256acf861143ad4acfa366d48eb6457d7f4d875d9986b,912e599ecd526dd0,0,,accepted_negative,
phenocam-slatefloodplain_2023_11_06_113000,phenocam::slatefloodplain_2023_11_06_113000,phenocam,slatefloodplain_2023_11_06_113000,slatefloodplain,slatefloodplain,2023-11-06T11:30:00,phenocam:slatefloodplain:2023-11-06,negative,train,images/train/phenocam-slatefloodplain_2023_11_06_113000.jpg,,public_v2,0834a7a85ff29346509db6c732fd0f9fcadb6caa8864c71dd3d8bb59c5de4500,9d5ae7af8b0fb6f23ebc1e26490e486ac1cec22311dffb6aac73d1a5000bd057,952e50cfcd526dc2,0,,accepted_negative,
phenocam-slatefloodplain_2023_11_08_113000,phenocam::slatefloodplain_2023_11_08_113000,phenocam,slatefloodplain_2023_11_08_113000,slatefloodplain,slatefloodplain,2023-11-08T11:30:00,phenocam:slatefloodplain:2023-11-08,negative,train,images/train/phenocam-slatefloodplain_2023_11_08_113000.jpg,,public_v2,667684d98c10ac69bb56d060bf84475c4c556886246ad4925f96a579d8fc7ae5,94b90c31a6fc6e3da7b028f3348515058311e24751880855152724fbdb580e81,d43994cbe5506d66,0,,accepted_negative,
phenocam-slatefloodplain_2023_11_10_123000,phenocam::slatefloodplain_2023_11_10_123000,phenocam,slatefloodplain_2023_11_10_123000,slatefloodplain,slatefloodplain,2023-11-10T12:30:00,phenocam:slatefloodplain:2023-11-10,negative,train,images/train/phenocam-slatefloodplain_2023_11_10_123000.jpg,,public_v2,b0a1dd3bd7ddd674203faba2afe975376b68ae974ca2c6e8214334dbf6ebf6db,6f8ed939808addf439eb2c79794e42922d085ec4364c2d1f1840d9c70e25a367,c439f4cbe5526d42,0,,accepted_negative,
phenocam-slatefloodplain_2023_11_12_113000,phenocam::slatefloodplain_2023_11_12_113000,phenocam,slatefloodplain_2023_11_12_113000,slatefloodplain,slatefloodplain,2023-11-12T11:30:00,phenocam:slatefloodplain:2023-11-12,negative,train,images/train/phenocam-slatefloodplain_2023_11_12_113000.jpg,,public_v2,d78ea10618c42ebd0c25487071d383a5ad7fe6500d66ae58c0cde816798541d2,2440749370332d812ace4863da175c1f0df5a138fad28fd1b75669fc80e6f120,c43974cbe5526d26,0,,accepted_negative,
phenocam-slatefloodplain_2023_11_21_133000,phenocam::slatefloodplain_2023_11_21_133000,phenocam,slatefloodplain_2023_11_21_133000,slatefloodplain,slatefloodplain,2023-11-21T13:30:00,phenocam:slatefloodplain:2023-11-21,negative,train,images/train/phenocam-slatefloodplain_2023_11_21_133000.jpg,,public_v2,de5f32dc0312ce595be174b8d473f9262ece92e9d805a417d671bc97986ba239,9a88a752a3908b223b12d5538c33556a5266061ded7f913e1c6a92609aa5021d,c639d49b6d574826,0,,accepted_negative,
phenocam-smokypurchase_2016_03_02_080044,phenocam::smokypurchase_2016_03_02_080044,phenocam,smokypurchase_2016_03_02_080044,smokypurchase,smokypurchase,2016-03-02T08:00:44,phenocam:smokypurchase:2016-03-02,negative,train,images/train/phenocam-smokypurchase_2016_03_02_080044.jpg,,public_v2,4775f370ac83baa8760bfccfe01afcf1253729c2b9504b5ad474b4be6047dfe5,2ea71a8a6f1d7c2cb4973b1f657388abcb2cf1a9713c824ce886ae62512ad9c7,c9c993395a92873e,0,,accepted_negative,
phenocam-smokypurchase_2016_03_04_100126,phenocam::smokypurchase_2016_03_04_100126,phenocam,smokypurchase_2016_03_04_100126,smokypurchase,smokypurchase,2016-03-04T10:01:26,phenocam:smokypurchase:2016-03-04,negative,train,images/train/phenocam-smokypurchase_2016_03_04_100126.jpg,,public_v2,decda829976ab715876e7bf851c1824d2371fe1d719ad14534ae30f8328bb0f2,73da170dc5b6fddb1b7754e225d6f19ded4ba36296726a30c51e86b25ddcf5fe,94e9b665cab62549,0,,accepted_negative,
phenocam-smokypurchase_2016_03_07_150123,phenocam::smokypurchase_2016_03_07_150123,phenocam,smokypurchase_2016_03_07_150123,smokypurchase,smokypurchase,2016-03-07T15:01:23,phenocam:smokypurchase:2016-03-07,negative,train,images/train/phenocam-smokypurchase_2016_03_07_150123.jpg,,public_v2,f612dcbd3f595654adb52ec15779280a0cec77958f5b6ab2c2435155dda2b57b,f6328b090ac197ef59f9adc0b68fdf3d4bae2bdc8fe2908eeca7c2f60611849e,d4eb326d4ab4a50b,0,,accepted_negative,
phenocam-smokypurchase_2016_03_08_070025,phenocam::smokypurchase_2016_03_08_070025,phenocam,smokypurchase_2016_03_08_070025,smokypurchase,smokypurchase,2016-03-08T07:00:25,phenocam:smokypurchase:2016-03-08,negative,train,images/train/phenocam-smokypurchase_2016_03_08_070025.jpg,,public_v2,d4c9ce728b8fa915296dbe9b6d8a7868dd38cd145c60c4cac0046ef159d3ed8a,c68e91b3fbd13059a4ab7593664329f12ce2243c119854b43fa63d5a557e1716,8280b57f4aaa8ddd,0,,accepted_negative,
phenocam-smokypurchase_2016_03_16_110115,phenocam::smokypurchase_2016_03_16_110115,phenocam,smokypurchase_2016_03_16_110115,smokypurchase,smokypurchase,2016-03-16T11:01:15,phenocam:smokypurchase:2016-03-16,negative,train,images/train/phenocam-smokypurchase_2016_03_16_110115.jpg,,public_v2,e2531ef5566afe11a8f08a09427b35fe49cdb5757788ac42f1d402eff3186146,a954c89cc1bf9d3c5f07702cb9755b37001892bc2a937a2e158e6345c7664893,94ab366d42b6ad49,0,,accepted_negative,
phenocam-smokypurchase_2016_03_29_060019,phenocam::smokypurchase_2016_03_29_060019,phenocam,smokypurchase_2016_03_29_060019,smokypurchase,smokypurchase,2016-03-29T06:00:19,phenocam:smokypurchase:2016-03-29,negative,train,images/train/phenocam-smokypurchase_2016_03_29_060019.jpg,,public_v2,f4f375e48b38389f7328a6d30291802bbec84c42e35b300e05d2737adfe240fe,1c4d0dbb2fe526770f6ce45dde210041e56f951dea7964a8d1477a5bceb6f733,8181767e6b8995d6,0,,accepted_negative,
phenocam-snakerivermn_2015_06_05_090126,phenocam::snakerivermn_2015_06_05_090126,phenocam,snakerivermn_2015_06_05_090126,snakerivermn,snakerivermn,2015-06-05T09:01:26,phenocam:snakerivermn:2015-06-05,negative,train,images/train/phenocam-snakerivermn_2015_06_05_090126.jpg,,public_v2,f91936219aba669c03bbe94ef61206cd1ff542221414da9b5bb7cbe2961a3fef,d15154e5837ab028d54d25329703b3cbd95f712093abc3ca4a3362f169b156b7,c0d2da9f3f37240c,0,,accepted_negative,
phenocam-snakerivermn_2015_06_11_080133,phenocam::snakerivermn_2015_06_11_080133,phenocam,snakerivermn_2015_06_11_080133,snakerivermn,snakerivermn,2015-06-11T08:01:33,phenocam:snakerivermn:2015-06-11,negative,train,images/train/phenocam-snakerivermn_2015_06_11_080133.jpg,,public_v2,5dfb29d3642605de106af945bd367ca3febba00847056e4b066fd6c15d8a55ef,c59bb86856049996ba60ff782b1c76960c21937352af80a3c3f10fe2d8ac7fca,c0d2d89f3737254c,0,,accepted_negative,
phenocam-snakerivermn_2015_06_14_100123,phenocam::snakerivermn_2015_06_14_100123,phenocam,snakerivermn_2015_06_14_100123,snakerivermn,snakerivermn,2015-06-14T10:01:23,phenocam:snakerivermn:2015-06-14,negative,train,images/train/phenocam-snakerivermn_2015_06_14_100123.jpg,,public_v2,23bbe1f485265077ed71c3e4fe7320011d7730a01f8a9e18bf47607735e16b09,9a665a35158ddd747db146ea9bc718d5fa07ce487f0b620f99e6b7544b16ef09,c0d0dabf3336266c,0,,accepted_negative,
phenocam-snakerivermn_2015_06_22_140159,phenocam::snakerivermn_2015_06_22_140159,phenocam,snakerivermn_2015_06_22_140159,snakerivermn,snakerivermn,2015-06-22T14:01:59,phenocam:snakerivermn:2015-06-22,negative,train,images/train/phenocam-snakerivermn_2015_06_22_140159.jpg,,public_v2,c00f3524b688a277b16b2eec098561ca06aeaf580045700f4e7f18fadf70d8d6,0a4651af606c2f2ed4923ee8587a78803474c7bbdc37d315b81cb8c4dd9a04ed,c0d2d8973f3d25c4,0,,accepted_negative,
phenocam-snakerivermn_2015_06_28_150110,phenocam::snakerivermn_2015_06_28_150110,phenocam,snakerivermn_2015_06_28_150110,snakerivermn,snakerivermn,2015-06-28T15:01:10,phenocam:snakerivermn:2015-06-28,negative,train,images/train/phenocam-snakerivermn_2015_06_28_150110.jpg,,public_v2,0887dcfcabb6a9548ac87f8cf3acfeb9229edf802941a0e1e72c85272e066ee1,25d8d8dbfdd38c0c336643a239f70c6ef2b7f0efcfc469ff4fb78e7966dec834,c0d2d0973b3f370c,0,,accepted_negative,
phenocam-snipelake_2012_06_02_130509,phenocam::snipelake_2012_06_02_130509,phenocam,snipelake_2012_06_02_130509,snipelake,snipelake,2012-06-02T13:05:09,phenocam:snipelake:2012-06-02,negative,train,images/train/phenocam-snipelake_2012_06_02_130509.jpg,,public_v2,2d0d01fa40c51ee06abdf1dbf57fa5aff9950c763bc2991c28a1a167a35c1f85,95b96500e334de3e5c0885c5502f347b8b11857cc5d15c01db5ede83f59a933e,90d8ec646ed6c966,0,,accepted_negative,
phenocam-snipelake_2012_06_08_120509,phenocam::snipelake_2012_06_08_120509,phenocam,snipelake_2012_06_08_120509,snipelake,snipelake,2012-06-08T12:05:09,phenocam:snipelake:2012-06-08,negative,train,images/train/phenocam-snipelake_2012_06_08_120509.jpg,,public_v2,bc7cd4c37a2b176b319768d6c235008f5c126e7bd8aaea118f76a6d17f9e01a3,5ce59743557d3135a6bc96c30196c93058017de220b7a856a9ab6cf3d596dd16,c6d1e8744da68976,0,,accepted_negative,
phenocam-snipelake_2012_06_13_110509,phenocam::snipelake_2012_06_13_110509,phenocam,snipelake_2012_06_13_110509,snipelake,snipelake,2012-06-13T11:05:09,phenocam:snipelake:2012-06-13,negative,train,images/train/phenocam-snipelake_2012_06_13_110509.jpg,,public_v2,d6bf6c1f014f26f41211b085a2af7f8ef51b0261a323040da81d9a537be64970,488ef0735c35cfb8de1bb76f38d0fbea6785a5abf8adb330db35176a4f25e526,d0d9ae0649f2b966,0,,accepted_negative,
phenocam-snipelake_2012_06_19_130510,phenocam::snipelake_2012_06_19_130510,phenocam,snipelake_2012_06_19_130510,snipelake,snipelake,2012-06-19T13:05:10,phenocam:snipelake:2012-06-19,negative,train,images/train/phenocam-snipelake_2012_06_19_130510.jpg,,public_v2,afaee33e36be284b4cbfdf9511ac1822a596f4361aee69548bde104187f0ceef,d3b78e86833898e5acdc39bd405fc55c0ec7c3f426de504d4a2e2d55b09acdf5,d495ca001fffa926,0,,accepted_negative,
phenocam-snipelake_2012_06_20_110510,phenocam::snipelake_2012_06_20_110510,phenocam,snipelake_2012_06_20_110510,snipelake,snipelake,2012-06-20T11:05:10,phenocam:snipelake:2012-06-20,negative,train,images/train/phenocam-snipelake_2012_06_20_110510.jpg,,public_v2,1e402f6d790ede36b103d6dab650ce25e6d45fc3616668fc472b79e476e99d17,86e675e46b2597195f738b69bb8a8a96072bea6bd842649a1b419eed0349dc5d,94d7e6325be3c122,0,,accepted_negative,
phenocam-snipelake_2012_06_21_110510,phenocam::snipelake_2012_06_21_110510,phenocam,snipelake_2012_06_21_110510,snipelake,snipelake,2012-06-21T11:05:10,phenocam:snipelake:2012-06-21,negative,train,images/train/phenocam-snipelake_2012_06_21_110510.jpg,,public_v2,6a0e6ec3ec1dc8caf68d5bb181741ef87eb798a4f2bd6331772115a60553880e,80560efb464b373c1b6c5ae54e2a112fc265a0d5de05de880bfae75d47799bc5,c09f68721dbee126,0,,accepted_negative,
phenocam-snodgrass2_2022_01_05_090140,phenocam::snodgrass2_2022_01_05_090140,phenocam,snodgrass2_2022_01_05_090140,snodgrass2,snodgrass2,2022-01-05T09:01:40,phenocam:snodgrass2:2022-01-05,negative,train,images/train/phenocam-snodgrass2_2022_01_05_090140.jpg,,public_v2,1fd455b282997ed5cc8836146c23b33e64305a5ca009f9942d8f277a4afd29a8,f2f5a36f3e7c3aad81d952bc570af6365a5872f05aa9cf8389cc4124484d13e3,b038474f4e58cbcb,0,,accepted_negative,
phenocam-snodgrass2_2022_01_20_140141,phenocam::snodgrass2_2022_01_20_140141,phenocam,snodgrass2_2022_01_20_140141,snodgrass2,snodgrass2,2022-01-20T14:01:41,phenocam:snodgrass2:2022-01-20,negative,train,images/train/phenocam-snodgrass2_2022_01_20_140141.jpg,,public_v2,78d71a246ae15f95a5d1db584b049f09b985329a5c262e9db0596ee999e91dd6,4d8c7687fbb3f2d49b6067d469015807b547b10d4ae72a56be4348253e5a44d0,83a70ef3f01e43b8,0,,accepted_negative,
phenocam-snodgrass2_2022_01_20_150141,phenocam::snodgrass2_2022_01_20_150141,phenocam,snodgrass2_2022_01_20_150141,snodgrass2,snodgrass2,2022-01-20T15:01:41,phenocam:snodgrass2:2022-01-20,negative,train,images/train/phenocam-snodgrass2_2022_01_20_150141.jpg,,public_v2,a0fc81158b248c757b0ec67de5ce6622593f04c9646e1030fca0370687dbaad7,fd6f117c3f99b3c501b33c945b1c20a5c9af300c4ed0aa94992c31b35a5fd84a,b03b06875ad94b79,0,,accepted_negative,
phenocam-snodgrass2_2022_01_24_140141,phenocam::snodgrass2_2022_01_24_140141,phenocam,snodgrass2_2022_01_24_140141,snodgrass2,snodgrass2,2022-01-24T14:01:41,phenocam:snodgrass2:2022-01-24,negative,train,images/train/phenocam-snodgrass2_2022_01_24_140141.jpg,,public_v2,cdbc35ab34806ae770d49eee75c155d4454f03bd65c293b66b0cd10d6d4de3aa,4025fceb687a7a61d9982d9595a02a9d50db2d4b0b58a58c5cc9174b58a29386,b039074f78d8cbd8,0,,accepted_negative,
phenocam-snodgrass2_2022_01_31_160141,phenocam::snodgrass2_2022_01_31_160141,phenocam,snodgrass2_2022_01_31_160141,snodgrass2,snodgrass2,2022-01-31T16:01:41,phenocam:snodgrass2:2022-01-31,negative,train,images/train/phenocam-snodgrass2_2022_01_31_160141.jpg,,public_v2,bceacb7269a4163452055d6da724def1ac2c81b4bb5745622d96837483be8b25,73bede5961c0d5d3215470f52d287b4e8fdd8d9faa4590eed7473fc0a5341343,b839074b18d9cbf8,0,,accepted_negative,
phenocam-snodgrass3_2023_04_09_115636,phenocam::snodgrass3_2023_04_09_115636,phenocam,snodgrass3_2023_04_09_115636,snodgrass3,snodgrass3,2023-04-09T11:56:36,phenocam:snodgrass3:2023-04-09,negative,train,images/train/phenocam-snodgrass3_2023_04_09_115636.jpg,,public_v2,49f23547660d2dcaf946e4b0ce243734c82c719a5ae8e6e710ccf83dd0b96b2a,473a5bd942d28c6fb0fb5107fd6a2eb7a7edc24376986da0fda188a614fa41c4,852d7cf0d08f8ed4,0,,accepted_negative,
phenocam-snodgrass3_2023_04_10_080135,phenocam::snodgrass3_2023_04_10_080135,phenocam,snodgrass3_2023_04_10_080135,snodgrass3,snodgrass3,2023-04-10T08:01:35,phenocam:snodgrass3:2023-04-10,negative,train,images/train/phenocam-snodgrass3_2023_04_10_080135.jpg,,public_v2,9edbafaf49c75deb04719755a9313f57ad8504c1240af9a28b0487d7792baaee,2a6db90d34f7d8ce81d6738dcdab04e1c129ca8e669c76f3964fcae397fb3b18,85a56c68d09d3f74,0,,accepted_negative,
phenocam-snodgrass3_2023_04_15_090135,phenocam::snodgrass3_2023_04_15_090135,phenocam,snodgrass3_2023_04_15_090135,snodgrass3,snodgrass3,2023-04-15T09:01:35,phenocam:snodgrass3:2023-04-15,negative,train,images/train/phenocam-snodgrass3_2023_04_15_090135.jpg,,public_v2,88bffb65bb9ef1328fd2fab8771afd167e6b84ad6d441f832653b012fb7adf61,60a0cd43804ca84317928239444a1387203cc643bfe1cd6344256a7aa435cf00,842d6cf0c19b1ef6,0,,accepted_negative,
phenocam-snodgrass3_2023_04_15_150135,phenocam::snodgrass3_2023_04_15_150135,phenocam,snodgrass3_2023_04_15_150135,snodgrass3,snodgrass3,2023-04-15T15:01:35,phenocam:snodgrass3:2023-04-15,negative,train,images/train/phenocam-snodgrass3_2023_04_15_150135.jpg,,public_v2,b7cf8cb8f1e02b98919d4624d206af05f51a70550f51bfbe5820c1706dced9c4,327a607cc3618aac7068d6235471de6ca57566a5da42687932ae51654b4e02ce,85347cd4d18d8dea,0,,accepted_negative,
phenocam-snodgrass3_2023_04_21_080134,phenocam::snodgrass3_2023_04_21_080134,phenocam,snodgrass3_2023_04_21_080134,snodgrass3,snodgrass3,2023-04-21T08:01:34,phenocam:snodgrass3:2023-04-21,negative,train,images/train/phenocam-snodgrass3_2023_04_21_080134.jpg,,public_v2,e3ebf21f3573b8e9aac4b40fc577000cd78703bcab20cbe3b06f5c36f7ea2003,d056039d5d7361e5e82e734c00eb6642057fe6faa960be8a871f7636e18fa6d4,85257cf0c18d9ef4,0,,accepted_negative,
phenocam-snodgrass3_2023_04_30_100136,phenocam::snodgrass3_2023_04_30_100136,phenocam,snodgrass3_2023_04_30_100136,snodgrass3,snodgrass3,2023-04-30T10:01:36,phenocam:snodgrass3:2023-04-30,negative,train,images/train/phenocam-snodgrass3_2023_04_30_100136.jpg,,public_v2,6dc268c2720039c1a484aba3e3997c1a25d65e912dd785bb95beb0717bb600db,498dd912fa7f802ae94d00674d39bd764b3d372c3d08d6b18e156ebbc1f1711e,852c7870d29f9ed4,0,,accepted_negative,
phenocam-snodgrass4_2023_04_11_140138,phenocam::snodgrass4_2023_04_11_140138,phenocam,snodgrass4_2023_04_11_140138,snodgrass4,snodgrass4,2023-04-11T14:01:38,phenocam:snodgrass4:2023-04-11,negative,train,images/train/phenocam-snodgrass4_2023_04_11_140138.jpg,,public_v2,40b1a1c1721288695fcb11530e43312da6d479ee2d9ec87d40f6e00a9b0ad9cb,55dbc7dca271942d1ac7c4f17dfc2430de2cbea0417804dc55c67726a8f7d07d,d57c2990dae9643a,0,,accepted_negative,
phenocam-snodgrass4_2023_04_12_150138,phenocam::snodgrass4_2023_04_12_150138,phenocam,snodgrass4_2023_04_12_150138,snodgrass4,snodgrass4,2023-04-12T15:01:38,phenocam:snodgrass4:2023-04-12,negative,train,images/train/phenocam-snodgrass4_2023_04_12_150138.jpg,,public_v2,418a55b683d45d01b429c24acfc5eae7ee5b40029cc550a14df4604c71ba9242,76f143dadae56d78f866c7796a3d1a59c7d7db8295dea86062668574804ba8ff,d63d3190c26f6aa6,0,,accepted_negative,
phenocam-snodgrass4_2023_04_19_100138,phenocam::snodgrass4_2023_04_19_100138,phenocam,snodgrass4_2023_04_19_100138,snodgrass4,snodgrass4,2023-04-19T10:01:38,phenocam:snodgrass4:2023-04-19,negative,train,images/train/phenocam-snodgrass4_2023_04_19_100138.jpg,,public_v2,bed54db2d37a7a9c0dc11638e16dc5ec824f1d210f82bd8486b2a29acefcd66f,b05290dd6a90e2a9e8bb10bf4f43b826276569eaf32d13f68689582a5594bc85,de3d109291ca6e6e,0,,accepted_negative,
phenocam-snodgrass4_2023_04_25_090137,phenocam::snodgrass4_2023_04_25_090137,phenocam,snodgrass4_2023_04_25_090137,snodgrass4,snodgrass4,2023-04-25T09:01:37,phenocam:snodgrass4:2023-04-25,negative,train,images/train/phenocam-snodgrass4_2023_04_25_090137.jpg,,public_v2,a285cc6fbdf628f3a0e6df26ef353262cb24e5931827a7c9d84051fbfb452313,603d8d2010e60c89a1aac292ade4dd522fbbfa63ecda01d0102e2d362151c47a,da3d319281ca6e3e,0,,accepted_negative,
phenocam-snodgrass4_2023_04_30_140138,phenocam::snodgrass4_2023_04_30_140138,phenocam,snodgrass4_2023_04_30_140138,snodgrass4,snodgrass4,2023-04-30T14:01:38,phenocam:snodgrass4:2023-04-30,negative,train,images/train/phenocam-snodgrass4_2023_04_30_140138.jpg,,public_v2,d45116c93341e16c1909451b37da4e1f2219ecf589bc01e5bae6460213607c21,0675cf9122683904efacd25695e3cdc1cbc635f1b3bae8d9fbffd6da1953bd1b,d42d3192c26dee36,0,,accepted_negative,
phenocam-snodgrass5_2023_02_04_130137,phenocam::snodgrass5_2023_02_04_130137,phenocam,snodgrass5_2023_02_04_130137,snodgrass5,snodgrass5,2023-02-04T13:01:37,phenocam:snodgrass5:2023-02-04,negative,train,images/train/phenocam-snodgrass5_2023_02_04_130137.jpg,,public_v2,8adaebd0990a4b1d993af633c9f9ca723bb683d650e36143ac637e547574ed2d,c2aaf9111d629e273df5171b5fa51671d01a7f5cdedde52c206f9c77a9a3e150,9038c4c46ff79339,0,,accepted_negative,
phenocam-snodgrass5_2023_02_16_150137,phenocam::snodgrass5_2023_02_16_150137,phenocam,snodgrass5_2023_02_16_150137,snodgrass5,snodgrass5,2023-02-16T15:01:37,phenocam:snodgrass5:2023-02-16,negative,train,images/train/phenocam-snodgrass5_2023_02_16_150137.jpg,,public_v2,976495810b37cb7f6d78bb5a1eeee95b31fc1276f0160a2d13543c9583121730,c40fdf053198922126e6b5e04826592250c273fcdce6313f4f3753cc49359ae3,9038c1cc6ef79339,0,,accepted_negative,
phenocam-snodgrass5_2023_02_24_100138,phenocam::snodgrass5_2023_02_24_100138,phenocam,snodgrass5_2023_02_24_100138,snodgrass5,snodgrass5,2023-02-24T10:01:38,phenocam:snodgrass5:2023-02-24,negative,train,images/train/phenocam-snodgrass5_2023_02_24_100138.jpg,,public_v2,a7b713dc21d3e9e5aa090890f8a3ac863045099564f5e13ec642e51d517d9d56,f3f07c2a6edc44ca6213bf487e45492235fb110a045cd38c479aa5596de63e11,9090cec627379f39,0,,accepted_negative,
phenocam-snodgrass5_2023_02_27_080135,phenocam::snodgrass5_2023_02_27_080135,phenocam,snodgrass5_2023_02_27_080135,snodgrass5,snodgrass5,2023-02-27T08:01:35,phenocam:snodgrass5:2023-02-27,negative,train,images/train/phenocam-snodgrass5_2023_02_27_080135.jpg,,public_v2,d7a902642db0e13d4607eb7cac25060be49ef761edc795095cf90da9c2d29d67,a8df4a7b7bbba34fb5027fff7a2929f35e83e954d9841e354c4c01a11474849a,9090c4e6661f9f1f,0,,accepted_negative,
phenocam-snodgrass6_2023_11_01_080107,phenocam::snodgrass6_2023_11_01_080107,phenocam,snodgrass6_2023_11_01_080107,snodgrass6,snodgrass6,2023-11-01T08:01:07,phenocam:snodgrass6:2023-11-01,negative,train,images/train/phenocam-snodgrass6_2023_11_01_080107.jpg,,public_v2,4e4551e1fffa4cdf1b15b55cbee0e696344da26fb8bb67dec8602c53b777e453,19da418b941db1a5c091f9543fed4d76cc5344ca8b0ffae5f6ba24b9550b4cba,ae2454a89dd56d56,0,,accepted_negative,
phenocam-snodgrass6_2023_11_03_130109,phenocam::snodgrass6_2023_11_03_130109,phenocam,snodgrass6_2023_11_03_130109,snodgrass6,snodgrass6,2023-11-03T13:01:09,phenocam:snodgrass6:2023-11-03,negative,train,images/train/phenocam-snodgrass6_2023_11_03_130109.jpg,,public_v2,b073ad23704faab730c9fd6fa8d8bc14013453a26165a1f51d2926df218ee32d,70e4df6a69bbb7c9b4a5cb2d3e01f262b7826b1d348ba09ef4ec9f2165613ca7,826e2ced841565fd,0,,accepted_negative,
phenocam-snodgrass6_2023_11_19_150109,phenocam::snodgrass6_2023_11_19_150109,phenocam,snodgrass6_2023_11_19_150109,snodgrass6,snodgrass6,2023-11-19T15:01:09,phenocam:snodgrass6:2023-11-19,negative,train,images/train/phenocam-snodgrass6_2023_11_19_150109.jpg,,public_v2,c51bce74892ead4cd3d41a10036ab1624549c471962341c92ffc87572e4b581c,737a2de7f04fa579cdb739baae4dcdc169839a00883c7a1b5563cc35c456026f,842e2cae8c5d55f5,0,,accepted_negative,
phenocam-snodgrass6_2023_11_20_130109,phenocam::snodgrass6_2023_11_20_130109,phenocam,snodgrass6_2023_11_20_130109,snodgrass6,snodgrass6,2023-11-20T13:01:09,phenocam:snodgrass6:2023-11-20,negative,train,images/train/phenocam-snodgrass6_2023_11_20_130109.jpg,,public_v2,505c19a00f92288d22ea2a27bee41f591a126e2d7982642fb45ba6ec60cab96c,55a6f18d64fcb2848339d5baaae815866aa37fb72453211a76f32e0ce75d1538,846e2cac855d55f5,0,,accepted_negative,
phenocam-snodgrass6_2023_11_24_140109,phenocam::snodgrass6_2023_11_24_140109,phenocam,snodgrass6_2023_11_24_140109,snodgrass6,snodgrass6,2023-11-24T14:01:09,phenocam:snodgrass6:2023-11-24,negative,train,images/train/phenocam-snodgrass6_2023_11_24_140109.jpg,,public_v2,0457276d532b233d865fd7a99e475dd2c88326a3fe03fbd6dfafe9ef41e6a596,5476e514ccdc7b81d5ce3b206c46f7814c2408e4e93498a1b8a93162a6591148,842e2cac8d1d75f5,0,,accepted_negative,
phenocam-snodgrass7_2022_09_02_110140,phenocam::snodgrass7_2022_09_02_110140,phenocam,snodgrass7_2022_09_02_110140,snodgrass7,snodgrass7,2022-09-02T11:01:40,phenocam:snodgrass7:2022-09-02,negative,train,images/train/phenocam-snodgrass7_2022_09_02_110140.jpg,,public_v2,c161fd455ec25cddce7cd40f157f1f23213083b0a4396625454810d8afc7a75b,a9012cf002dd2999602ec4656923c6ee9794e01ca4b77dd532bd71349e732ac3,e90f16e4817b46ab,0,,accepted_negative,
phenocam-snodgrass7_2022_09_03_160141,phenocam::snodgrass7_2022_09_03_160141,phenocam,snodgrass7_2022_09_03_160141,snodgrass7,snodgrass7,2022-09-03T16:01:41,phenocam:snodgrass7:2022-09-03,negative,train,images/train/phenocam-snodgrass7_2022_09_03_160141.jpg,,public_v2,b4657503a342f14c1445444d0b1f66fb7b1d14e99a1dfbf7970a449fbf5645c4,32b485b30f73c263dc50f2a52cf0fc2e3a721bd009ce0927d7f53132bfc55cbe,cd987312ec83744f,0,,accepted_negative,
phenocam-snodgrass7_2022_09_04_100140,phenocam::snodgrass7_2022_09_04_100140,phenocam,snodgrass7_2022_09_04_100140,snodgrass7,snodgrass7,2022-09-04T10:01:40,phenocam:snodgrass7:2022-09-04,negative,train,images/train/phenocam-snodgrass7_2022_09_04_100140.jpg,,public_v2,9c664ada24aea751a6d2f658ecbcf09af947519ba61b8e48f2d29d9205e477d3,5b914308773aceae357cd7c5d7926d92e160d76018d3d9311550ffed0822193c,fd081ae41d72ccb3,0,,accepted_negative,
phenocam-snodgrass7_2022_09_09_130140,phenocam::snodgrass7_2022_09_09_130140,phenocam,snodgrass7_2022_09_09_130140,snodgrass7,snodgrass7,2022-09-09T13:01:40,phenocam:snodgrass7:2022-09-09,negative,train,images/train/phenocam-snodgrass7_2022_09_09_130140.jpg,,public_v2,b00e6c30725ac15071b4076a698ae13353fece107ea7133328ffaab5bcefd963,0f91a10e764b68ed8bfea0268e8ea410400e965820a244cf2eacbe82fcc78f5d,c2243da65f933c66,0,,accepted_negative,
phenocam-snodgrass7_2022_09_11_080141,phenocam::snodgrass7_2022_09_11_080141,phenocam,snodgrass7_2022_09_11_080141,snodgrass7,snodgrass7,2022-09-11T08:01:41,phenocam:snodgrass7:2022-09-11,negative,train,images/train/phenocam-snodgrass7_2022_09_11_080141.jpg,,public_v2,7af50e68b0da4255ec0fa3b9c60b56b312ef5b6dae84e0add4425b169f9685aa,fdb09c948fb678c77117a221ff0ab546d40d52b06a7e0cfd8afbeb2973e6dace,870e563539f3e262,0,,accepted_negative,
phenocam-snodgrass7_2022_09_18_160140,phenocam::snodgrass7_2022_09_18_160140,phenocam,snodgrass7_2022_09_18_160140,snodgrass7,snodgrass7,2022-09-18T16:01:40,phenocam:snodgrass7:2022-09-18,negative,train,images/train/phenocam-snodgrass7_2022_09_18_160140.jpg,,public_v2,e35c9613ca721f758a8f233b7cb0eb54999d1d08052366055b1cf68c5dad1192,a35c4aaa83447fd2eee3960b0e5615d385918a78636a5c4c38a9c5111c0626f8,c28c18f13fd96f21,0,,accepted_negative,
phenocam-snodgrass7_2022_09_23_080141,phenocam::snodgrass7_2022_09_23_080141,phenocam,snodgrass7_2022_09_23_080141,snodgrass7,snodgrass7,2022-09-23T08:01:41,phenocam:snodgrass7:2022-09-23,negative,train,images/train/phenocam-snodgrass7_2022_09_23_080141.jpg,,public_v2,0cea68223849b3ad3a61c5005cc4779ee14452c2d3cffdd39676ee554872559f,39763a110242a91eb25ba56c1fb39cb38a4af94ec70383b98167499910ece471,c94d16123dd3f368,0,,accepted_negative,
phenocam-snodgrass7_2022_09_26_115640,phenocam::snodgrass7_2022_09_26_115640,phenocam,snodgrass7_2022_09_26_115640,snodgrass7,snodgrass7,2022-09-26T11:56:40,phenocam:snodgrass7:2022-09-26,negative,train,images/train/phenocam-snodgrass7_2022_09_26_115640.jpg,,public_v2,6662f8af84a6bd4ee596f73c96b9bfae5a35e1728443044f53c70b402be39ef0,498d540458cea7ae86147ba6a0edc3a34b0725519375e7813bfd3f5e12a26420,fb8cc8161b3be125,0,,accepted_negative,
phenocam-snodgrass8_2023_10_03_140139,phenocam::snodgrass8_2023_10_03_140139,phenocam,snodgrass8_2023_10_03_140139,snodgrass8,snodgrass8,2023-10-03T14:01:39,phenocam:snodgrass8:2023-10-03,negative,train,images/train/phenocam-snodgrass8_2023_10_03_140139.jpg,,public_v2,3eb12d0ec8ee360135283c71239fce77183be4e43db891fcefa5d334346ed16b,765c7b1fbdef78ec965f340c9fa77df89f46bdc5a4996da051517e4b58d9d34d,8bbcaa34e7318335,0,,accepted_negative,
phenocam-snodgrass8_2023_10_12_130139,phenocam::snodgrass8_2023_10_12_130139,phenocam,snodgrass8_2023_10_12_130139,snodgrass8,snodgrass8,2023-10-12T13:01:39,phenocam:snodgrass8:2023-10-12,negative,train,images/train/phenocam-snodgrass8_2023_10_12_130139.jpg,,public_v2,f01a54ff65bc560896dddfc4d6b21432962a2522686ca6787c53385e1789709e,53c0b49ed6c77148d20cc9df3f45417727dd735a636035cf49ba959a26083f46,83f49b79a6198707,0,,accepted_negative,
phenocam-snodgrass8_2023_10_26_115639,phenocam::snodgrass8_2023_10_26_115639,phenocam,snodgrass8_2023_10_26_115639,snodgrass8,snodgrass8,2023-10-26T11:56:39,phenocam:snodgrass8:2023-10-26,negative,train,images/train/phenocam-snodgrass8_2023_10_26_115639.jpg,,public_v2,1f5001c38b45c140f8608227f631ec8ee0ff16566e992d7b3f1838e0e0402ba4,768ee801b56caafe43f7bac705a0413152a383b06c6e56346528209cfab2dc76,8dbc93bc309b4734,0,,accepted_negative,
phenocam-snodgrass8_2023_10_29_140139,phenocam::snodgrass8_2023_10_29_140139,phenocam,snodgrass8_2023_10_29_140139,snodgrass8,snodgrass8,2023-10-29T14:01:39,phenocam:snodgrass8:2023-10-29,negative,train,images/train/phenocam-snodgrass8_2023_10_29_140139.jpg,,public_v2,5b178292e63d5d3e27edbc2cb2a733ebd697ef696e20062df39e14cbd0ecd0c4,282bb54bc99e4f65a20214750a58960d45b3eedcb4a4086d1a8f82220d17062e,8178f4faa554871e,0,,accepted_negative,
phenocam-snodgrass8_2023_10_30_160138,phenocam::snodgrass8_2023_10_30_160138,phenocam,snodgrass8_2023_10_30_160138,snodgrass8,snodgrass8,2023-10-30T16:01:38,phenocam:snodgrass8:2023-10-30,negative,train,images/train/phenocam-snodgrass8_2023_10_30_160138.jpg,,public_v2,ab12adc6d386d90942474ef5087ba0bd0fa41ce6150fd867dc04959c13e543d2,b0f97db89c9d14f6c3d65ab51b696affa8c6c19d428eee78a0324ddc1137cf30,83ba8b3985339769,0,,accepted_negative,
phenocam-sprucet0p06sh_2017_11_29_110604,phenocam::spruceT0P06SH_2017_11_29_110604,phenocam,spruceT0P06SH_2017_11_29_110604,spruceT0P06SH,spruceT0P06SH,2017-11-29T11:06:04,phenocam:spruceT0P06SH:2017-11-29,negative,train,images/train/phenocam-sprucet0p06sh_2017_11_29_110604.jpg,,public_v2,7a73a4f5ca7a123059a519f88a6b2f6fc61ba3ebbccaeef0dfcb52539a28faf3,47dfc4dc7ebce0c7a01c2f6f92b9ca51d7a69ee594edc8a1a58adc1bd7f4240e,9380aa86bf05b6bd,0,,accepted_negative,
phenocam-sprucet0p06sh_2017_11_29_201007,phenocam::spruceT0P06SH_2017_11_29_201007,phenocam,spruceT0P06SH_2017_11_29_201007,spruceT0P06SH,spruceT0P06SH,2017-11-29T20:10:07,phenocam:spruceT0P06SH:2017-11-29,negative,train,images/train/phenocam-sprucet0p06sh_2017_11_29_201007.jpg,,public_v2,ee74bae25d43aa1518dbfe538deeb07fcdadab13ef972c9a0515463af263da8d,d930111fd0c74b02429ff47a4cc6743c16501a4cb4144b1593e218674b0bc27c,d8f8f8f8d8d8c8c0,0,,accepted_negative,
phenocam-sprucet0p06sh_2017_11_30_054006,phenocam::spruceT0P06SH_2017_11_30_054006,phenocam,spruceT0P06SH_2017_11_30_054006,spruceT0P06SH,spruceT0P06SH,2017-11-30T05:40:06,phenocam:spruceT0P06SH:2017-11-30,negative,train,images/train/phenocam-sprucet0p06sh_2017_11_30_054006.jpg,,public_v2,bb9f2286067be09223044f9d5ff34c1f37938d1e6a37b74ef98fbae3a214bd60,6d1ed8506ee3edcdb4bacf25bced43b90718f4caa96c1a03cd6ea4744905ed88,d8f8f8f8d8d8c8c0,0,,accepted_negative,
phenocam-sprucet0p06sh_2017_11_30_164005,phenocam::spruceT0P06SH_2017_11_30_164005,phenocam,spruceT0P06SH_2017_11_30_164005,spruceT0P06SH,spruceT0P06SH,2017-11-30T16:40:05,phenocam:spruceT0P06SH:2017-11-30,negative,train,images/train/phenocam-sprucet0p06sh_2017_11_30_164005.jpg,,public_v2,5f4cf2413ad3fce506b6595fe1b1275647d85d16eff2b1b27e64c100886bbf15,d1cd7b4da72fdb624f4740275fe43b952ac1653413bf62e0e6c156576dc92454,db80ba84f991f4d4,0,,accepted_negative,
phenocam-sprucet2p11esh_2017_11_29_134507,phenocam::spruceT2P11ESH_2017_11_29_134507,phenocam,spruceT2P11ESH_2017_11_29_134507,spruceT2P11ESH,spruceT2P11ESH,2017-11-29T13:45:07,phenocam:spruceT2P11ESH:2017-11-29,negative,train,images/train/phenocam-sprucet2p11esh_2017_11_29_134507.jpg,,public_v2,e1df4c7372b8bd72a77a6bda675a359fa2c76c32e7dfc66a4f7183f4672260f7,a3a6e2390792e9765932cc20f8ca65f94ccbcfab57294521d0927f2f41044290,9585529576566c3e,0,,accepted_negative,
phenocam-sprucet2p11esh_2017_11_30_064506,phenocam::spruceT2P11ESH_2017_11_30_064506,phenocam,spruceT2P11ESH_2017_11_30_064506,spruceT2P11ESH,spruceT2P11ESH,2017-11-30T06:45:06,phenocam:spruceT2P11ESH:2017-11-30,negative,train,images/train/phenocam-sprucet2p11esh_2017_11_30_064506.jpg,,public_v2,b1d79a981d5b2bd0690daf3185f7a716abdf80db41c785ebb7cd94ba68a9cbe9,d79d05f03baa2b1244165a2e2968a68a4d0a015f0c587fbf9eb71b32e4816822,d8f8f8f8d8d8c8c0,0,,accepted_negative,
phenocam-sprucet4p04esh_2017_11_29_150907,phenocam::spruceT4P04ESH_2017_11_29_150907,phenocam,spruceT4P04ESH_2017_11_29_150907,spruceT4P04ESH,spruceT4P04ESH,2017-11-29T15:09:07,phenocam:spruceT4P04ESH:2017-11-29,negative,train,images/train/phenocam-sprucet4p04esh_2017_11_29_150907.jpg,,public_v2,38f7914ad3686b60dfc4db2ae01f7311cf2f7c9672437a7f1d452cf255950fc9,7c3ff75373e3ebfe58f74ff62aa4493f8ba23fcad6193763e5483e168bf1a47d,e7ed730d25231117,0,,accepted_negative,
phenocam-sprucet4p04esh_2017_11_29_180906,phenocam::spruceT4P04ESH_2017_11_29_180906,phenocam,spruceT4P04ESH_2017_11_29_180906,spruceT4P04ESH,spruceT4P04ESH,2017-11-29T18:09:06,phenocam:spruceT4P04ESH:2017-11-29,negative,train,images/train/phenocam-sprucet4p04esh_2017_11_29_180906.jpg,,public_v2,53e827229d92e1cadeb28f8130e3d7ab774ba0ae559cdd160067cf34e0cb61c2,b471f1b058508df3ba01c06ba8c8b55c16cea54e75166c02d6f589ee61d863a3,d8f8f8f8d8d8c8c0,0,,accepted_negative,
phenocam-sprucet4p04esh_2017_11_30_200905,phenocam::spruceT4P04ESH_2017_11_30_200905,phenocam,spruceT4P04ESH_2017_11_30_200905,spruceT4P04ESH,spruceT4P04ESH,2017-11-30T20:09:05,phenocam:spruceT4P04ESH:2017-11-30,negative,train,images/train/phenocam-sprucet4p04esh_2017_11_30_200905.jpg,,public_v2,4e89f559856abb0da0f396d755b572e28e1becb7162fae69eaf366359e221985,c6bedfc507d895f8b8972756ad6199c59d219264c126f745ce0d3998d1ef92f0,d8f8f8f8d8d8c8c0,0,,accepted_negative,
phenocam-sprucet4p13sh_2017_11_29_133206,phenocam::spruceT4P13SH_2017_11_29_133206,phenocam,spruceT4P13SH_2017_11_29_133206,spruceT4P13SH,spruceT4P13SH,2017-11-29T13:32:06,phenocam:spruceT4P13SH:2017-11-29,negative,train,images/train/phenocam-sprucet4p13sh_2017_11_29_133206.jpg,,public_v2,b6c9fc0afea13db5cb520f878cbe779fbbca32b4b030a3d45052d813e153c5be,2cad34616699ecb2eba0c0c412d3f66e6c2dcfcf614ce72ae04aa9e544f966b7,95caba2c27172d39,0,,accepted_negative,
phenocam-sprucet4p13sh_2017_11_30_170206,phenocam::spruceT4P13SH_2017_11_30_170206,phenocam,spruceT4P13SH_2017_11_30_170206,spruceT4P13SH,spruceT4P13SH,2017-11-30T17:02:06,phenocam:spruceT4P13SH:2017-11-30,negative,train,images/train/phenocam-sprucet4p13sh_2017_11_30_170206.jpg,,public_v2,beaef2fd6a6571d601a8e6197a2cd43bb898cd0f0b21064ffd0655b5b2df23f5,ef46b9b2c10c14a6dfb9cfd4b61b82cdabed6c4940bdabca09ce66eb4c7f230a,d8f8f8f8d8d8c8c0,0,,accepted_negative,
phenocam-sprucet4p13sh_2017_11_30_183205,phenocam::spruceT4P13SH_2017_11_30_183205,phenocam,spruceT4P13SH_2017_11_30_183205,spruceT4P13SH,spruceT4P13SH,2017-11-30T18:32:05,phenocam:spruceT4P13SH:2017-11-30,negative,train,images/train/phenocam-sprucet4p13sh_2017_11_30_183205.jpg,,public_v2,d14e95081d940a1f0734abf6c185abcb42188250643f7e0f5bfe1447657c683e,12dd9bf71f35ab5b99ae576dc8af47df4dc8de2da074ca27def70ea844cf7859,d8f8f8f8d8d8c8c0,0,,accepted_negative,
phenocam-sprucet6p08sh_2017_11_29_164307,phenocam::spruceT6P08SH_2017_11_29_164307,phenocam,spruceT6P08SH_2017_11_29_164307,spruceT6P08SH,spruceT6P08SH,2017-11-29T16:43:07,phenocam:spruceT6P08SH:2017-11-29,negative,train,images/train/phenocam-sprucet6p08sh_2017_11_29_164307.jpg,,public_v2,699f6db83d3542b57a68473a0d4c4481a6db6f0f243ee61cdee6dd37d0ca168a,66787927e0e3913e22080a5fb08534819449c77bbf657e645ca0415766551abe,c9a199cc21f9cda9,0,,accepted_negative,
phenocam-sprucet6p08sh_2017_11_30_114306,phenocam::spruceT6P08SH_2017_11_30_114306,phenocam,spruceT6P08SH_2017_11_30_114306,spruceT6P08SH,spruceT6P08SH,2017-11-30T11:43:06,phenocam:spruceT6P08SH:2017-11-30,negative,train,images/train/phenocam-sprucet6p08sh_2017_11_30_114306.jpg,,public_v2,7c29c815ca964ae36390df6d423c6110dd365de301b256062841d34f183d6077,7863dbaaf9dd20b02aa20a2ed2e0d70bb4f2ab4b212564ce6c84a9679c9a1ef4,d985196c21f94d2f,0,,accepted_negative,
phenocam-sprucet6p08sh_2017_11_30_164305,phenocam::spruceT6P08SH_2017_11_30_164305,phenocam,spruceT6P08SH_2017_11_30_164305,spruceT6P08SH,spruceT6P08SH,2017-11-30T16:43:05,phenocam:spruceT6P08SH:2017-11-30,negative,train,images/train/phenocam-sprucet6p08sh_2017_11_30_164305.jpg,,public_v2,62fd25c7858d16d64c862afea525c196a66a6e24931444538cdc22c83a9e10ba,d75e4ad27c9dc60626e617dbb02e24802d34dcd6230b854896f35127f3afdb85,c8e1d9cce0f9c8c9,0,,accepted_negative,
phenocam-sprucet9p10esh_2017_11_29_204105,phenocam::spruceT9P10ESH_2017_11_29_204105,phenocam,spruceT9P10ESH_2017_11_29_204105,spruceT9P10ESH,spruceT9P10ESH,2017-11-29T20:41:05,phenocam:spruceT9P10ESH:2017-11-29,negative,train,images/train/phenocam-sprucet9p10esh_2017_11_29_204105.jpg,,public_v2,7a6ec5d64eaa796fc3c7d3f5d6d0138fded28fa437394c1b541ee0a62bdda0b2,1131d4376b0aaae94e322d3ddbbf1e52a201ae1ac7ffdb974999b5953434537f,f8f8f8f8d8d8c0c0,0,,accepted_negative,
phenocam-sprucet9p10esh_2017_11_30_124105,phenocam::spruceT9P10ESH_2017_11_30_124105,phenocam,spruceT9P10ESH_2017_11_30_124105,spruceT9P10ESH,spruceT9P10ESH,2017-11-30T12:41:05,phenocam:spruceT9P10ESH:2017-11-30,negative,train,images/train/phenocam-sprucet9p10esh_2017_11_30_124105.jpg,,public_v2,0f0cccad7a6c6d059a14b244b924d6c6196ece97eeac5f8d7a8366d99eaedb69,bcdb20271abec0153772ae0249a1167ffa6f1b5f11c587343b7f05a172f1bf7a,db8c3325333ca13d,0,,accepted_negative,
phenocam-sprucet9p10esh_2017_11_30_174105,phenocam::spruceT9P10ESH_2017_11_30_174105,phenocam,spruceT9P10ESH_2017_11_30_174105,spruceT9P10ESH,spruceT9P10ESH,2017-11-30T17:41:05,phenocam:spruceT9P10ESH:2017-11-30,negative,train,images/train/phenocam-sprucet9p10esh_2017_11_30_174105.jpg,,public_v2,81ef921cb228abd0b0a6d4624b8bb3b68c1e111c401d0d395b09b0a100da365f,0afde786068c6364bc0f5466f8991a0720bc19d126ba7357261582c9de838538,f8f8f8f8d8d8c0c0,0,,accepted_negative,
phenocam-sprucet9p17sh_2017_11_29_162806,phenocam::spruceT9P17SH_2017_11_29_162806,phenocam,spruceT9P17SH_2017_11_29_162806,spruceT9P17SH,spruceT9P17SH,2017-11-29T16:28:06,phenocam:spruceT9P17SH:2017-11-29,negative,train,images/train/phenocam-sprucet9p17sh_2017_11_29_162806.jpg,,public_v2,43092b37a397b7619f848c9b737ed02d2329c9e8a30b61312abdb68b2075a507,83811d5097306038ca3e16bf437cb396c431e98afe9df58de8224ce5140969ad,d7add84a3067b116,0,,accepted_negative,
phenocam-sprucet9p17sh_2017_11_29_225806,phenocam::spruceT9P17SH_2017_11_29_225806,phenocam,spruceT9P17SH_2017_11_29_225806,spruceT9P17SH,spruceT9P17SH,2017-11-29T22:58:06,phenocam:spruceT9P17SH:2017-11-29,negative,train,images/train/phenocam-sprucet9p17sh_2017_11_29_225806.jpg,,public_v2,d64f874de0c19790b3578d06b80606c7ab8ffa72ee02c907e1f478d02d276537,8beb8d061ee30d701e2fd5e1c4a96c9518cb481067bcef4344bf5cdcca42c3ac,d8f8f8f8d8d8c8c0,0,,accepted_negative,
phenocam-sprucet9p17sh_2017_11_30_205805,phenocam::spruceT9P17SH_2017_11_30_205805,phenocam,spruceT9P17SH_2017_11_30_205805,spruceT9P17SH,spruceT9P17SH,2017-11-30T20:58:05,phenocam:spruceT9P17SH:2017-11-30,negative,train,images/train/phenocam-sprucet9p17sh_2017_11_30_205805.jpg,,public_v2,4ce6e152524b5f0a80499ec0838d31287b722ea8bd3c77eeff0ac336107cead6,ef3589fc3e8ccc22eebbc288c668ab20358827b77a94800571d94771ac0396d7,d8f8f8f8d8d8c8c0,0,,accepted_negative,
phenocam-sprucet9p17sh_2017_11_30_215805,phenocam::spruceT9P17SH_2017_11_30_215805,phenocam,spruceT9P17SH_2017_11_30_215805,spruceT9P17SH,spruceT9P17SH,2017-11-30T21:58:05,phenocam:spruceT9P17SH:2017-11-30,negative,train,images/train/phenocam-sprucet9p17sh_2017_11_30_215805.jpg,,public_v2,77fe925717cd0544b3eaeea693fce80bd725bddae78c388b6d8f5184672ffca4,6185f09bf43241f25594e97fe8714b85a543829171b45b1a420a71cc365423b1,d8f8f8f8d8d8c8c0,0,,accepted_negative,
phenocam-teddy_2017_02_02_140134,phenocam::teddy_2017_02_02_140134,phenocam,teddy_2017_02_02_140134,teddy,teddy,2017-02-02T14:01:34,phenocam:teddy:2017-02-02,negative,train,images/train/phenocam-teddy_2017_02_02_140134.jpg,,public_v2,dd357d4a5d5cee81f4f2733cc0ebcd806324ae4a80a63ac46457055d9b8be625,4ef6a8aacf244ca860ab5329ac7c5dc80cd828e8c54dc6c5350e6e8c1e0df662,86d37c4b7493cd30,0,,accepted_negative,
phenocam-teddy_2017_02_04_110131,phenocam::teddy_2017_02_04_110131,phenocam,teddy_2017_02_04_110131,teddy,teddy,2017-02-04T11:01:31,phenocam:teddy:2017-02-04,negative,train,images/train/phenocam-teddy_2017_02_04_110131.jpg,,public_v2,19906a5e0f660d822c67ccbd22c8be811859cf527263238cf5d57e3d6c6abe93,905a747bee432afa515a03626fcb881b95df52d3714f62a4e6702ca32bf147e3,80df7608e738c37c,0,,accepted_negative,
phenocam-teddy_2017_02_05_150714,phenocam::teddy_2017_02_05_150714,phenocam,teddy_2017_02_05_150714,teddy,teddy,2017-02-05T15:07:14,phenocam:teddy:2017-02-05,negative,train,images/train/phenocam-teddy_2017_02_05_150714.jpg,,public_v2,43d2d629e9f66cdb52571f29a02ea2c1ed3f030631b31d76a0767dbbc9294b18,d73dd25ae2e3830aa25b912bff90ec36e311a9e029463faefb455cf29bacfd91,8cf3d44b741be518,0,,accepted_negative,
phenocam-teddy_2017_02_08_070118,phenocam::teddy_2017_02_08_070118,phenocam,teddy_2017_02_08_070118,teddy,teddy,2017-02-08T07:01:18,phenocam:teddy:2017-02-08,negative,train,images/train/phenocam-teddy_2017_02_08_070118.jpg,,public_v2,09c792ac00ef53418c239cfa1dc5952da51d564a40f7d1798954fd607c050964,46f3d4eb1763b311d834e007b5bb213a3972b001f25f28ea97eadbf81a6f88ca,84b3d44b741bec59,0,,accepted_negative,
phenocam-teddy_2017_02_09_160130,phenocam::teddy_2017_02_09_160130,phenocam,teddy_2017_02_09_160130,teddy,teddy,2017-02-09T16:01:30,phenocam:teddy:2017-02-09,negative,train,images/train/phenocam-teddy_2017_02_09_160130.jpg,,public_v2,6e2df5dfd7f9f8461f2dc009e6daa2f2a294306c652560f9c5f0acc03e47b714,95bf5d3b1704369789527eeb50ecaed51d57bad19d5ac2f0823e45b9bb9f126d,8ef3490a749fa952,0,,accepted_negative,
phenocam-teddy_2017_02_17_060041,phenocam::teddy_2017_02_17_060041,phenocam,teddy_2017_02_17_060041,teddy,teddy,2017-02-17T06:00:41,phenocam:teddy:2017-02-17,negative,train,images/train/phenocam-teddy_2017_02_17_060041.jpg,,public_v2,adc25af3810de19a4edc889c1546f09daf1774432cdc3d7c3e16d95b04e4e6e6,f4c870671a3df82caba05c267e5107988bb52c26a4a04c2b286e572f48d77116,ffff040402ebe305,0,,accepted_negative,
phenocam-teddy_2017_02_26_120120,phenocam::teddy_2017_02_26_120120,phenocam,teddy_2017_02_26_120120,teddy,teddy,2017-02-26T12:01:20,phenocam:teddy:2017-02-26,negative,train,images/train/phenocam-teddy_2017_02_26_120120.jpg,,public_v2,c98c1b87c0e2aaf8610d3792445f6eeb24cd84e0a33636740cc90baa07b3c064,f8e4ac4246750383b80c2859a2250b96ca39e2d220f263e44b281e06b9024321,c8f5d12ea596c075,0,,accepted_negative,
phenocam-teddy_2017_02_27_070126,phenocam::teddy_2017_02_27_070126,phenocam,teddy_2017_02_27_070126,teddy,teddy,2017-02-27T07:01:26,phenocam:teddy:2017-02-27,negative,train,images/train/phenocam-teddy_2017_02_27_070126.jpg,,public_v2,ab43c3c168b9b2e4f4e437134bde64c6e52a3927d86b34775a6974ea27f5a57e,96b29423889ec274c611276376a12d1b64ef1067bdbfe12fce1613d28d3a7017,82b7514b34b3c87d,0,,accepted_negative,
phenocam-teddy_2017_02_28_120242,phenocam::teddy_2017_02_28_120242,phenocam,teddy_2017_02_28_120242,teddy,teddy,2017-02-28T12:02:42,phenocam:teddy:2017-02-28,negative,train,images/train/phenocam-teddy_2017_02_28_120242.jpg,,public_v2,783c1532309f5f0881f7340eaaf0c355128a1404d1a92c870ad6b8142860f345,89fe129d8f9e79f0dc84cae1e713640b5a853bc927767125338415bed6aed333,80b7c00eb19fc87f,0,,accepted_negative,
phenocam-turkeypointdbf_2019_01_01_110328,phenocam::turkeypointdbf_2019_01_01_110328,phenocam,turkeypointdbf_2019_01_01_110328,turkeypointdbf,turkeypointdbf,2019-01-01T11:03:28,phenocam:turkeypointdbf:2019-01-01,negative,train,images/train/phenocam-turkeypointdbf_2019_01_01_110328.jpg,,public_v2,aea1be343a5078cc1133832d2464ef3da31e16d9f91176b461f0f96be4a6cbab,fcb0d878915de5daa2d652775a0123a3e759ed29155c2b7ae99d3cd052cabc6f,8586070e9f3b3b1b,0,,accepted_negative,
phenocam-turkeypointdbf_2019_01_01_150136,phenocam::turkeypointdbf_2019_01_01_150136,phenocam,turkeypointdbf_2019_01_01_150136,turkeypointdbf,turkeypointdbf,2019-01-01T15:01:36,phenocam:turkeypointdbf:2019-01-01,negative,train,images/train/phenocam-turkeypointdbf_2019_01_01_150136.jpg,,public_v2,bc3617de581673e9a2d04d92b42f40a14a2c8acd169dd218a2aadf0ef502243d,bbae9064d91ecc2e6232289d7ee7257e51386acc0825595ddff835a8b2074045,8d8f131393b1353d,0,,accepted_negative,
phenocam-turkeypointdbf_2019_01_03_133108,phenocam::turkeypointdbf_2019_01_03_133108,phenocam,turkeypointdbf_2019_01_03_133108,turkeypointdbf,turkeypointdbf,2019-01-03T13:31:08,phenocam:turkeypointdbf:2019-01-03,negative,train,images/train/phenocam-turkeypointdbf_2019_01_03_133108.jpg,,public_v2,bf68b1fbde860ba27b77437188afe2fa5651024ba1b561377465d4af59abad48,b79fb3f15f71c2b395f19b51ea4ecf0bb07d1effe5ed327a7965ac6d12b20b25,9183311d9d1d1e9f,0,,accepted_negative,
phenocam-turkeypointdbf_2019_01_10_090109,phenocam::turkeypointdbf_2019_01_10_090109,phenocam,turkeypointdbf_2019_01_10_090109,turkeypointdbf,turkeypointdbf,2019-01-10T09:01:09,phenocam:turkeypointdbf:2019-01-10,negative,train,images/train/phenocam-turkeypointdbf_2019_01_10_090109.jpg,,public_v2,4362fc338e19a8628f748d422fac3ae77aa115d6bc7836d3a1c5c0a5c386fc67,d975a9f1457987ae45b36e585dd112c325cda9c0685b48f1b81d30ae17aac8db,d1872b0a959d2b5b,0,,accepted_negative,
phenocam-twitchellalfalfa2_2018_06_02_111506,phenocam::twitchellalfalfa2_2018_06_02_111506,phenocam,twitchellalfalfa2_2018_06_02_111506,twitchellalfalfa2,twitchellalfalfa2,2018-06-02T11:15:06,phenocam:twitchellalfalfa2:2018-06-02,negative,val,images/val/phenocam-twitchellalfalfa2_2018_06_02_111506.jpg,,public_v2,16f29fbcb9577f709d9d4223a534d2c1a7f106d8b4138e29e31ce29f15177263,54756115fc32c9764132c9442918de4f30100dd6195b18221e52f3d987f230b2,94fb645b20c4f86e,0,,accepted_negative,
phenocam-twitchellalfalfa2_2018_06_03_171505,phenocam::twitchellalfalfa2_2018_06_03_171505,phenocam,twitchellalfalfa2_2018_06_03_171505,twitchellalfalfa2,twitchellalfalfa2,2018-06-03T17:15:05,phenocam:twitchellalfalfa2:2018-06-03,negative,val,images/val/phenocam-twitchellalfalfa2_2018_06_03_171505.jpg,,public_v2,198047d302cac54de1f0df67e70a00462d8386d4ff0996a78daa040019c98bc5,168e360a44b8a5cb24f75f2d547c2e2009e34a559accd780f612b09ee0c5dcd0,9494143b3687f67a,0,,accepted_negative,
phenocam-tworfpr_2021_07_01_215706,phenocam::tworfpr_2021_07_01_215706,phenocam,tworfpr_2021_07_01_215706,tworfpr,tworfpr,2021-07-01T21:57:06,phenocam:tworfpr:2021-07-01,negative,train,images/train/phenocam-tworfpr_2021_07_01_215706.jpg,,public_v2,162ca9ef7e28623ff8f099c6a3b371202e6494eb4cdbd87642549f9e85897250,289209ac5b8ab22d5eeb3b108924c3f7d5c860fd3c95bc38ca9db053aa182279,fcfcfcf8c8c0c0c0,0,,accepted_negative,
phenocam-tworfpr_2021_07_02_085706,phenocam::tworfpr_2021_07_02_085706,phenocam,tworfpr_2021_07_02_085706,tworfpr,tworfpr,2021-07-02T08:57:06,phenocam:tworfpr:2021-07-02,negative,train,images/train/phenocam-tworfpr_2021_07_02_085706.jpg,,public_v2,4fac9b7516544f29d8eabe58b08c851a8043067e189a430c335b7509505f48ab,7f8438f1fa5426e977dc9e0f904c5b1a13ad89fef6b9885809bb6038e46b18b9,90a79e86873a92b7,0,,accepted_negative,
phenocam-tworfpr_2021_07_03_000138,phenocam::tworfpr_2021_07_03_000138,phenocam,tworfpr_2021_07_03_000138,tworfpr,tworfpr,2021-07-03T00:01:38,phenocam:tworfpr:2021-07-03,negative,train,images/train/phenocam-tworfpr_2021_07_03_000138.jpg,,public_v2,895ae61da37c212e34abdac71895b5c3024bbdd452477e8e76d4922d015aca4c,960b88645a8d188daad224fb86941d234940f6a748e4fc37a5a0acaa3755eb1b,fcfcfcf8e0c0c0c0,0,,accepted_negative,
phenocam-uiefmaize_2017_07_01_050000,phenocam::uiefmaize_2017_07_01_050000,phenocam,uiefmaize_2017_07_01_050000,uiefmaize,uiefmaize,2017-07-01T05:00:00,phenocam:uiefmaize:2017-07-01,negative,train,images/train/phenocam-uiefmaize_2017_07_01_050000.jpg,,public_v2,3cb25948e7fd21c0b9de22c7ba9bf9345f8770eb046c7def8dd98bda444370bf,4adb1f5aaa511e83398b3c7b0f91c3509ba6976d3aab03a2e3333b6d9a1ffb43,a5a44b496d295b5b,0,,accepted_negative,
phenocam-uiefmaize_2017_07_02_040000,phenocam::uiefmaize_2017_07_02_040000,phenocam,uiefmaize_2017_07_02_040000,uiefmaize,uiefmaize,2017-07-02T04:00:00,phenocam:uiefmaize:2017-07-02,negative,train,images/train/phenocam-uiefmaize_2017_07_02_040000.jpg,,public_v2,a2bd0e02a84cbd2f5c391b1efd5b3ac99c1bf4b191241a865f6fcb364ba379d1,4860e04a59c1dde03804e2debc606a84cc9c6dbf594029cf964212a527f48082,8080df5f7f3e28e0,0,,accepted_negative,
phenocam-uiefmaize_2017_07_13_150000,phenocam::uiefmaize_2017_07_13_150000,phenocam,uiefmaize_2017_07_13_150000,uiefmaize,uiefmaize,2017-07-13T15:00:00,phenocam:uiefmaize:2017-07-13,negative,train,images/train/phenocam-uiefmaize_2017_07_13_150000.jpg,,public_v2,d74e7cfec82d4a719ef957013af26a0a8f27055b2ca352103f50e3e74587e376,a9445d5f923da2479491b8b98697e3ae0a1566e4b1857e08e8afeccb84ab7ee8,91939a634e2e25b7,0,,accepted_negative,
phenocam-uiefmaize_2017_07_21_160000,phenocam::uiefmaize_2017_07_21_160000,phenocam,uiefmaize_2017_07_21_160000,uiefmaize,uiefmaize,2017-07-21T16:00:00,phenocam:uiefmaize:2017-07-21,negative,train,images/train/phenocam-uiefmaize_2017_07_21_160000.jpg,,public_v2,08f9ed8bf6291312d8f1f0371988802ecbb0b65b5e1204752ca4d127eda583b0,09a9ce1a3c39b876a11b3285fb905c2fa0dbae8aa459def5d6c6263cb30a4380,c0edc22e2f4d0f4e,0,,accepted_negative,
phenocam-uiefmaize_2017_07_29_100000,phenocam::uiefmaize_2017_07_29_100000,phenocam,uiefmaize_2017_07_29_100000,uiefmaize,uiefmaize,2017-07-29T10:00:00,phenocam:uiefmaize:2017-07-29,negative,train,images/train/phenocam-uiefmaize_2017_07_29_100000.jpg,,public_v2,772ec32c4e55869b695c9d9fbd4738056e9defdd18c9ff4698f85dccab7d76e9,174dcfe6a24e8a60027a6993f2cbb0084e829593ba28ccfeb905cbd4bedb6d65,82bb825b6e6a2fa8,0,,accepted_negative,
phenocam-uiefmaize_2017_07_31_050000,phenocam::uiefmaize_2017_07_31_050000,phenocam,uiefmaize_2017_07_31_050000,uiefmaize,uiefmaize,2017-07-31T05:00:00,phenocam:uiefmaize:2017-07-31,negative,train,images/train/phenocam-uiefmaize_2017_07_31_050000.jpg,,public_v2,0ad1bfe02f52bfe3b982cd379394fdd86ea14b941cb55fd1d47697de0b41bf08,a1d6f0f391a0f1d189ee3cf4964d13c049596d6aedfa6f7ff37e31d484f30187,8aaacb58747534b5,0,,accepted_negative,
phenocam-uiefmiscanthus_2018_09_05_100001,phenocam::uiefmiscanthus_2018_09_05_100001,phenocam,uiefmiscanthus_2018_09_05_100001,uiefmiscanthus,uiefmiscanthus,2018-09-05T10:00:01,phenocam:uiefmiscanthus:2018-09-05,negative,train,images/train/phenocam-uiefmiscanthus_2018_09_05_100001.jpg,,public_v2,bea192597e16a723a780f7e0d82b5a293d38f56278a0618ddfc8652d47321634,a8ab1b2affbd9623f22495367297f8267830020365920cdf451171b30e3eaebb,9faab6a81a6a3551,0,,accepted_negative,
phenocam-uiefmiscanthus_2018_09_10_070001,phenocam::uiefmiscanthus_2018_09_10_070001,phenocam,uiefmiscanthus_2018_09_10_070001,uiefmiscanthus,uiefmiscanthus,2018-09-10T07:00:01,phenocam:uiefmiscanthus:2018-09-10,negative,train,images/train/phenocam-uiefmiscanthus_2018_09_10_070001.jpg,,public_v2,00e6177012b7c4339670c1178d7c95bc18babe65c49fc97b8aa954ebef63c9ec,0a201b48045f396fc3da9156f0d32416168cca53af6771901fd7b6026fb4e1a7,a63e55e17d84aa16,0,,accepted_negative,
phenocam-uiefmiscanthus_2018_09_11_050001,phenocam::uiefmiscanthus_2018_09_11_050001,phenocam,uiefmiscanthus_2018_09_11_050001,uiefmiscanthus,uiefmiscanthus,2018-09-11T05:00:01,phenocam:uiefmiscanthus:2018-09-11,negative,train,images/train/phenocam-uiefmiscanthus_2018_09_11_050001.jpg,,public_v2,65ffa9a862f5e1ab64af80cd8faeba772614725ac59fe7ce987cb9b750d37e24,7fdcd8afc5d6768dc74e5ffe454396faef6d91d74ab89fabc41615bdd55bc729,95bdb51525151d55,0,,accepted_negative,
phenocam-uiefmiscanthus_2018_09_17_190001,phenocam::uiefmiscanthus_2018_09_17_190001,phenocam,uiefmiscanthus_2018_09_17_190001,uiefmiscanthus,uiefmiscanthus,2018-09-17T19:00:01,phenocam:uiefmiscanthus:2018-09-17,negative,train,images/train/phenocam-uiefmiscanthus_2018_09_17_190001.jpg,,public_v2,5533a5df53b7da189f4bbba10ca6f7c59364b2f07d58573fa704d2518066734c,908dfc4eee067e7407fdfe6b38de9dfe46f2ce47c19a627058923bd23417f5a1,f12d54547c3e287c,0,,accepted_negative,
phenocam-uiefmiscanthus_2018_09_20_120001,phenocam::uiefmiscanthus_2018_09_20_120001,phenocam,uiefmiscanthus_2018_09_20_120001,uiefmiscanthus,uiefmiscanthus,2018-09-20T12:00:01,phenocam:uiefmiscanthus:2018-09-20,negative,train,images/train/phenocam-uiefmiscanthus_2018_09_20_120001.jpg,,public_v2,6d2f26fa8112175f3179924ac9ce488f5e356aafac73bd210f010d1f4ae621c5,b0eb7904f58db31f7c3f400def6daacc2d2cb9027ad54b9807ecec63ef017fd8,81a7a3e5435b4b5a,0,,accepted_negative,
phenocam-uiefmiscanthus_2018_09_26_170001,phenocam::uiefmiscanthus_2018_09_26_170001,phenocam,uiefmiscanthus_2018_09_26_170001,uiefmiscanthus,uiefmiscanthus,2018-09-26T17:00:01,phenocam:uiefmiscanthus:2018-09-26,negative,train,images/train/phenocam-uiefmiscanthus_2018_09_26_170001.jpg,,public_v2,f05f28080d58e83175aa560ea2a5d27c09a565b3bfc1718a55b932f2092b39c5,9746e780fd40ccc11983f11b3b4434e12923e62a80d9bf4dc8af6cce1e35ebda,85c3cbc347546c7c,0,,accepted_negative,
phenocam-uiefprairie2_2018_08_30_163006,phenocam::uiefprairie2_2018_08_30_163006,phenocam,uiefprairie2_2018_08_30_163006,uiefprairie2,uiefprairie2,2018-08-30T16:30:06,phenocam:uiefprairie2:2018-08-30,negative,val,images/val/phenocam-uiefprairie2_2018_08_30_163006.jpg,,public_v2,469ab2e9250b547a1af2943aa72392e583d56407c1b6a43b92c929e7f5dffdbc,a16c3c685275d2765762904f356cf276fc780a8fe9c5638fd1055482e3126be0,adafa79616131227,0,,accepted_negative,
phenocam-uiefprairie2_2018_08_31_050006,phenocam::uiefprairie2_2018_08_31_050006,phenocam,uiefprairie2_2018_08_31_050006,uiefprairie2,uiefprairie2,2018-08-31T05:00:06,phenocam:uiefprairie2:2018-08-31,negative,val,images/val/phenocam-uiefprairie2_2018_08_31_050006.jpg,,public_v2,20453a3c63ffc57ff8721eea1f7fe0ad9186e486e02ea9dd5f7adc2daa9355e5,3a16381c27c6d62ee7442924dd0958996bf50d7de30f2c24790e0726627260dc,a5a5a79717131327,0,,accepted_negative,
phenocam-uiefprairie_2016_05_05_160000,phenocam::uiefprairie_2016_05_05_160000,phenocam,uiefprairie_2016_05_05_160000,uiefprairie,uiefprairie,2016-05-05T16:00:00,phenocam:uiefprairie:2016-05-05,negative,val,images/val/phenocam-uiefprairie_2016_05_05_160000.jpg,,public_v2,f3e45998980082d108c50208c6db756f7a8e046d9f4de8b3d8e86974cad14eee,7340c865cef4235b7fb965ea357d20bb3f16cf5afe90b30398495da8335bbf08,90f8dc8e4c0e5b7c,0,,accepted_negative,
phenocam-uiefprairie_2016_05_25_120000,phenocam::uiefprairie_2016_05_25_120000,phenocam,uiefprairie_2016_05_25_120000,uiefprairie,uiefprairie,2016-05-25T12:00:00,phenocam:uiefprairie:2016-05-25,negative,val,images/val/phenocam-uiefprairie_2016_05_25_120000.jpg,,public_v2,d60b3f9bb2949d09b4010b6af5eea9828b70a800126f0aef9557ca97ea095b19,d6547152498bb5bf8cca8908bfdd26a869eb019790b5c4ef82e84ae885cf0e05,90b9948f070e5d7e,0,,accepted_negative,
phenocam-uiefswitchgrass_2016_06_01_170000,phenocam::uiefswitchgrass_2016_06_01_170000,phenocam,uiefswitchgrass_2016_06_01_170000,uiefswitchgrass,uiefswitchgrass,2016-06-01T17:00:00,phenocam:uiefswitchgrass:2016-06-01,negative,train,images/train/phenocam-uiefswitchgrass_2016_06_01_170000.jpg,,public_v2,bfb20613c44bfb984b12548a1880c80250898c9d2176e2701d555e3ba3c226e3,880bf12dfc5d45a92b2fc86d8f99783313cf435f5097b988835059324424b5f9,cdf5543274787438,0,,accepted_negative,
phenocam-uiefswitchgrass_2016_06_04_140001,phenocam::uiefswitchgrass_2016_06_04_140001,phenocam,uiefswitchgrass_2016_06_04_140001,uiefswitchgrass,uiefswitchgrass,2016-06-04T14:00:01,phenocam:uiefswitchgrass:2016-06-04,negative,train,images/train/phenocam-uiefswitchgrass_2016_06_04_140001.jpg,,public_v2,582e5993853134ab3de49edc0e267d91ac0269078733d4161bb11e0e88c9c4c8,24a81d2b3b398a12c91fea503825eb6a4df7ffa7da61e603dc85f4d16de58bdd,d4ddd53275695118,0,,accepted_negative,
phenocam-uiefswitchgrass_2016_06_14_110000,phenocam::uiefswitchgrass_2016_06_14_110000,phenocam,uiefswitchgrass_2016_06_14_110000,uiefswitchgrass,uiefswitchgrass,2016-06-14T11:00:00,phenocam:uiefswitchgrass:2016-06-14,negative,train,images/train/phenocam-uiefswitchgrass_2016_06_14_110000.jpg,,public_v2,d55b33e6a0b1a2d7db3517432fcbe6c6994d31186f741302f90d7a975b3e5208,5d76bdd35f5708b736ced99edcc5210c5051dd32b7c87fbfa00cdb7ea57b9fcd,84a3e673674f430b,0,,accepted_negative,
phenocam-uiefswitchgrass_2016_06_17_130000,phenocam::uiefswitchgrass_2016_06_17_130000,phenocam,uiefswitchgrass_2016_06_17_130000,uiefswitchgrass,uiefswitchgrass,2016-06-17T13:00:00,phenocam:uiefswitchgrass:2016-06-17,negative,train,images/train/phenocam-uiefswitchgrass_2016_06_17_130000.jpg,,public_v2,1a9188461c754cd9abec91763ec2c31142bf04e63e19e0fc070a3e616b1157c0,266b89c99b7ac8827b12aa7d7f0c5d2516f45f84d948dc5cdd23bc90a81574b2,89bb0b3979a9928b,0,,accepted_negative,
phenocam-uiefswitchgrass_2016_06_24_050000,phenocam::uiefswitchgrass_2016_06_24_050000,phenocam,uiefswitchgrass_2016_06_24_050000,uiefswitchgrass,uiefswitchgrass,2016-06-24T05:00:00,phenocam:uiefswitchgrass:2016-06-24,negative,train,images/train/phenocam-uiefswitchgrass_2016_06_24_050000.jpg,,public_v2,717481192f990c6c7cfe79822250841054f11bcf52a744b3923d0046c91835ea,694ff48bce0cc421d2b7f997e1141a16752cd4895b9f955f724cca4a1c1b5669,aa81577a6b6d9454,0,,accepted_negative,
phenocam-uiefswitchgrass_2016_06_27_050000,phenocam::uiefswitchgrass_2016_06_27_050000,phenocam,uiefswitchgrass_2016_06_27_050000,uiefswitchgrass,uiefswitchgrass,2016-06-27T05:00:00,phenocam:uiefswitchgrass:2016-06-27,negative,train,images/train/phenocam-uiefswitchgrass_2016_06_27_050000.jpg,,public_v2,73f909bb7c10715a549d34c2c04d12ce4d728a4d18e9a7123b930239bb156623,c74bfea484b76d2431226e1ada3c655061617898dd4aa0c30cd1b49a8f7eadca,aaa1556a6a55555b,0,,accepted_negative,
phenocam-uiefswitchgrass_2016_06_30_140000,phenocam::uiefswitchgrass_2016_06_30_140000,phenocam,uiefswitchgrass_2016_06_30_140000,uiefswitchgrass,uiefswitchgrass,2016-06-30T14:00:00,phenocam:uiefswitchgrass:2016-06-30,negative,train,images/train/phenocam-uiefswitchgrass_2016_06_30_140000.jpg,,public_v2,465a6b240fca6f182e779c83fdba6626de6ca969427f26205acdc0bcdf701ed1,1dfe36e805d38190555969a998a2f0f947521d971c1bd571819d203768f646c9,91d1d63a741c7c39,0,,accepted_negative,
phenocam-umichbiological2_2008_11_24_120137,phenocam::umichbiological2_2008_11_24_120137,phenocam,umichbiological2_2008_11_24_120137,umichbiological2,umichbiological2,2008-11-24T12:01:37,phenocam:umichbiological2:2008-11-24,negative,val,images/val/phenocam-umichbiological2_2008_11_24_120137.jpg,,public_v2,379326b12439884d839269629b3b0d84d48f8c07c99b4f0ec809e799eb951763,4fa2a840e55384b1e86ee59e7471578f1e648521ea4c41fb13912310fb1b4481,9cbc9c1f1c191a9d,0,,accepted_negative,
phenocam-umichbiological2_2008_11_27_060138,phenocam::umichbiological2_2008_11_27_060138,phenocam,umichbiological2_2008_11_27_060138,umichbiological2,umichbiological2,2008-11-27T06:01:38,phenocam:umichbiological2:2008-11-27,negative,val,images/val/phenocam-umichbiological2_2008_11_27_060138.jpg,,public_v2,0e67d3c3b4a210c9f6f21c01ce6249901e9b15d756e9c2aa3629de6b40aaef17,c40251e2b768902bca50ccd310f9ed796a7460b2483824a45d5a4718cf243149,e0e2e3e2e2e2e2e2,0,,accepted_negative,
phenocam-umichbiological2_2008_11_27_180137,phenocam::umichbiological2_2008_11_27_180137,phenocam,umichbiological2_2008_11_27_180137,umichbiological2,umichbiological2,2008-11-27T18:01:37,phenocam:umichbiological2:2008-11-27,negative,val,images/val/phenocam-umichbiological2_2008_11_27_180137.jpg,,public_v2,4b60fac2519f262bb6e8435f6f18aa0b8da1fdf129c44bed850603d9776ed693,2af3a98dee63e983038b3c01d9a9841db5525df459c61906a76925f0590b7760,e0e2e3e2e3e0e2e2,0,,accepted_negative,
phenocam-umichbiological2_2008_11_28_120135,phenocam::umichbiological2_2008_11_28_120135,phenocam,umichbiological2_2008_11_28_120135,umichbiological2,umichbiological2,2008-11-28T12:01:35,phenocam:umichbiological2:2008-11-28,negative,val,images/val/phenocam-umichbiological2_2008_11_28_120135.jpg,,public_v2,ab4684ff23eab9c70c769d2319f2a8a75fd020407873e2a9bd4b49f53b2e6aa6,63c7f3dce1f7bed204e424049f5db9a9db456d3b9b11f16079900f3087ec60c3,b9b1bd91091d0d5b,0,,accepted_negative,
phenocam-umichbiological2_2008_11_28_210136,phenocam::umichbiological2_2008_11_28_210136,phenocam,umichbiological2_2008_11_28_210136,umichbiological2,umichbiological2,2008-11-28T21:01:36,phenocam:umichbiological2:2008-11-28,negative,val,images/val/phenocam-umichbiological2_2008_11_28_210136.jpg,,public_v2,fba557dcf0e48c39715ba348059097351c8963b0a4196fe8f6784413df9c87fa,8ce9610ee6f28502df99007c441edc7cad5a3e0f705d15dd3f7022c84d89cfe7,e0e3e3e1e1e0e1e2,0,,accepted_negative,
phenocam-umichbiological2_2008_11_30_120136,phenocam::umichbiological2_2008_11_30_120136,phenocam,umichbiological2_2008_11_30_120136,umichbiological2,umichbiological2,2008-11-30T12:01:36,phenocam:umichbiological2:2008-11-30,negative,val,images/val/phenocam-umichbiological2_2008_11_30_120136.jpg,,public_v2,a996e8a275700ea52149419c5cb6ae5e9aabbfb9be690000c084a4673050ace7,4a41fe9111fb5de3aa197bd82bb7f0f8df585b821f3172a9460038c54628bb39,8ebd8e141c1b2e9b,0,,accepted_negative,
phenocam-upperbuffalo_2006_09_01_150000,phenocam::upperbuffalo_2006_09_01_150000,phenocam,upperbuffalo_2006_09_01_150000,upperbuffalo,upperbuffalo,2006-09-01T15:00:00,phenocam:upperbuffalo:2006-09-01,negative,train,images/train/phenocam-upperbuffalo_2006_09_01_150000.jpg,,public_v2,1f2c0e0ff07e6110355788d6527f697a086012e895e5b97f3d0f3b39d391471a,8c7c1ec739a75406f13644206c004f7d0e814e3ace2be45177004aca83199a93,c2b47849bccd1b36,0,,accepted_negative,
phenocam-upperbuffalo_2006_09_03_120000,phenocam::upperbuffalo_2006_09_03_120000,phenocam,upperbuffalo_2006_09_03_120000,upperbuffalo,upperbuffalo,2006-09-03T12:00:00,phenocam:upperbuffalo:2006-09-03,negative,train,images/train/phenocam-upperbuffalo_2006_09_03_120000.jpg,,public_v2,5f57889ed457f1930749c16b69199b9a3f4cba50bd30d0cdab601d32214b68e5,047fc33a28f2a8f744b5e8200cdf21abe1d6345748d07d1d76329bcead1e5788,86851e078ef45f36,0,,accepted_negative,
phenocam-upperbuffalo_2006_09_16_120000,phenocam::upperbuffalo_2006_09_16_120000,phenocam,upperbuffalo_2006_09_16_120000,upperbuffalo,upperbuffalo,2006-09-16T12:00:00,phenocam:upperbuffalo:2006-09-16,negative,train,images/train/phenocam-upperbuffalo_2006_09_16_120000.jpg,,public_v2,de8cc8d41847848dd439af0ce246f156e08d44043acf6fd5d6bcb5c43028589a,cc8f68a090fc02aee08ca7d8f7ac4631cf6d84d311163e1a86fe5c8806b35ea6,a79d3a678af44834,0,,accepted_negative,
phenocam-upperbuffalo_2006_09_17_120000,phenocam::upperbuffalo_2006_09_17_120000,phenocam,upperbuffalo_2006_09_17_120000,upperbuffalo,upperbuffalo,2006-09-17T12:00:00,phenocam:upperbuffalo:2006-09-17,negative,train,images/train/phenocam-upperbuffalo_2006_09_17_120000.jpg,,public_v2,10e9de6e26ed7384ac7a44235f5cea864750f726b5108ca56a49f3fc47e5e0e8,e1cf40ae7c1c414b1cf2f67aaaf456c55fff00e4798d8590baad3d4957f2417b,aad5562e9bd50a34,0,,accepted_negative,
phenocam-upperbuffalo_2006_09_18_150000,phenocam::upperbuffalo_2006_09_18_150000,phenocam,upperbuffalo_2006_09_18_150000,upperbuffalo,upperbuffalo,2006-09-18T15:00:00,phenocam:upperbuffalo:2006-09-18,negative,train,images/train/phenocam-upperbuffalo_2006_09_18_150000.jpg,,public_v2,fc7b194673c2d37a2c13102f449027e135b05da7e0bed4b2f2549c22158f05ff,9c796c0dc3c4756b6916ebedebe509042f574add3950466d09d0b2dc72df4198,f68d327d96a15a24,0,,accepted_negative,
phenocam-upperbuffalo_2006_09_19_090000,phenocam::upperbuffalo_2006_09_19_090000,phenocam,upperbuffalo_2006_09_19_090000,upperbuffalo,upperbuffalo,2006-09-19T09:00:00,phenocam:upperbuffalo:2006-09-19,negative,train,images/train/phenocam-upperbuffalo_2006_09_19_090000.jpg,,public_v2,a66b2f5cdda00dfff4752cf26b60519aabd7eb23df0e2ec34b6025314d54028b,cc4bf0909455380efd6875857b1b98484753e8a4a2cee7b9271b61d07d1f801c,d6c11a758ab54b36,0,,accepted_negative,
phenocam-upperbuffalo_2006_09_21_120000,phenocam::upperbuffalo_2006_09_21_120000,phenocam,upperbuffalo_2006_09_21_120000,upperbuffalo,upperbuffalo,2006-09-21T12:00:00,phenocam:upperbuffalo:2006-09-21,negative,train,images/train/phenocam-upperbuffalo_2006_09_21_120000.jpg,,public_v2,4d0a3446b7acc5c0168ea4065fd972f87ab29c39945f5a4fd0f403f52c0d433e,878984053a705e38d1143444e04eaf76c515b04c511e036ce7f69c6c02cdfd1f,e2cd3a459af54a34,0,,accepted_negative,
phenocam-upperbuffalo_2006_09_22_120000,phenocam::upperbuffalo_2006_09_22_120000,phenocam,upperbuffalo_2006_09_22_120000,upperbuffalo,upperbuffalo,2006-09-22T12:00:00,phenocam:upperbuffalo:2006-09-22,negative,train,images/train/phenocam-upperbuffalo_2006_09_22_120000.jpg,,public_v2,11d1bf45ee66e640b15b25011de3275dbb4b48e837275f8c8f8acd21905c2887,fd0b1ac05e781aaf6b308b7e9dc3db612a95a020d85dbe8df58b4a91f59de8df,a79978379a9d4324,0,,accepted_negative,
phenocam-usgsreston_2012_12_13_120217,phenocam::usgsreston_2012_12_13_120217,phenocam,usgsreston_2012_12_13_120217,usgsreston,usgsreston,2012-12-13T12:02:17,phenocam:usgsreston:2012-12-13,negative,train,images/train/phenocam-usgsreston_2012_12_13_120217.jpg,,public_v2,c001d5fd69865961053ae1b9ed8181c57b3ddabd251fea0308653a41d6e9894d,50d2354687e351bb39b833e08201e01969ef317171d3f64bd366a37dc167534d,dbd9c7944505471b,0,,accepted_negative,
phenocam-usgsreston_2012_12_14_170249,phenocam::usgsreston_2012_12_14_170249,phenocam,usgsreston_2012_12_14_170249,usgsreston,usgsreston,2012-12-14T17:02:49,phenocam:usgsreston:2012-12-14,negative,train,images/train/phenocam-usgsreston_2012_12_14_170249.jpg,,public_v2,e635f0926ea1455c04aefec79c0be14a526dd5721de8f6e7a8ec609a69d60bf9,65ae41867cc2a9243b37f1aac9ec4534d406e1885db575df061f8f82cb7bade2,93bb878e87074723,0,,accepted_negative,
phenocam-usgsreston_2012_12_15_140151,phenocam::usgsreston_2012_12_15_140151,phenocam,usgsreston_2012_12_15_140151,usgsreston,usgsreston,2012-12-15T14:01:51,phenocam:usgsreston:2012-12-15,negative,train,images/train/phenocam-usgsreston_2012_12_15_140151.jpg,,public_v2,3a2d9dd2225faf6cdbd5937124b6c4662b28cf3a82d0295f32fa56e3371fc758,2d76f22ef2488c6b5a6664a26be2d8e52d3a8ca3f04ac776d9bcc859f03304a1,c3f987fc05740761,0,,accepted_negative,
phenocam-usgsreston_2012_12_16_110145,phenocam::usgsreston_2012_12_16_110145,phenocam,usgsreston_2012_12_16_110145,usgsreston,usgsreston,2012-12-16T11:01:45,phenocam:usgsreston:2012-12-16,negative,train,images/train/phenocam-usgsreston_2012_12_16_110145.jpg,,public_v2,8c50a07b4f71543e02955658c160e67645af1772a51e600bfeb31165d7c91d62,50003190b160e78452b2820b1762f50b6fe04473e20b59d98360e2c47b0b5299,d3fba78e05054371,0,,accepted_negative,
phenocam-usgsreston_2012_12_22_160154,phenocam::usgsreston_2012_12_22_160154,phenocam,usgsreston_2012_12_22_160154,usgsreston,usgsreston,2012-12-22T16:01:54,phenocam:usgsreston:2012-12-22,negative,train,images/train/phenocam-usgsreston_2012_12_22_160154.jpg,,public_v2,b8acbeab9ed9b7ad48345a101159e25abd54857430557ef62705adca2153ac3b,5f3414cf2da5eaf66241e32b70d1b1df3bd47cee10446b91a4800ecc511bd309,838195dc6e4f1717,0,,accepted_negative,
phenocam-usgsreston_2012_12_23_180159,phenocam::usgsreston_2012_12_23_180159,phenocam,usgsreston_2012_12_23_180159,usgsreston,usgsreston,2012-12-23T18:01:59,phenocam:usgsreston:2012-12-23,negative,train,images/train/phenocam-usgsreston_2012_12_23_180159.jpg,,public_v2,f96e1a6bd2573738e05e9080199882093078be20ccb13c1fdcd0c2e4514333a1,9e57890ae2300e045598d47ede03a91d9302a75f0662ded4f777530163d32a31,dd8ca2626273999d,0,,accepted_negative,
phenocam-usof5_2018_10_30_154407,phenocam::usof5_2018_10_30_154407,phenocam,usof5_2018_10_30_154407,usof5,usof5,2018-10-30T15:44:07,phenocam:usof5:2018-10-30,negative,train,images/train/phenocam-usof5_2018_10_30_154407.jpg,,public_v2,f6b129d21a64cafbbacd8215db0b5149d444012e1bdc7767484e2902e7c5043a,63eda6948089807d6f98ae6c71ff14b9d4d1d1512e845ae36efa536e8744267d,d788a7921b0f3617,0,,accepted_negative,
phenocam-usof5_2018_10_30_184406,phenocam::usof5_2018_10_30_184406,phenocam,usof5_2018_10_30_184406,usof5,usof5,2018-10-30T18:44:06,phenocam:usof5:2018-10-30,negative,train,images/train/phenocam-usof5_2018_10_30_184406.jpg,,public_v2,e4feb3bf90d0824b58658a16c85f58cbd3f97a62f0ae47fe2560157de04eb9ba,7c95199589158516ceb5410c893d84072982fbbf7505c5659d8464819fd936e8,fca8aca8ecece4c0,0,,accepted_negative,
phenocam-usof5_2018_10_31_041406,phenocam::usof5_2018_10_31_041406,phenocam,usof5_2018_10_31_041406,usof5,usof5,2018-10-31T04:14:06,phenocam:usof5:2018-10-31,negative,train,images/train/phenocam-usof5_2018_10_31_041406.jpg,,public_v2,823397db74a14dbefcf405a0b85257cddbf7a722929e1c810163b4ddb1afa26c,8a8a17c2580195e2b26645e5523ca87acdd81cf677b1b2ce5b60ed553d89a21a,fcf8f8e8e8e8c0c0,0,,accepted_negative,
phenocam-utepgreenroof_2022_09_24_190536,phenocam::utepgreenroof_2022_09_24_190536,phenocam,utepgreenroof_2022_09_24_190536,utepgreenroof,utepgreenroof,2022-09-24T19:05:36,phenocam:utepgreenroof:2022-09-24,negative,train,images/train/phenocam-utepgreenroof_2022_09_24_190536.jpg,,public_v2,9d8ee7df133c51d4ecb8480ea174c263b2ef0679bc5c62baba9b468546ca7e9f,88504208b6dde6c0518b5aac8512c7d3c99a8e82352a8e70e7c29bc29065d19d,ba97804c0f3731b7,0,,accepted_negative,
phenocam-utepgreenroof_2022_09_29_080024,phenocam::utepgreenroof_2022_09_29_080024,phenocam,utepgreenroof_2022_09_29_080024,utepgreenroof,utepgreenroof,2022-09-29T08:00:24,phenocam:utepgreenroof:2022-09-29,negative,train,images/train/phenocam-utepgreenroof_2022_09_29_080024.jpg,,public_v2,4185cc989bffc2b4942bac88039f3fb3e4b6848c8c211389707b78e507d372f7,b700d7161b92513b31107ff5780ca7bc5df3c030dc335311bb9361d3d8556b4b,889fa1eaf7ac3122,0,,accepted_negative,
phenocam-utepgreenroof_2022_09_29_180024,phenocam::utepgreenroof_2022_09_29_180024,phenocam,utepgreenroof_2022_09_29_180024,utepgreenroof,utepgreenroof,2022-09-29T18:00:24,phenocam:utepgreenroof:2022-09-29,negative,train,images/train/phenocam-utepgreenroof_2022_09_29_180024.jpg,,public_v2,045e2fe9bbf582c36be10b837665ab107c9dfb3cdf743a34a18444fa7a20c725,7c90fe8c278c6e97d4f4445261bca3ab332c9cd7fe0a7ff1c5be545f97743654,ba8780df170f292e,0,,accepted_negative,
phenocam-utepgreenroof_2022_09_30_160024,phenocam::utepgreenroof_2022_09_30_160024,phenocam,utepgreenroof_2022_09_30_160024,utepgreenroof,utepgreenroof,2022-09-30T16:00:24,phenocam:utepgreenroof:2022-09-30,negative,train,images/train/phenocam-utepgreenroof_2022_09_30_160024.jpg,,public_v2,a08e5eb97451479db71e85dd717f8ff1a377f0cf2f6b299329bffd5094e2b77d,f06cf6d595637598626c6a8be7f038a399008b47004ad9a859f8a97c0a055c0c,fa9782440e3731b7,0,,accepted_negative,
phenocam-utepgreenroof_2022_09_30_180024,phenocam::utepgreenroof_2022_09_30_180024,phenocam,utepgreenroof_2022_09_30_180024,utepgreenroof,utepgreenroof,2022-09-30T18:00:24,phenocam:utepgreenroof:2022-09-30,negative,train,images/train/phenocam-utepgreenroof_2022_09_30_180024.jpg,,public_v2,d377b26aa16dd9ce15ab39307b8022c51ef8e86834360bb229cdf8bb80fc0a8c,acc8bc13749c988d1b1d5b1dc96034b980155242ea0f449f84e70eff7cb1d89d,ba87a097170f292f,0,,accepted_negative,
phenocam-vallesponderosapine_2021_06_01_080105,phenocam::vallesponderosapine_2021_06_01_080105,phenocam,vallesponderosapine_2021_06_01_080105,vallesponderosapine,vallesponderosapine,2021-06-01T08:01:05,phenocam:vallesponderosapine:2021-06-01,negative,train,images/train/phenocam-vallesponderosapine_2021_06_01_080105.jpg,,public_v2,f57a8f46763278ae427972b6a9873f6a354ade21173cbb93784a44dc0106a8ae,1a248e54781be0c90425a69e14d1acae26d784ffcfaddf4fe7328dd6b63ded2f,9f819c878d362d2d,0,,accepted_negative,
phenocam-vallesponderosapine_2021_06_29_223105,phenocam::vallesponderosapine_2021_06_29_223105,phenocam,vallesponderosapine_2021_06_29_223105,vallesponderosapine,vallesponderosapine,2021-06-29T22:31:05,phenocam:vallesponderosapine:2021-06-29,negative,train,images/train/phenocam-vallesponderosapine_2021_06_29_223105.jpg,,public_v2,08894399c9e6adf133c8efcca865c539cf4a55c2cb84f84a5dfe9691bb572260,35f4b7baf7664e4f0a34e615a20e014b85efbe1d87deebfc4d19641f7f3fa383,d8f8f8f8d8d8d0c0,0,,accepted_negative,
phenocam-vallesponderosapine_2021_06_30_190106,phenocam::vallesponderosapine_2021_06_30_190106,phenocam,vallesponderosapine_2021_06_30_190106,vallesponderosapine,vallesponderosapine,2021-06-30T19:01:06,phenocam:vallesponderosapine:2021-06-30,negative,train,images/train/phenocam-vallesponderosapine_2021_06_30_190106.jpg,,public_v2,7313cdb2f5fc6b8f11658ae74c302430719a65a1ea692625df4cd378a6e37c54,81fa926ec497af1c3ad742c4a21ac395c3ccbcb820e1a4c44bebac572075a187,97919d8d852c2c6f,0,,accepted_negative,
phenocam-vindeln2_2016_12_07_180000,phenocam::vindeln2_2016_12_07_180000,phenocam,vindeln2_2016_12_07_180000,vindeln2,vindeln2,2016-12-07T18:00:00,phenocam:vindeln2:2016-12-07,negative,val,images/val/phenocam-vindeln2_2016_12_07_180000.jpg,,public_v2,7feb3f91e505050ba4947aebe0cb395e9ba080cf4ede3a1d83bfc818fa772aa5,bd03606003117ed8226e6bd05d8689e61f09bc006ff89cd1630b19a0a09efb60,d33b92eb6815c478,0,,accepted_negative,
phenocam-vindeln2_2016_12_08_150000,phenocam::vindeln2_2016_12_08_150000,phenocam,vindeln2_2016_12_08_150000,vindeln2,vindeln2,2016-12-08T15:00:00,phenocam:vindeln2:2016-12-08,negative,val,images/val/phenocam-vindeln2_2016_12_08_150000.jpg,,public_v2,d82703fe29723d402c0bd3804baf34bf0073d49aa2b959c31dc9d2c66b554ff7,777c777a003fd9f7b823d93942e9ae566aa420f36277fce99014227429fa4816,fb3b93cb4844c46c,0,,accepted_negative,
phenocam-vindeln2_2016_12_13_090000,phenocam::vindeln2_2016_12_13_090000,phenocam,vindeln2_2016_12_13_090000,vindeln2,vindeln2,2016-12-13T09:00:00,phenocam:vindeln2:2016-12-13,negative,val,images/val/phenocam-vindeln2_2016_12_13_090000.jpg,,public_v2,8cd544debebab03b73a6fc43cfbc8ae8cb51ea0101c17b71d102c698b75c9c03,f28e62732063b53ce6ea87f430b5675b3329af9a94fd05c738b475e8cd4a94e7,bb3b9bea4c44c44c,0,,accepted_negative,
phenocam-vindeln2_2016_12_21_140000,phenocam::vindeln2_2016_12_21_140000,phenocam,vindeln2_2016_12_21_140000,vindeln2,vindeln2,2016-12-21T14:00:00,phenocam:vindeln2:2016-12-21,negative,val,images/val/phenocam-vindeln2_2016_12_21_140000.jpg,,public_v2,3cbea12b14eb18ebe62dd70b284c2d9fabf61f311d8305ea6abaae61cd676674,4d8a6498c6feefe8f530934c7a9143c5ad0090ac7c32af3c85c2bd0d0675b565,bb3b9beb4c44c444,0,,accepted_negative,
phenocam-vindeln2_2016_12_26_070000,phenocam::vindeln2_2016_12_26_070000,phenocam,vindeln2_2016_12_26_070000,vindeln2,vindeln2,2016-12-26T07:00:00,phenocam:vindeln2:2016-12-26,negative,val,images/val/phenocam-vindeln2_2016_12_26_070000.jpg,,public_v2,9e2cae134227ef21706754dc134b6f5dce263f64b280d03515e254ff02b11bfa,951b86bbaeb181ca308cd3676e0fdc1eb31406c95149325de0f5f888d7f6e75f,9b3b9aaacdc5c444,0,,accepted_negative,
phenocam-vindeln2_2016_12_30_140000,phenocam::vindeln2_2016_12_30_140000,phenocam,vindeln2_2016_12_30_140000,vindeln2,vindeln2,2016-12-30T14:00:00,phenocam:vindeln2:2016-12-30,negative,val,images/val/phenocam-vindeln2_2016_12_30_140000.jpg,,public_v2,52c461209de06a3d364e750c2ba6fdc51831ec58bc4df1b11d109520dd16bd8b,92a1b8985fc024b056ffc93f482bea8f6d5fef898efbfe8b55da73f8e4c69ef2,bb3b9bcbcc44c444,0,,accepted_negative,
phenocam-waahila_2015_12_11_011451,phenocam::waahila_2015_12_11_011451,phenocam,waahila_2015_12_11_011451,waahila,waahila,2015-12-11T01:14:51,phenocam:waahila:2015-12-11,positive,train,images/train/phenocam-waahila_2015_12_11_011451.jpg,labels/train/phenocam-waahila_2015_12_11_011451.txt,public_v2,0b817b616f87012a20f6f5cbf218be6064a2bcfe768270164510c03428127097,c3eb51f2957aa4dfc0885f3578aa1a6a38e6e5350b7f3da3b4324f0f7155e526,964ee7a5b172a494,1,person,complete,
phenocam-waahila_2015_12_13_065735,phenocam::waahila_2015_12_13_065735,phenocam,waahila_2015_12_13_065735,waahila,waahila,2015-12-13T06:57:35,phenocam:waahila:2015-12-13,negative,train,images/train/phenocam-waahila_2015_12_13_065735.jpg,,public_v2,a776e3e86151ca4b4e50225bc206eb981b6ed4884b27fb2a1201899cbee7c539,09c936ab741c52c6dea5d805735bf5011f2f510a402e751e9f9fe5666af663e0,aeccccccceccd8c0,0,,accepted_negative,
phenocam-waahila_2015_12_14_102906,phenocam::waahila_2015_12_14_102906,phenocam,waahila_2015_12_14_102906,waahila,waahila,2015-12-14T10:29:06,phenocam:waahila:2015-12-14,negative,train,images/train/phenocam-waahila_2015_12_14_102906.jpg,,public_v2,ac7c8a2f8f4f207ff6f9487e3a163802eb55dbb778dff5990f5dbb58f894aa43,77bb43ee2a8ed04ff37cb940e3582f1f8cc2b979e69b7918fade2f2dd16af455,af42c4483339b74f,0,,accepted_negative,
phenocam-waahila_2015_12_14_205906,phenocam::waahila_2015_12_14_205906,phenocam,waahila_2015_12_14_205906,waahila,waahila,2015-12-14T20:59:06,phenocam:waahila:2015-12-14,negative,train,images/train/phenocam-waahila_2015_12_14_205906.jpg,,public_v2,b6d2b791e6c32f08b044cda1240aeded4c2c5febb77671a9dde9c848bed31e80,0b416f0bd2ab00b8d3a9bb56e72d9ad05743c6b5ce0d43720465f19eb792c919,fcf8f8e8e8c8c8c0,0,,accepted_negative,
phenocam-willamettewheat_2016_07_04_190005,phenocam::willamettewheat_2016_07_04_190005,phenocam,willamettewheat_2016_07_04_190005,willamettewheat,willamettewheat,2016-07-04T19:00:05,phenocam:willamettewheat:2016-07-04,negative,train,images/train/phenocam-willamettewheat_2016_07_04_190005.jpg,,public_v2,b07c1179897835db67a384a567d74418b00e424fbb3152593ec157e5de5a16ab,308653a838c3a7640c395376d585b2741f094d731cd85cba0f8a458689b752d0,f7df00c10ef18f30,0,,accepted_negative,
phenocam-willamettewheat_2016_07_05_170005,phenocam::willamettewheat_2016_07_05_170005,phenocam,willamettewheat_2016_07_05_170005,willamettewheat,willamettewheat,2016-07-05T17:00:05,phenocam:willamettewheat:2016-07-05,negative,train,images/train/phenocam-willamettewheat_2016_07_05_170005.jpg,,public_v2,9741741796ebb701b68f6aaf3b3abe1f71ba69b294a2d316eb19653a3e8d1fc3,dc360804bc6506ba8bd7a986f65b5812b3138ed3e18abe5c38b5fe3ae3c4f439,f1ce36f30d708f20,0,,accepted_negative,
phenocam-willamettewheat_2016_07_06_123005,phenocam::willamettewheat_2016_07_06_123005,phenocam,willamettewheat_2016_07_06_123005,willamettewheat,willamettewheat,2016-07-06T12:30:05,phenocam:willamettewheat:2016-07-06,negative,train,images/train/phenocam-willamettewheat_2016_07_06_123005.jpg,,public_v2,28c75a5160ea6b7b0f5171561987a64a553d547a2771ab019cbb778302b383b0,3457951bd2e9ea7b117cc5df95c75afd05fd7c7e69d95dc1a8dd6e955b33fcf8,d14e20f70f708f74,0,,accepted_negative,
phenocam-willamettewheat_2016_07_08_153005,phenocam::willamettewheat_2016_07_08_153005,phenocam,willamettewheat_2016_07_08_153005,willamettewheat,willamettewheat,2016-07-08T15:30:05,phenocam:willamettewheat:2016-07-08,negative,train,images/train/phenocam-willamettewheat_2016_07_08_153005.jpg,,public_v2,ac669c03ae3484a58a64173b5c54066c6377f1b97113db0e449bfbe65d5fdfbe,cae39a0c7695894202f0bcb15fc67d523800eadee51ebf208fdbb88789e052bf,93b2a6af0f0f0636,0,,accepted_negative,
phenocam-willamettewheat_2016_07_09_090006,phenocam::willamettewheat_2016_07_09_090006,phenocam,willamettewheat_2016_07_09_090006,willamettewheat,willamettewheat,2016-07-09T09:00:06,phenocam:willamettewheat:2016-07-09,negative,train,images/train/phenocam-willamettewheat_2016_07_09_090006.jpg,,public_v2,98bec68560c8b58e408957266c0ce843011d157de1452102128a01df26d5f9d0,13892252cd4ea282368b986bad115e861a290552cf8befa657d6696020d56cb5,d5f00b8c8fce0e36,0,,accepted_negative,
phenocam-willamettewheat_2016_07_11_043006,phenocam::willamettewheat_2016_07_11_043006,phenocam,willamettewheat_2016_07_11_043006,willamettewheat,willamettewheat,2016-07-11T04:30:06,phenocam:willamettewheat:2016-07-11,negative,train,images/train/phenocam-willamettewheat_2016_07_11_043006.jpg,,public_v2,42d258427cd58c0c2986671b19e45af08b74a1b6f935eb363ca566bff8180a84,0e5d843686cb6a8759f2ed3c7029d2979611d8d07cfc035f8915b902e4698e3a,d8f8f8f8d8c8c8c8,0,,accepted_negative,
phenocam-willowcreek_2023_01_30_125605,phenocam::willowcreek_2023_01_30_125605,phenocam,willowcreek_2023_01_30_125605,willowcreek,willowcreek,2023-01-30T12:56:05,phenocam:willowcreek:2023-01-30,negative,val,images/val/phenocam-willowcreek_2023_01_30_125605.jpg,,public_v2,790270dbe6491bcfb6e537247fe1de4fad9fef1e2f5b75db0392ad0185cebe1c,4ac16fdbf5ae4dd2b5d7dcf192f16ffec019741cee790a4665e9fef3c553605a,84b38693061b3f3f,0,,accepted_negative,
phenocam-willowcreek_2023_01_31_142605,phenocam::willowcreek_2023_01_31_142605,phenocam,willowcreek_2023_01_31_142605,willowcreek,willowcreek,2023-01-31T14:26:05,phenocam:willowcreek:2023-01-31,negative,val,images/val/phenocam-willowcreek_2023_01_31_142605.jpg,,public_v2,2db2b173eb4c56eaa7a395cff4707cf1ddf49ffbffc24bd37dda1f54f5438f94,85b49190d05436e5a980dc2d4996ec00648f28fac22a1f0b2a2d36d528dbec20,8ba68fb706171726,0,,accepted_negative,
phenocam-woodshole_2011_04_14_165603,phenocam::woodshole_2011_04_14_165603,phenocam,woodshole_2011_04_14_165603,woodshole,woodshole,2011-04-14T16:56:03,phenocam:woodshole:2011-04-14,negative,train,images/train/phenocam-woodshole_2011_04_14_165603.jpg,,public_v2,d1341002bff44b1a29132cfb261de4385c33332c5fa1af161a3289ce117bda36,3356cf4e52e088b119e0e1fa74219f7601928808b2fea7a422477d04fa9ab2e2,f7c833c47ee90c05,0,,accepted_negative,
phenocam-woodshole_2011_04_17_072410,phenocam::woodshole_2011_04_17_072410,phenocam,woodshole_2011_04_17_072410,woodshole,woodshole,2011-04-17T07:24:10,phenocam:woodshole:2011-04-17,negative,train,images/train/phenocam-woodshole_2011_04_17_072410.jpg,,public_v2,90f8a2e0588a5223fda316ba789a5f36369bd602b84b49328cd2b585e60d5dfd,61a0bfa4cc843733ca335a6d4d8f4a07cd457f71fc1309f18ac6ddb59e3e04c6,c8c5eadeca4a4e2a,0,,accepted_negative,
phenocam-woodshole_2011_04_18_100001,phenocam::woodshole_2011_04_18_100001,phenocam,woodshole_2011_04_18_100001,woodshole,woodshole,2011-04-18T10:00:01,phenocam:woodshole:2011-04-18,negative,train,images/train/phenocam-woodshole_2011_04_18_100001.jpg,,public_v2,4c80795ad9e071db0d5ffce162e4b6a8008d0c2cc4337eef2d3783a54e81ff7a,19700816dca71e7002323fa2b99ed87804e88974c43ad61eed4ec919f7ffd438,dbc466c66a485d4e,0,,accepted_negative,
phenocam-woodshole_2011_04_19_190001,phenocam::woodshole_2011_04_19_190001,phenocam,woodshole_2011_04_19_190001,woodshole,woodshole,2011-04-19T19:00:01,phenocam:woodshole:2011-04-19,negative,train,images/train/phenocam-woodshole_2011_04_19_190001.jpg,,public_v2,29464a98bfb114c1540e9d0802b90cea243ccf04c8083c173a3a587ec635f2e8,cd0ed39d50e3cb884f67b59a8dacda75309f0807ed62b2cc648584a82c0bd3a4,eec4e6c6c6c6c4c2,0,,accepted_negative,
bitterootvalley--2002-07-01T090000--2fe29c45fadf,phenocam::bitterootvalley_2002_07_01_090000,phenocam,bitterootvalley_2002_07_01_090000,bitterootvalley,bitterootvalley,2002-07-01T09:00:00,phenocam:bitterootvalley:2002-07-01,positive,train,images/train/bitterootvalley--2002-07-01T090000--2fe29c45fadf.jpg,labels/train/bitterootvalley--2002-07-01T090000--2fe29c45fadf.txt,public_teacher_reviewed,2fe29c45fadf2ce6ece5108f228a5777b765ab246f710f0793b09bd1052613bf,8e0a0e4bca4ce141eea53189171749d9401236a4a37d41f55a6644c4a7dbd126,e097891be1f3887c,2,car,positive,11
bitterootvalley--2002-07-02T120000--ffcc5b8cdd90,phenocam::bitterootvalley_2002_07_02_120000,phenocam,bitterootvalley_2002_07_02_120000,bitterootvalley,bitterootvalley,2002-07-02T12:00:00,phenocam:bitterootvalley:2002-07-02,positive,train,images/train/bitterootvalley--2002-07-02T120000--ffcc5b8cdd90.jpg,labels/train/bitterootvalley--2002-07-02T120000--ffcc5b8cdd90.txt,public_teacher_reviewed,ffcc5b8cdd9024e4952173c93ea996142cb8620fa439879d0c8845d33092b5c7,b18e28558e4b386189fe565a59fac5afa304da1fd92b82a088d89887d32560bd,e09f007be6b7815c,4,car;truck,positive,11
bitterootvalley--2002-07-03T150000--4a658a182270,phenocam::bitterootvalley_2002_07_03_150000,phenocam,bitterootvalley_2002_07_03_150000,bitterootvalley,bitterootvalley,2002-07-03T15:00:00,phenocam:bitterootvalley:2002-07-03,positive,train,images/train/bitterootvalley--2002-07-03T150000--4a658a182270.jpg,labels/train/bitterootvalley--2002-07-03T150000--4a658a182270.txt,public_teacher_reviewed,4a658a18227041fb06eef5611ead7f27d2f63f4caa6211172ffd268013ef373f,8b3e973e556120239a071a7ed695b37b0b14c9085dc2e35fc1f281b26d913fca,e1de087966b48b5c,4,car;truck,positive,11
bitterootvalley--2002-07-05T150000--9411a1b8291f,phenocam::bitterootvalley_2002_07_05_150000,phenocam,bitterootvalley_2002_07_05_150000,bitterootvalley,bitterootvalley,2002-07-05T15:00:00,phenocam:bitterootvalley:2002-07-05,positive,train,images/train/bitterootvalley--2002-07-05T150000--9411a1b8291f.jpg,labels/train/bitterootvalley--2002-07-05T150000--9411a1b8291f.txt,public_teacher_reviewed,9411a1b8291fead4adb70bd1020ebcd36c86bd42ab0723fd570faac83ccd8d8e,6ef1cea03de72ef229c54ac5d2e72c4cf6f044aec54e0bae3791197e6ca5107f,e1de0079e6b1875c,2,car,positive,11
bitterootvalley--2002-07-08T090000--078938870d0f,phenocam::bitterootvalley_2002_07_08_090000,phenocam,bitterootvalley_2002_07_08_090000,bitterootvalley,bitterootvalley,2002-07-08T09:00:00,phenocam:bitterootvalley:2002-07-08,positive,train,images/train/bitterootvalley--2002-07-08T090000--078938870d0f.jpg,labels/train/bitterootvalley--2002-07-08T090000--078938870d0f.txt,public_teacher_reviewed,078938870d0f9f4d95217fa4c5e56fde7a436e082964249d25c698867b98fbe6,42d975203fed87f5cfc1abfbd67197d6e41f0f17a16acf4e777c50a1dee35219,e1d60879e6a6891f,3,car,positive,11
bitterootvalley--2002-07-09T150000--fad2addf29fe,phenocam::bitterootvalley_2002_07_09_150000,phenocam,bitterootvalley_2002_07_09_150000,bitterootvalley,bitterootvalley,2002-07-09T15:00:00,phenocam:bitterootvalley:2002-07-09,positive,train,images/train/bitterootvalley--2002-07-09T150000--fad2addf29fe.jpg,labels/train/bitterootvalley--2002-07-09T150000--fad2addf29fe.txt,public_teacher_reviewed,fad2addf29feb380cbfe1dbd116ba9e6a95e05734c4819eda78b94a3fa3cf883,f5f089c039b375dce4197689f25fa3427c1c7956823e89d3ba06a63e058c6099,e1de0079e6f8835c,3,car,positive,11
bitterootvalley--2002-07-10T120000--45b7626d4e9c,phenocam::bitterootvalley_2002_07_10_120000,phenocam,bitterootvalley_2002_07_10_120000,bitterootvalley,bitterootvalley,2002-07-10T12:00:00,phenocam:bitterootvalley:2002-07-10,positive,train,images/train/bitterootvalley--2002-07-10T120000--45b7626d4e9c.jpg,labels/train/bitterootvalley--2002-07-10T120000--45b7626d4e9c.txt,public_teacher_reviewed,45b7626d4e9cbc4593f71d49e90e0f300596836c6cb36d825818fc3f96c22fdd,8823795f29b75724e05ee85e2f0eaad159406fffa60ce724bf99965115519ba4,e09f087be6b3815c,3,car;truck,positive,11
bitterootvalley--2002-07-11T090000--42ff8c04808f,phenocam::bitterootvalley_2002_07_11_090000,phenocam,bitterootvalley_2002_07_11_090000,bitterootvalley,bitterootvalley,2002-07-11T09:00:00,phenocam:bitterootvalley:2002-07-11,positive,train,images/train/bitterootvalley--2002-07-11T090000--42ff8c04808f.jpg,labels/train/bitterootvalley--2002-07-11T090000--42ff8c04808f.txt,public_teacher_reviewed,42ff8c04808f31558c9304f014f7457db78b858772bc2175c4005b466000f398,adc742aba3713d046415a4fbfb4cde9b17e114887645899ea7391771759756c2,e197087bca36895e,1,truck,positive,11
borgocioffinorth--2017-06-04T075159--0be9ec916c47,phenocam::borgocioffinorth_2017_06_04_075159,phenocam,borgocioffinorth_2017_06_04_075159,borgocioffinorth,borgocioffinorth,2017-06-04T07:51:59,phenocam:borgocioffinorth:2017-06-04,positive,train,images/train/borgocioffinorth--2017-06-04T075159--0be9ec916c47.jpg,labels/train/borgocioffinorth--2017-06-04T075159--0be9ec916c47.txt,public_teacher_reviewed,0be9ec916c4710b42093554321c6e00c36ebb645c5893c7bebeb550dc907a205,e2f9ec17ac3f811aff66c00a11c34667d9ffe944404714453588adc51a23782f,95ad928c52652d3f,1,truck,positive,11
nationalcapital--2017-06-05T080036--f39797a40f5a,phenocam::nationalcapital_2017_06_05_080036,phenocam,nationalcapital_2017_06_05_080036,nationalcapital,nationalcapital,2017-06-05T08:00:36,phenocam:nationalcapital:2017-06-05,positive,train,images/train/nationalcapital--2017-06-05T080036--f39797a40f5a.jpg,labels/train/nationalcapital--2017-06-05T080036--f39797a40f5a.txt,public_teacher_reviewed,f39797a40f5af9771804970ebd89be9a690e8a6dedfdfe54db5b582766550a6e,f7bcf9432694f530cd12c504941c7b34ccf346716225167627b6f46137b87661,94a3156c97e31c76,11,car;truck,positive,11
nationalcapital--2017-06-07T180107--6e4358584152,phenocam::nationalcapital_2017_06_07_180107,phenocam,nationalcapital_2017_06_07_180107,nationalcapital,nationalcapital,2017-06-07T18:01:07,phenocam:nationalcapital:2017-06-07,positive,train,images/train/nationalcapital--2017-06-07T180107--6e4358584152.jpg,labels/train/nationalcapital--2017-06-07T180107--6e4358584152.txt,public_teacher_reviewed,6e4358584152fca80565d6eae10fb920a817ae4207310e8b6a0d7e8a394d8c52,22c7c1bd0a18e73894cceff26490483532dd19268b9140c9efd75e430bdfd264,d4e3332c97a30c73,9,car,positive,11
nationalcapital--2017-06-08T170109--996bd4c06e45,phenocam::nationalcapital_2017_06_08_170109,phenocam,nationalcapital_2017_06_08_170109,nationalcapital,nationalcapital,2017-06-08T17:01:09,phenocam:nationalcapital:2017-06-08,positive,train,images/train/nationalcapital--2017-06-08T170109--996bd4c06e45.jpg,labels/train/nationalcapital--2017-06-08T170109--996bd4c06e45.txt,public_teacher_reviewed,996bd4c06e4539eae2e9f6e9beda6d9d9a8f267bafc10d3efa9d85517dc90ab1,c0d85bc39edff54a99b4a33b2701e1312d00030ce70c9446c381201628023505,d4eb156c97a31c68,16,car,positive,11
nationalcapital--2017-06-15T070028--4a0440a4f6fb,phenocam::nationalcapital_2017_06_15_070028,phenocam,nationalcapital_2017_06_15_070028,nationalcapital,nationalcapital,2017-06-15T07:00:28,phenocam:nationalcapital:2017-06-15,positive,train,images/train/nationalcapital--2017-06-15T070028--4a0440a4f6fb.jpg,labels/train/nationalcapital--2017-06-15T070028--4a0440a4f6fb.txt,public_teacher_reviewed,4a0440a4f6fb3255da5b5c322fd36e7a06e4f79255bab89053a8e7cf046e55cd,2b6697c8f071d018a910c882a9341292bbb03a9ea0b5010153becfea6c5f530c,d4e3734897a10c3f,10,car;truck,positive,11
nationalcapital--2017-06-17T120104--58d665c854f0,phenocam::nationalcapital_2017_06_17_120104,phenocam,nationalcapital_2017_06_17_120104,nationalcapital,nationalcapital,2017-06-17T12:01:04,phenocam:nationalcapital:2017-06-17,positive,train,images/train/nationalcapital--2017-06-17T120104--58d665c854f0.jpg,labels/train/nationalcapital--2017-06-17T120104--58d665c854f0.txt,public_teacher_reviewed,58d665c854f054726ecf19162efc1921f53e705ed3fa792415e47f13e3e5903c,7f8c65e09bc1bda6429aa50e9476f6f3a94ac381c06050418e168452bc7633b0,d4eb166c96e01c6d,17,car;truck,positive,11
nationalcapital--2017-06-19T170116--d483709c89f3,phenocam::nationalcapital_2017_06_19_170116,phenocam,nationalcapital_2017_06_19_170116,nationalcapital,nationalcapital,2017-06-19T17:01:16,phenocam:nationalcapital:2017-06-19,positive,train,images/train/nationalcapital--2017-06-19T170116--d483709c89f3.jpg,labels/train/nationalcapital--2017-06-19T170116--d483709c89f3.txt,public_teacher_reviewed,d483709c89f341fb55ae1b10d071a4ec06093f0f2a16c3196dd3f96b9583ab33,78d970da479d0068e6747b28d238fc7612b8ea36d01acf687625f386abd3f6a5,9ca3174c97e24c67,6,car;truck,positive,11
nationalcapital--2017-06-20T190108--905e44f42d75,phenocam::nationalcapital_2017_06_20_190108,phenocam,nationalcapital_2017_06_20_190108,nationalcapital,nationalcapital,2017-06-20T19:01:08,phenocam:nationalcapital:2017-06-20,positive,train,images/train/nationalcapital--2017-06-20T190108--905e44f42d75.jpg,labels/train/nationalcapital--2017-06-20T190108--905e44f42d75.txt,public_teacher_reviewed,905e44f42d75db86a0cd536c210b6c1b2a0e9742df29fd27ec40b13e0f397b27,fa3743f96df02bceba1dafa57a95d03289ac4838ed3bca67fc944bc59cb854d9,94c3733c87e30c7c,2,bus;car,positive,11
nationalcapital--2017-06-28T190057--06b703f25fe7,phenocam::nationalcapital_2017_06_28_190057,phenocam,nationalcapital_2017_06_28_190057,nationalcapital,nationalcapital,2017-06-28T19:00:57,phenocam:nationalcapital:2017-06-28,positive,train,images/train/nationalcapital--2017-06-28T190057--06b703f25fe7.jpg,labels/train/nationalcapital--2017-06-28T190057--06b703f25fe7.txt,public_teacher_reviewed,06b703f25fe7739f7a9657670d2bce11cb3bf8df5164f5f85fd03ad5f4c9bf7c,3c41b273c79ac2c9b987af5c27765b6745b7dfdb987a38c5a2cfc02c5b25b458,94a3134c97e31c6f,9,car,positive,11
snodgrass5--2023-02-12T100138--9a25d6a84c6c,phenocam::snodgrass5_2023_02_12_100138,phenocam,snodgrass5_2023_02_12_100138,snodgrass5,snodgrass5,2023-02-12T10:01:38,phenocam:snodgrass5:2023-02-12,positive,train,images/train/snodgrass5--2023-02-12T100138--9a25d6a84c6c.jpg,labels/train/snodgrass5--2023-02-12T100138--9a25d6a84c6c.txt,public_teacher_reviewed,9a25d6a84c6c6a7369d8c89818e64fedd541cdf402ca4af99a709135650eb353,5aa3a5cdf5bd0de30b3a6d3bdf46e60e493ea53e1c8fec1ed0031dc2e2206733,9090c4e667179f1f,1,person,positive,11
bitterootvalley--2002-07-14T120000--d01b393047fe,phenocam::bitterootvalley_2002_07_14_120000,phenocam,bitterootvalley_2002_07_14_120000,bitterootvalley,bitterootvalley,2002-07-14T12:00:00,phenocam:bitterootvalley:2002-07-14,positive,train,images/train/bitterootvalley--2002-07-14T120000--d01b393047fe.jpg,labels/train/bitterootvalley--2002-07-14T120000--d01b393047fe.txt,public_v4_train_review,d01b393047fe274f54630ec4ce14a37d692d34ef1945d6684076b3e4a361ee5a,f80ba19f3381206c497229667360898a94fd3e03ff9dde277f31ea3c4f484f22,e1df0873c6b18956,2,car;truck,positive,14
borgocioffinorth--2017-06-16T120626--55b4ea0ca8f1,phenocam::borgocioffinorth_2017_06_16_120626,phenocam,borgocioffinorth_2017_06_16_120626,borgocioffinorth,borgocioffinorth,2017-06-16T12:06:26,phenocam:borgocioffinorth:2017-06-16,positive,train,images/train/borgocioffinorth--2017-06-16T120626--55b4ea0ca8f1.jpg,labels/train/borgocioffinorth--2017-06-16T120626--55b4ea0ca8f1.txt,public_v4_train_review,55b4ea0ca8f18068ce6634f2239b1d2cf8f25b0ad2828db06c3a7a7fdfcdb029,7d81a16abe60dbffdd8b04bb242b95e4184f8d850649708ba3f5e0d83bf47458,d5aad5c4cb442b3a,1,truck,positive,14
bartlettir--2009-05-06T122934--84d4fda46254,phenocam::bartlettir_2009_05_06_122934,phenocam,bartlettir_2009_05_06_122934,bartlettir,bartlettir,2009-05-06T12:29:34,phenocam:bartlettir:2009-05-06,positive,train,images/train/bartlettir--2009-05-06T122934--84d4fda46254.jpg,labels/train/bartlettir--2009-05-06T122934--84d4fda46254.txt,public_v4_train_review,84d4fda46254ab69f1a54ca71ee2de96d04dab42ea6144385eeba994f5a2a46d,9048e8454f9811d01c8beb111307dfad96b2bdf8ed59edf98e446e025c93014a,8ab1b78e9591951d,1,car,positive,14
nwohiocrop--2013-04-27T110312--f52b2f8b04a4,phenocam::nwohiocrop_2013_04_27_110312,phenocam,nwohiocrop_2013_04_27_110312,nwohiocrop,nwohiocrop,2013-04-27T11:03:12,phenocam:nwohiocrop:2013-04-27,negative,val,images/val/nwohiocrop--2013-04-27T110312--f52b2f8b04a4.jpg,,public_v4_validation_review,f52b2f8b04a4b8caeec67fdac3e0e2afc645b84578f6401057196bb8636e9c8b,cfba0b68ee6b4194d5c90101e02e4a562c0ff1f076d207641887c81e9ed74eaa,80ba9eba989a9d9a,0,,confirmed_negative,15
marena--2018-06-04T120002--05718099f16b,phenocam::marena_2018_06_04_120002,phenocam,marena_2018_06_04_120002,marena,marena,2018-06-04T12:00:02,phenocam:marena:2018-06-04,negative,val,images/val/marena--2018-06-04T120002--05718099f16b.jpg,,public_v4_validation_review,05718099f16b514c5cfcfcdab052e1359c37361d83d4011e35551bca6142d975,93a9390814f27f3c4afd0306dd43fa722675ace91fbb1d22d605bfb1c5e165f0,81a3a3b3a1939b97,0,,confirmed_negative,15
nwohiocrop--2013-04-01T110312--5143fad50eff,phenocam::nwohiocrop_2013_04_01_110312,phenocam,nwohiocrop_2013_04_01_110312,nwohiocrop,nwohiocrop,2013-04-01T11:03:12,phenocam:nwohiocrop:2013-04-01,negative,val,images/val/nwohiocrop--2013-04-01T110312--5143fad50eff.jpg,,public_v4_validation_review,5143fad50eff6d7bebebd727445feb287758baf6271cf2e9c9f89c6d31fa3be1,7e1452bbc986cc936655de2ca15dd9947d28f664f8babbab615e62aa668da75e,90ba9ab89cba9999,0,,confirmed_negative,15
